ISO-10303-21;
HEADER;
FILE_DESCRIPTION(('Open CASCADE Model'),'2;1');
FILE_NAME('Open CASCADE Shape Model','2026-10-01T11:20:22',('Author'),(
    'Open CASCADE'),'Open CASCADE STEP processor 8.0','build123d',
  'Unknown');
FILE_SCHEMA(('AUTOMOTIVE_DESIGN { 1 0 10303 214 1 1 1 1 }'));
ENDSEC;
DATA;
#1 = APPLICATION_PROTOCOL_DEFINITION('international standard',
  'automotive_design',2000,#2);
#2 = APPLICATION_CONTEXT(
  'core data for automotive mechanical design processes');
#3 = SHAPE_DEFINITION_REPRESENTATION(#4,#10);
#4 = PRODUCT_DEFINITION_SHAPE('','',#5);
#5 = PRODUCT_DEFINITION('design','',#6,#9);
#6 = PRODUCT_DEFINITION_FORMATION('','',#7);
#7 = PRODUCT('COMPOUND','COMPOUND','',(#8));
#8 = PRODUCT_CONTEXT('',#2,'mechanical');
#9 = PRODUCT_DEFINITION_CONTEXT('part definition',#2,'design');
#10 = SHAPE_REPRESENTATION('',(#11,#15,#19,#23,#27,#31,#35,#39,#43,#47,
    #51),#55);
#11 = AXIS2_PLACEMENT_3D('',#12,#13,#14);
#12 = CARTESIAN_POINT('',(0.,0.,0.));
#13 = DIRECTION('',(0.,0.,1.));
#14 = DIRECTION('',(1.,0.,-0.));
#15 = AXIS2_PLACEMENT_3D('',#16,#17,#18);
#16 = CARTESIAN_POINT('',(0.,0.,0.));
#17 = DIRECTION('',(0.,0.,1.));
#18 = DIRECTION('',(1.,0.,-0.));
#19 = AXIS2_PLACEMENT_3D('',#20,#21,#22);
#20 = CARTESIAN_POINT('',(0.,0.,0.));
#21 = DIRECTION('',(0.,0.,1.));
#22 = DIRECTION('',(1.,0.,-0.));
#23 = AXIS2_PLACEMENT_3D('',#24,#25,#26);
#24 = CARTESIAN_POINT('',(0.,0.,40.));
#25 = DIRECTION('',(0.,0.,1.));
#26 = DIRECTION('',(1.,0.,-0.));
#27 = AXIS2_PLACEMENT_3D('',#28,#29,#30);
#28 = CARTESIAN_POINT('',(0.,0.,0.));
#29 = DIRECTION('',(0.,0.,1.));
#30 = DIRECTION('',(1.,0.,-0.));
#31 = AXIS2_PLACEMENT_3D('',#32,#33,#34);
#32 = CARTESIAN_POINT('',(0.,0.,0.));
#33 = DIRECTION('',(0.,0.,1.));
#34 = DIRECTION('',(1.,0.,-0.));
#35 = AXIS2_PLACEMENT_3D('',#36,#37,#38);
#36 = CARTESIAN_POINT('',(0.,0.,0.));
#37 = DIRECTION('',(0.,0.,1.));
#38 = DIRECTION('',(1.,0.,-0.));
#39 = AXIS2_PLACEMENT_3D('',#40,#41,#42);
#40 = CARTESIAN_POINT('',(0.,0.,0.));
#41 = DIRECTION('',(0.,0.,1.));
#42 = DIRECTION('',(1.,0.,-0.));
#43 = AXIS2_PLACEMENT_3D('',#44,#45,#46);
#44 = CARTESIAN_POINT('',(0.,0.,0.));
#45 = DIRECTION('',(0.,0.,1.));
#46 = DIRECTION('',(1.,0.,-0.));
#47 = AXIS2_PLACEMENT_3D('',#48,#49,#50);
#48 = CARTESIAN_POINT('',(0.,0.,0.));
#49 = DIRECTION('',(0.,0.,1.));
#50 = DIRECTION('',(1.,0.,-0.));
#51 = AXIS2_PLACEMENT_3D('',#52,#53,#54);
#52 = CARTESIAN_POINT('',(0.,0.,0.));
#53 = DIRECTION('',(0.,0.,1.));
#54 = DIRECTION('',(1.,0.,-0.));
#55 = ( GEOMETRIC_REPRESENTATION_CONTEXT(3) 
GLOBAL_UNCERTAINTY_ASSIGNED_CONTEXT((#59)) GLOBAL_UNIT_ASSIGNED_CONTEXT(
(#56,#57,#58)) REPRESENTATION_CONTEXT('Context #1',
  '3D Context with UNIT and UNCERTAINTY') );
#56 = ( LENGTH_UNIT() NAMED_UNIT(*) SI_UNIT(.MILLI.,.METRE.) );
#57 = ( NAMED_UNIT(*) PLANE_ANGLE_UNIT() SI_UNIT($,.RADIAN.) );
#58 = ( NAMED_UNIT(*) SI_UNIT($,.STERADIAN.) SOLID_ANGLE_UNIT() );
#59 = UNCERTAINTY_MEASURE_WITH_UNIT(LENGTH_MEASURE(1.E-07),#56,
  'distance_accuracy_value','confusion accuracy');
#60 = PRODUCT_RELATED_PRODUCT_CATEGORY('part',$,(#7));
#61 = SHAPE_DEFINITION_REPRESENTATION(#62,#68);
#62 = PRODUCT_DEFINITION_SHAPE('','',#63);
#63 = PRODUCT_DEFINITION('design','',#64,#67);
#64 = PRODUCT_DEFINITION_FORMATION('','',#65);
#65 = PRODUCT('COMPOUND','COMPOUND','',(#66));
#66 = PRODUCT_CONTEXT('',#2,'mechanical');
#67 = PRODUCT_DEFINITION_CONTEXT('part definition',#2,'design');
#68 = ADVANCED_BREP_SHAPE_REPRESENTATION('',(#11,#69),#1345);
#69 = MANIFOLD_SOLID_BREP('',#70);
#70 = CLOSED_SHELL('',(#71,#676,#732,#767,#797,#832,#1142,#1197,#1253,
    #1288,#1318));
#71 = ADVANCED_FACE('',(#72),#86,.T.);
#72 = FACE_BOUND('',#73,.T.);
#73 = EDGE_LOOP('',(#74,#104,#131,#132,#382,#405,#432,#433));
#74 = ORIENTED_EDGE('',*,*,#75,.T.);
#75 = EDGE_CURVE('',#76,#78,#80,.T.);
#76 = VERTEX_POINT('',#77);
#77 = CARTESIAN_POINT('',(32.5,-7.960204194458E-15,177.));
#78 = VERTEX_POINT('',#79);
#79 = CARTESIAN_POINT('',(32.5,-7.960204194458E-15,265.));
#80 = SEAM_CURVE('',#81,(#85,#97),.PCURVE_S1.);
#81 = LINE('',#82,#83);
#82 = CARTESIAN_POINT('',(32.5,-7.960204194458E-15,61.));
#83 = VECTOR('',#84,1.);
#84 = DIRECTION('',(0.,0.,1.));
#85 = PCURVE('',#86,#91);
#86 = CYLINDRICAL_SURFACE('',#87,32.5);
#87 = AXIS2_PLACEMENT_3D('',#88,#89,#90);
#88 = CARTESIAN_POINT('',(0.,0.,61.));
#89 = DIRECTION('',(0.,0.,1.));
#90 = DIRECTION('',(1.,0.,-0.));
#91 = DEFINITIONAL_REPRESENTATION('',(#92),#96);
#92 = LINE('',#93,#94);
#93 = CARTESIAN_POINT('',(6.28318530718,-0.));
#94 = VECTOR('',#95,1.);
#95 = DIRECTION('',(0.,1.));
#96 = ( GEOMETRIC_REPRESENTATION_CONTEXT(2) 
PARAMETRIC_REPRESENTATION_CONTEXT() REPRESENTATION_CONTEXT('2D SPACE',''
  ) );
#97 = PCURVE('',#86,#98);
#98 = DEFINITIONAL_REPRESENTATION('',(#99),#103);
#99 = LINE('',#100,#101);
#100 = CARTESIAN_POINT('',(0.,-0.));
#101 = VECTOR('',#102,1.);
#102 = DIRECTION('',(0.,1.));
#103 = ( GEOMETRIC_REPRESENTATION_CONTEXT(2) 
PARAMETRIC_REPRESENTATION_CONTEXT() REPRESENTATION_CONTEXT('2D SPACE',''
  ) );
#104 = ORIENTED_EDGE('',*,*,#105,.F.);
#105 = EDGE_CURVE('',#78,#78,#106,.T.);
#106 = SURFACE_CURVE('',#107,(#112,#119),.PCURVE_S1.);
#107 = CIRCLE('',#108,32.5);
#108 = AXIS2_PLACEMENT_3D('',#109,#110,#111);
#109 = CARTESIAN_POINT('',(0.,0.,265.));
#110 = DIRECTION('',(0.,0.,1.));
#111 = DIRECTION('',(1.,0.,-0.));
#112 = PCURVE('',#86,#113);
#113 = DEFINITIONAL_REPRESENTATION('',(#114),#118);
#114 = LINE('',#115,#116);
#115 = CARTESIAN_POINT('',(0.,204.));
#116 = VECTOR('',#117,1.);
#117 = DIRECTION('',(1.,0.));
#118 = ( GEOMETRIC_REPRESENTATION_CONTEXT(2) 
PARAMETRIC_REPRESENTATION_CONTEXT() REPRESENTATION_CONTEXT('2D SPACE',''
  ) );
#119 = PCURVE('',#120,#125);
#120 = PLANE('',#121);
#121 = AXIS2_PLACEMENT_3D('',#122,#123,#124);
#122 = CARTESIAN_POINT('',(0.,0.,265.));
#123 = DIRECTION('',(0.,0.,1.));
#124 = DIRECTION('',(1.,0.,-0.));
#125 = DEFINITIONAL_REPRESENTATION('',(#126),#130);
#126 = CIRCLE('',#127,32.5);
#127 = AXIS2_PLACEMENT_2D('',#128,#129);
#128 = CARTESIAN_POINT('',(0.,0.));
#129 = DIRECTION('',(1.,0.));
#130 = ( GEOMETRIC_REPRESENTATION_CONTEXT(2) 
PARAMETRIC_REPRESENTATION_CONTEXT() REPRESENTATION_CONTEXT('2D SPACE',''
  ) );
#131 = ORIENTED_EDGE('',*,*,#75,.F.);
#132 = ORIENTED_EDGE('',*,*,#133,.F.);
#133 = EDGE_CURVE('',#134,#76,#136,.T.);
#134 = VERTEX_POINT('',#135);
#135 = CARTESIAN_POINT('',(32.5,-5.327213576291E-15,155.));
#136 = SURFACE_CURVE('',#137,(#215,#296),.PCURVE_S1.);
#137 = B_SPLINE_CURVE_WITH_KNOTS('',6,(#138,#139,#140,#141,#142,#143,
    #144,#145,#146,#147,#148,#149,#150,#151,#152,#153,#154,#155,#156,
    #157,#158,#159,#160,#161,#162,#163,#164,#165,#166,#167,#168,#169,
    #170,#171,#172,#173,#174,#175,#176,#177,#178,#179,#180,#181,#182,
    #183,#184,#185,#186,#187,#188,#189,#190,#191,#192,#193,#194,#195,
    #196,#197,#198,#199,#200,#201,#202,#203,#204,#205,#206,#207,#208,
    #209,#210,#211,#212,#213,#214),.UNSPECIFIED.,.F.,.F.,(7,5,5,5,5,5,5,
    5,5,5,5,5,5,5,5,7),(0.,8.239865908667E-02,0.132741805282,
    0.200637966647,0.257997320432,0.307409316456,0.350539175717,
    0.38535394983,0.499820346903,0.647183754598,0.690006364997,
    0.740013028832,0.79750394746,0.866273808289,0.919169046363,1.),
  .UNSPECIFIED.);
#138 = CARTESIAN_POINT('',(32.5,-1.347111479062E-15,155.));
#139 = CARTESIAN_POINT('',(32.5,0.583606169827,155.));
#140 = CARTESIAN_POINT('',(32.487424185916,1.165960695119,
    155.03715605466));
#141 = CARTESIAN_POINT('',(32.462373405764,1.7416924272,155.11116861307)
  );
#142 = CARTESIAN_POINT('',(32.425684506921,2.305496873904,
    155.22040379753));
#143 = CARTESIAN_POINT('',(32.378899415019,2.852334119908,
    155.36191568588));
#144 = CARTESIAN_POINT('',(32.290475818119,3.698553028612,155.6349420687
    ));
#145 = CARTESIAN_POINT('',(32.253872649924,4.011854497181,
    155.74906211205));
#146 = CARTESIAN_POINT('',(32.21456775734,4.317145612632,155.87305095881
    ));
#147 = CARTESIAN_POINT('',(32.172939767081,4.614094300469,
    156.00619253803));
#148 = CARTESIAN_POINT('',(32.129370736586,4.902414272533,
    156.14775662972));
#149 = CARTESIAN_POINT('',(32.023367090081,5.558750606178,
    156.49827140931));
#150 = CARTESIAN_POINT('',(31.959639139171,5.919578026434,
    156.71354742095));
#151 = CARTESIAN_POINT('',(31.893876494068,6.264360877507,156.9413322618
    ));
#152 = CARTESIAN_POINT('',(31.826833963817,6.593203302829,
    157.18028837639));
#153 = CARTESIAN_POINT('',(31.759194575043,6.906276129725,
    157.42921603276));
#154 = CARTESIAN_POINT('',(31.634432924399,7.455138648683,
    157.90484570141));
#155 = CARTESIAN_POINT('',(31.577294904709,7.695438043984,
    158.12905016066));
#156 = CARTESIAN_POINT('',(31.520503174157,7.924880701788,
    158.35906621519));
#157 = CARTESIAN_POINT('',(31.464373326126,8.143655237319,158.5943763293
    ));
#158 = CARTESIAN_POINT('',(31.409187413613,8.351949841765,
    158.83452910939));
#159 = CARTESIAN_POINT('',(31.308685173224,8.720521179397,
    159.28985794905));
#160 = CARTESIAN_POINT('',(31.263061137343,8.883451830998,
    159.50388384246));
#161 = CARTESIAN_POINT('',(31.2184859545,9.038854765183,159.72095999546)
  );
#162 = CARTESIAN_POINT('',(31.175107688334,9.186833821364,
    159.94085395244));
#163 = CARTESIAN_POINT('',(31.133060334177,9.327486392946,
    160.16335785985));
#164 = CARTESIAN_POINT('',(31.057028659072,9.577358101866,
    160.58462187049));
#165 = CARTESIAN_POINT('',(31.022700173413,9.688296701462,
    160.78279792654));
#166 = CARTESIAN_POINT('',(30.989559443833,9.793775981183,
    160.98268882168));
#167 = CARTESIAN_POINT('',(30.957681244517,9.893846858909,
    161.18417301419));
#168 = CARTESIAN_POINT('',(30.927134042079,9.988554415328,
    161.38713523325));
#169 = CARTESIAN_POINT('',(30.874446611462,10.150088966777,
    161.75640432681));
#170 = CARTESIAN_POINT('',(30.851821060912,10.218770961268,
    161.92223372336));
#171 = CARTESIAN_POINT('',(30.830136122351,10.284004506959,
    162.0888969623));
#172 = CARTESIAN_POINT('',(30.809422062723,10.345808103432,
    162.25633779385));
#173 = CARTESIAN_POINT('',(30.789706637478,10.404198120303,
    162.42450142476));
#174 = CARTESIAN_POINT('',(30.70955974339,10.639990908374,
    163.14843551829));
#175 = CARTESIAN_POINT('',(30.659162849509,10.784075742165,
    163.71086252681));
#176 = CARTESIAN_POINT('',(30.620741332855,10.891891393538,
    164.27859659422));
#177 = CARTESIAN_POINT('',(30.59489856641,10.963743822762,
    164.84981758901));
#178 = CARTESIAN_POINT('',(30.581934809318,10.999784696556,
    165.42281222263));
#179 = CARTESIAN_POINT('',(30.581758301774,11.000275417371,
    166.7336490378));
#180 = CARTESIAN_POINT('',(30.603016841007,10.94117308956,
    167.47119936538));
#181 = CARTESIAN_POINT('',(30.645609942739,10.822764480188,
    168.20499909807));
#182 = CARTESIAN_POINT('',(30.708722905035,10.644608252506,
    168.93147285472));
#183 = CARTESIAN_POINT('',(30.790727814117,10.4058241141,169.64665722376
    ));
#184 = CARTESIAN_POINT('',(30.917683801273,10.017748286693,
    170.54902584626));
#185 = CARTESIAN_POINT('',(30.947654726122,9.925129936509,
    170.75087782284));
#186 = CARTESIAN_POINT('',(30.978951030386,9.827235491779,
    170.95129689957));
#187 = CARTESIAN_POINT('',(31.011506710157,9.724021754193,171.1501711833
    ));
#188 = CARTESIAN_POINT('',(31.04524967499,9.615439891153,171.34738289564
    ));
#189 = CARTESIAN_POINT('',(31.12080071225,9.368305240702,171.77101903227
    ));
#190 = CARTESIAN_POINT('',(31.16301036646,9.227785054444,171.99678526703
    ));
#191 = CARTESIAN_POINT('',(31.206608326261,9.079782318482,
    172.21991970312));
#192 = CARTESIAN_POINT('',(31.251457617376,8.924197601587,
    172.44020966559));
#193 = CARTESIAN_POINT('',(31.297406675525,8.760924599814,
    172.65741717879));
#194 = CARTESIAN_POINT('',(31.39818871925,8.393171788153,173.11714841004
    ));
#195 = CARTESIAN_POINT('',(31.453321524336,8.186182926342,
    173.35859463356));
#196 = CARTESIAN_POINT('',(31.509438599085,7.968695410431,
    173.59523561481));
#197 = CARTESIAN_POINT('',(31.566259307183,7.740520299136,173.8266232675
    ));
#198 = CARTESIAN_POINT('',(31.623469489397,7.501467580495,
    174.05224351144));
#199 = CARTESIAN_POINT('',(31.749201001847,6.952153726021,
    174.53380754423));
#200 = CARTESIAN_POINT('',(31.817757457018,6.637043845966,174.7870858373
    ));
#201 = CARTESIAN_POINT('',(31.885765109724,6.305786403261,
    175.03024796253));
#202 = CARTESIAN_POINT('',(31.952521261374,5.958194356499,175.2620626333
    ));
#203 = CARTESIAN_POINT('',(32.017247280986,5.594148759472,
    175.48115242338));
#204 = CARTESIAN_POINT('',(32.126660146083,4.920938473069,
    175.84351812179));
#205 = CARTESIAN_POINT('',(32.172533840558,4.618442521192,
    175.99265319366));
#206 = CARTESIAN_POINT('',(32.216276018134,4.306415387385,
    176.13251200895));
#207 = CARTESIAN_POINT('',(32.257442987488,3.985191867198,
    176.26224685448));
#208 = CARTESIAN_POINT('',(32.295595640006,3.655162637914,
    176.38102809826));
#209 = CARTESIAN_POINT('',(32.383360575831,2.799672575213,176.6515712467
    ));
#210 = CARTESIAN_POINT('',(32.428480620435,2.262103077157,176.7879202732
    ));
#211 = CARTESIAN_POINT('',(32.463807259878,1.708447916575,176.8930676593
    ));
#212 = CARTESIAN_POINT('',(32.487905752849,1.14350697517,176.96426679264
    ));
#213 = CARTESIAN_POINT('',(32.5,0.572322921637,177.));
#214 = CARTESIAN_POINT('',(32.5,2.020667218593E-15,177.));
#215 = PCURVE('',#86,#216);
#216 = DEFINITIONAL_REPRESENTATION('',(#217),#295);
#217 = B_SPLINE_CURVE_WITH_KNOTS('',6,(#218,#219,#220,#221,#222,#223,
    #224,#225,#226,#227,#228,#229,#230,#231,#232,#233,#234,#235,#236,
    #237,#238,#239,#240,#241,#242,#243,#244,#245,#246,#247,#248,#249,
    #250,#251,#252,#253,#254,#255,#256,#257,#258,#259,#260,#261,#262,
    #263,#264,#265,#266,#267,#268,#269,#270,#271,#272,#273,#274,#275,
    #276,#277,#278,#279,#280,#281,#282,#283,#284,#285,#286,#287,#288,
    #289,#290,#291,#292,#293,#294),.UNSPECIFIED.,.F.,.F.,(7,5,5,5,5,5,5,
    5,5,5,5,5,5,5,5,7),(0.,8.239865908667E-02,0.132741805282,
    0.200637966647,0.257997320432,0.307409316456,0.350539175717,
    0.38535394983,0.499820346903,0.647183754598,0.690006364997,
    0.740013028832,0.79750394746,0.866273808289,0.919169046363,1.),
  .UNSPECIFIED.);
#218 = CARTESIAN_POINT('',(0.,94.));
#219 = CARTESIAN_POINT('',(1.795711291776E-02,94.));
#220 = CARTESIAN_POINT('',(3.587571717936E-02,94.03715605466));
#221 = CARTESIAN_POINT('',(5.360094530629E-02,94.111168613071));
#222 = CARTESIAN_POINT('',(7.097986651141E-02,94.220403797538));
#223 = CARTESIAN_POINT('',(8.786412555489E-02,94.361915685886));
#224 = CARTESIAN_POINT('',(0.114043392367,94.634942068703));
#225 = CARTESIAN_POINT('',(0.123748283032,94.749062112055));
#226 = CARTESIAN_POINT('',(0.133218440448,94.873050958812));
#227 = CARTESIAN_POINT('',(0.142443847882,95.00619253803));
#228 = CARTESIAN_POINT('',(0.151415489127,95.147756629723));
#229 = CARTESIAN_POINT('',(0.171872149181,95.498271409312));
#230 = CARTESIAN_POINT('',(0.183145145792,95.713547420954));
#231 = CARTESIAN_POINT('',(0.193943676887,95.941332261809));
#232 = CARTESIAN_POINT('',(0.204268946633,96.180288376392));
#233 = CARTESIAN_POINT('',(0.214123647733,96.429216032765));
#234 = CARTESIAN_POINT('',(0.231442530521,96.904845701411));
#235 = CARTESIAN_POINT('',(0.239042128372,97.129050160667));
#236 = CARTESIAN_POINT('',(0.246314516414,97.359066215198));
#237 = CARTESIAN_POINT('',(0.253263729481,97.594376329301));
#238 = CARTESIAN_POINT('',(0.25989374557,97.834529109391));
#239 = CARTESIAN_POINT('',(0.271648458838,98.28985794905));
#240 = CARTESIAN_POINT('',(0.276854435245,98.503883842469));
#241 = CARTESIAN_POINT('',(0.281828734951,98.720959995461));
#242 = CARTESIAN_POINT('',(0.286573421344,98.940853952441));
#243 = CARTESIAN_POINT('',(0.291090389475,99.163357859855));
#244 = CARTESIAN_POINT('',(0.299126796959,99.584621870496));
#245 = CARTESIAN_POINT('',(0.30269994283,99.782797926542));
#246 = CARTESIAN_POINT('',(0.306101835629,99.982688821681));
#247 = CARTESIAN_POINT('',(0.30933336061,100.18417301419));
#248 = CARTESIAN_POINT('',(0.312395256333,100.38713523325));
#249 = CARTESIAN_POINT('',(0.317623253485,100.75640432681));
#250 = CARTESIAN_POINT('',(0.319848251732,100.92223372336));
#251 = CARTESIAN_POINT('',(0.321963421271,101.0888969623));
#252 = CARTESIAN_POINT('',(0.323969027847,101.25633779385));
#253 = CARTESIAN_POINT('',(0.325865291075,101.42450142476));
#254 = CARTESIAN_POINT('',(0.333528112317,102.14843551829));
#255 = CARTESIAN_POINT('',(0.338224691812,102.71086252681));
#256 = CARTESIAN_POINT('',(0.341746394842,103.27859659422));
#257 = CARTESIAN_POINT('',(0.344095926023,103.84981758901));
#258 = CARTESIAN_POINT('',(0.345274419252,104.42281222263));
#259 = CARTESIAN_POINT('',(0.345290465393,105.7336490378));
#260 = CARTESIAN_POINT('',(0.343357870243,106.47119936538));
#261 = CARTESIAN_POINT('',(0.339485987701,107.20499909807));
#262 = CARTESIAN_POINT('',(0.333670509485,107.93147285472));
#263 = CARTESIAN_POINT('',(0.325902937659,108.64665722376));
#264 = CARTESIAN_POINT('',(0.313339416859,109.54902584626));
#265 = CARTESIAN_POINT('',(0.310344141513,109.75087782284));
#266 = CARTESIAN_POINT('',(0.307181854952,109.95129689957));
#267 = CARTESIAN_POINT('',(0.303851856781,110.1501711833));
#268 = CARTESIAN_POINT('',(0.300353305996,110.34738289564));
#269 = CARTESIAN_POINT('',(0.292401766697,110.77101903227));
#270 = CARTESIAN_POINT('',(0.287887266417,110.99678526703));
#271 = CARTESIAN_POINT('',(0.283139975335,111.21991970312));
#272 = CARTESIAN_POINT('',(0.278157970389,111.44020966559));
#273 = CARTESIAN_POINT('',(0.272939150261,111.65741717879));
#274 = CARTESIAN_POINT('',(0.261206460851,112.11714841004));
#275 = CARTESIAN_POINT('',(0.254615690928,112.35859463356));
#276 = CARTESIAN_POINT('',(0.247704921513,112.59523561481));
#277 = CARTESIAN_POINT('',(0.240470164336,112.8266232675));
#278 = CARTESIAN_POINT('',(0.232907358649,113.05224351144));
#279 = CARTESIAN_POINT('',(0.215568299921,113.53380754423));
#280 = CARTESIAN_POINT('',(0.205646374389,113.7870858373));
#281 = CARTESIAN_POINT('',(0.195242375405,114.03024796253));
#282 = CARTESIAN_POINT('',(0.184353238805,114.2620626333));
#283 = CARTESIAN_POINT('',(0.172977418843,114.48115242338));
#284 = CARTESIAN_POINT('',(0.151991466601,114.84351812179));
#285 = CARTESIAN_POINT('',(0.142578008851,114.99265319366));
#286 = CARTESIAN_POINT('',(0.132884240263,115.13251200895));
#287 = CARTESIAN_POINT('',(0.12292070762,115.26224685448));
#288 = CARTESIAN_POINT('',(0.112699178528,115.38102809826));
#289 = CARTESIAN_POINT('',(8.623824953044E-02,115.6515712467));
#290 = CARTESIAN_POINT('',(6.964232532815E-02,115.7879202732));
#291 = CARTESIAN_POINT('',(5.257744599384E-02,115.8930676593));
#292 = CARTESIAN_POINT('',(3.518483302271E-02,115.96426679264));
#293 = CARTESIAN_POINT('',(1.760993605037E-02,116.));
#294 = CARTESIAN_POINT('',(0.,116.));
#295 = ( GEOMETRIC_REPRESENTATION_CONTEXT(2) 
PARAMETRIC_REPRESENTATION_CONTEXT() REPRESENTATION_CONTEXT('2D SPACE',''
  ) );
#296 = PCURVE('',#297,#302);
#297 = CYLINDRICAL_SURFACE('',#298,11.);
#298 = AXIS2_PLACEMENT_3D('',#299,#300,#301);
#299 = CARTESIAN_POINT('',(28.5,0.,166.));
#300 = DIRECTION('',(1.,0.,2.22044604925E-16));
#301 = DIRECTION('',(2.22044604925E-16,0.,-1.));
#302 = DEFINITIONAL_REPRESENTATION('',(#303),#381);
#303 = B_SPLINE_CURVE_WITH_KNOTS('',6,(#304,#305,#306,#307,#308,#309,
    #310,#311,#312,#313,#314,#315,#316,#317,#318,#319,#320,#321,#322,
    #323,#324,#325,#326,#327,#328,#329,#330,#331,#332,#333,#334,#335,
    #336,#337,#338,#339,#340,#341,#342,#343,#344,#345,#346,#347,#348,
    #349,#350,#351,#352,#353,#354,#355,#356,#357,#358,#359,#360,#361,
    #362,#363,#364,#365,#366,#367,#368,#369,#370,#371,#372,#373,#374,
    #375,#376,#377,#378,#379,#380),.UNSPECIFIED.,.F.,.F.,(7,5,5,5,5,5,5,
    5,5,5,5,5,5,5,5,7),(0.,8.239865908667E-02,0.132741805282,
    0.200637966647,0.257997320432,0.307409316456,0.350539175717,
    0.38535394983,0.499820346903,0.647183754598,0.690006364997,
    0.740013028832,0.79750394746,0.866273808289,0.919169046363,1.),
  .UNSPECIFIED.);
#304 = CARTESIAN_POINT('',(0.,4.));
#305 = CARTESIAN_POINT('',(5.305510634793E-02,4.));
#306 = CARTESIAN_POINT('',(0.105996421187,3.987424185916));
#307 = CARTESIAN_POINT('',(0.158604515678,3.962373405764));
#308 = CARTESIAN_POINT('',(0.210660046042,3.925684506921));
#309 = CARTESIAN_POINT('',(0.261921167407,3.878899415019));
#310 = CARTESIAN_POINT('',(0.34275513903,3.790475818119));
#311 = CARTESIAN_POINT('',(0.373046742036,3.753872649924));
#312 = CARTESIAN_POINT('',(0.402972632742,3.71456775734));
#313 = CARTESIAN_POINT('',(0.432529826085,3.672939767081));
#314 = CARTESIAN_POINT('',(0.461712761008,3.629370736586));
#315 = CARTESIAN_POINT('',(0.529355355637,3.523367090081));
#316 = CARTESIAN_POINT('',(0.567509442546,3.459639139171));
#317 = CARTESIAN_POINT('',(0.605017975671,3.393876494068));
#318 = CARTESIAN_POINT('',(0.641919122915,3.326833963817));
#319 = CARTESIAN_POINT('',(0.678247909074,3.259194575043));
#320 = CARTESIAN_POINT('',(0.74427280085,3.134432924399));
#321 = CARTESIAN_POINT('',(0.774130019222,3.077294904709));
#322 = CARTESIAN_POINT('',(0.803637079692,3.020503174157));
#323 = CARTESIAN_POINT('',(0.832819731419,2.964373326126));
#324 = CARTESIAN_POINT('',(0.861702970329,2.909187413613));
#325 = CARTESIAN_POINT('',(0.914958101083,2.808685173224));
#326 = CARTESIAN_POINT('',(0.939400610283,2.763061137343));
#327 = CARTESIAN_POINT('',(0.963654831083,2.7184859545));
#328 = CARTESIAN_POINT('',(0.987735217548,2.675107688334));
#329 = CARTESIAN_POINT('',(1.011655891049,2.633060334177));
#330 = CARTESIAN_POINT('',(1.056182718098,2.557028659072));
#331 = CARTESIAN_POINT('',(1.076823084359,2.522700173413));
#332 = CARTESIAN_POINT('',(1.09736035384,2.489559443833));
#333 = CARTESIAN_POINT('',(1.117802685012,2.457681244517));
#334 = CARTESIAN_POINT('',(1.138157780023,2.427134042079));
#335 = CARTESIAN_POINT('',(1.174799114535,2.374446611462));
#336 = CARTESIAN_POINT('',(1.191113216902,2.351821060912));
#337 = CARTESIAN_POINT('',(1.207378998964,2.330136122351));
#338 = CARTESIAN_POINT('',(1.223600109769,2.309422062723));
#339 = CARTESIAN_POINT('',(1.239780040253,2.289706637478));
#340 = CARTESIAN_POINT('',(1.308995168459,2.20955974339));
#341 = CARTESIAN_POINT('',(1.361667763981,2.159162849509));
#342 = CARTESIAN_POINT('',(1.41404688424,2.120741332855));
#343 = CARTESIAN_POINT('',(1.466233092317,2.09489856641));
#344 = CARTESIAN_POINT('',(1.518324707011,2.081934809318));
#345 = CARTESIAN_POINT('',(1.637491698559,2.081758301774));
#346 = CARTESIAN_POINT('',(1.704539760965,2.103016841007));
#347 = CARTESIAN_POINT('',(1.771787626987,2.145609942739));
#348 = CARTESIAN_POINT('',(1.839452659231,2.208722905035));
#349 = CARTESIAN_POINT('',(1.907756415521,2.290727814117));
#350 = CARTESIAN_POINT('',(1.997054503878,2.417683801273));
#351 = CARTESIAN_POINT('',(2.017238383653,2.447654726122));
#352 = CARTESIAN_POINT('',(2.037506657236,2.478951030386));
#353 = CARTESIAN_POINT('',(2.05786678861,2.511506710157));
#354 = CARTESIAN_POINT('',(2.078326680803,2.54524967499));
#355 = CARTESIAN_POINT('',(2.122913221383,2.62080071225));
#356 = CARTESIAN_POINT('',(2.147078445837,2.66301036646));
#357 = CARTESIAN_POINT('',(2.171404513617,2.706608326261));
#358 = CARTESIAN_POINT('',(2.195905934052,2.751457617376));
#359 = CARTESIAN_POINT('',(2.220597561439,2.797406675525));
#360 = CARTESIAN_POINT('',(2.274117846886,2.89818871925));
#361 = CARTESIAN_POINT('',(2.303012592357,2.953321524336));
#362 = CARTESIAN_POINT('',(2.33220464007,3.009438599085));
#363 = CARTESIAN_POINT('',(2.361719069566,3.066259307183));
#364 = CARTESIAN_POINT('',(2.39158171121,3.123469489397));
#365 = CARTESIAN_POINT('',(2.457992007908,3.249201001847));
#366 = CARTESIAN_POINT('',(2.494711359685,3.317757457018));
#367 = CARTESIAN_POINT('',(2.532013598695,3.385765109724));
#368 = CARTESIAN_POINT('',(2.569935562569,3.452521261374));
#369 = CARTESIAN_POINT('',(2.608517318281,3.517247280986));
#370 = CARTESIAN_POINT('',(2.678020929525,3.626660146083));
#371 = CARTESIAN_POINT('',(2.708661440868,3.672533840558));
#372 = CARTESIAN_POINT('',(2.739714911975,3.716276018134));
#373 = CARTESIAN_POINT('',(2.771174577036,3.757442987488));
#374 = CARTESIAN_POINT('',(2.80303682143,3.795595640006));
#375 = CARTESIAN_POINT('',(2.884604966776,3.883360575831));
#376 = CARTESIAN_POINT('',(2.934937937002,3.928480620435));
#377 = CARTESIAN_POINT('',(2.986025661342,3.963807259878));
#378 = CARTESIAN_POINT('',(3.037637478914,3.987905752849));
#379 = CARTESIAN_POINT('',(3.089563297077,4.));
#380 = CARTESIAN_POINT('',(3.14159265359,4.));
#381 = ( GEOMETRIC_REPRESENTATION_CONTEXT(2) 
PARAMETRIC_REPRESENTATION_CONTEXT() REPRESENTATION_CONTEXT('2D SPACE',''
  ) );
#382 = ORIENTED_EDGE('',*,*,#383,.F.);
#383 = EDGE_CURVE('',#384,#134,#386,.T.);
#384 = VERTEX_POINT('',#385);
#385 = CARTESIAN_POINT('',(32.5,-7.960204194458E-15,61.));
#386 = SEAM_CURVE('',#387,(#391,#398),.PCURVE_S1.);
#387 = LINE('',#388,#389);
#388 = CARTESIAN_POINT('',(32.5,-7.960204194458E-15,61.));
#389 = VECTOR('',#390,1.);
#390 = DIRECTION('',(0.,0.,1.));
#391 = PCURVE('',#86,#392);
#392 = DEFINITIONAL_REPRESENTATION('',(#393),#397);
#393 = LINE('',#394,#395);
#394 = CARTESIAN_POINT('',(6.28318530718,-0.));
#395 = VECTOR('',#396,1.);
#396 = DIRECTION('',(0.,1.));
#397 = ( GEOMETRIC_REPRESENTATION_CONTEXT(2) 
PARAMETRIC_REPRESENTATION_CONTEXT() REPRESENTATION_CONTEXT('2D SPACE',''
  ) );
#398 = PCURVE('',#86,#399);
#399 = DEFINITIONAL_REPRESENTATION('',(#400),#404);
#400 = LINE('',#401,#402);
#401 = CARTESIAN_POINT('',(0.,-0.));
#402 = VECTOR('',#403,1.);
#403 = DIRECTION('',(0.,1.));
#404 = ( GEOMETRIC_REPRESENTATION_CONTEXT(2) 
PARAMETRIC_REPRESENTATION_CONTEXT() REPRESENTATION_CONTEXT('2D SPACE',''
  ) );
#405 = ORIENTED_EDGE('',*,*,#406,.T.);
#406 = EDGE_CURVE('',#384,#384,#407,.T.);
#407 = SURFACE_CURVE('',#408,(#413,#420),.PCURVE_S1.);
#408 = CIRCLE('',#409,32.5);
#409 = AXIS2_PLACEMENT_3D('',#410,#411,#412);
#410 = CARTESIAN_POINT('',(0.,0.,61.));
#411 = DIRECTION('',(0.,0.,1.));
#412 = DIRECTION('',(1.,0.,-0.));
#413 = PCURVE('',#86,#414);
#414 = DEFINITIONAL_REPRESENTATION('',(#415),#419);
#415 = LINE('',#416,#417);
#416 = CARTESIAN_POINT('',(0.,0.));
#417 = VECTOR('',#418,1.);
#418 = DIRECTION('',(1.,0.));
#419 = ( GEOMETRIC_REPRESENTATION_CONTEXT(2) 
PARAMETRIC_REPRESENTATION_CONTEXT() REPRESENTATION_CONTEXT('2D SPACE',''
  ) );
#420 = PCURVE('',#421,#426);
#421 = PLANE('',#422);
#422 = AXIS2_PLACEMENT_3D('',#423,#424,#425);
#423 = CARTESIAN_POINT('',(0.,0.,61.));
#424 = DIRECTION('',(0.,0.,1.));
#425 = DIRECTION('',(1.,0.,-0.));
#426 = DEFINITIONAL_REPRESENTATION('',(#427),#431);
#427 = CIRCLE('',#428,32.5);
#428 = AXIS2_PLACEMENT_2D('',#429,#430);
#429 = CARTESIAN_POINT('',(0.,0.));
#430 = DIRECTION('',(1.,0.));
#431 = ( GEOMETRIC_REPRESENTATION_CONTEXT(2) 
PARAMETRIC_REPRESENTATION_CONTEXT() REPRESENTATION_CONTEXT('2D SPACE',''
  ) );
#432 = ORIENTED_EDGE('',*,*,#383,.T.);
#433 = ORIENTED_EDGE('',*,*,#434,.F.);
#434 = EDGE_CURVE('',#76,#134,#435,.T.);
#435 = SURFACE_CURVE('',#436,(#514,#595),.PCURVE_S1.);
#436 = B_SPLINE_CURVE_WITH_KNOTS('',6,(#437,#438,#439,#440,#441,#442,
    #443,#444,#445,#446,#447,#448,#449,#450,#451,#452,#453,#454,#455,
    #456,#457,#458,#459,#460,#461,#462,#463,#464,#465,#466,#467,#468,
    #469,#470,#471,#472,#473,#474,#475,#476,#477,#478,#479,#480,#481,
    #482,#483,#484,#485,#486,#487,#488,#489,#490,#491,#492,#493,#494,
    #495,#496,#497,#498,#499,#500,#501,#502,#503,#504,#505,#506,#507,
    #508,#509,#510,#511,#512,#513),.UNSPECIFIED.,.F.,.F.,(7,5,5,5,5,5,5,
    5,5,5,5,5,5,5,5,7),(0.,8.239865904897E-02,0.132741805226,
    0.200637966578,0.257997320351,0.307409316366,0.350539175618,
    0.385353949724,0.499820346807,0.647183754521,0.690006364923,
    0.74001302876,0.797503947391,0.866273808228,0.919169046321,1.),
  .UNSPECIFIED.);
#437 = CARTESIAN_POINT('',(32.5,-1.7763568394E-15,177.));
#438 = CARTESIAN_POINT('',(32.5,-0.583606169777,177.));
#439 = CARTESIAN_POINT('',(32.487424185919,-1.165960695129,
    176.96284394534));
#440 = CARTESIAN_POINT('',(32.462373405761,-1.741692427249,
    176.88883138692));
#441 = CARTESIAN_POINT('',(32.425684506917,-2.305496873919,
    176.77959620245));
#442 = CARTESIAN_POINT('',(32.378899415023,-2.852334119867,
    176.63808431412));
#443 = CARTESIAN_POINT('',(32.290475818113,-3.698553028668,
    176.36505793127));
#444 = CARTESIAN_POINT('',(32.253872649924,-4.011854497166,
    176.25093788794));
#445 = CARTESIAN_POINT('',(32.214567757347,-4.317145612582,
    176.1269490412));
#446 = CARTESIAN_POINT('',(32.172939767084,-4.614094300457,
    175.99380746198));
#447 = CARTESIAN_POINT('',(32.129370736579,-4.902414272577,
    175.85224337025));
#448 = CARTESIAN_POINT('',(32.023367090081,-5.558750606181,
    175.50172859068));
#449 = CARTESIAN_POINT('',(31.959639139171,-5.919578026435,
    175.28645257904));
#450 = CARTESIAN_POINT('',(31.893876494068,-6.264360877506,
    175.05866773819));
#451 = CARTESIAN_POINT('',(31.826833963817,-6.593203302828,
    174.8197116236));
#452 = CARTESIAN_POINT('',(31.759194575043,-6.906276129725,
    174.57078396723));
#453 = CARTESIAN_POINT('',(31.634432924399,-7.455138648683,
    174.09515429859));
#454 = CARTESIAN_POINT('',(31.577294904709,-7.695438043984,
    173.87094983933));
#455 = CARTESIAN_POINT('',(31.520503174157,-7.924880701788,
    173.6409337848));
#456 = CARTESIAN_POINT('',(31.464373326126,-8.143655237319,
    173.40562367069));
#457 = CARTESIAN_POINT('',(31.409187413613,-8.351949841765,
    173.1654708906));
#458 = CARTESIAN_POINT('',(31.308685173224,-8.720521179398,
    172.71014205095));
#459 = CARTESIAN_POINT('',(31.263061137343,-8.883451830998,
    172.49611615753));
#460 = CARTESIAN_POINT('',(31.2184859545,-9.038854765183,172.27904000453
    ));
#461 = CARTESIAN_POINT('',(31.175107688334,-9.186833821364,
    172.05914604755));
#462 = CARTESIAN_POINT('',(31.133060334177,-9.327486392946,
    171.83664214014));
#463 = CARTESIAN_POINT('',(31.057028659072,-9.577358101866,
    171.4153781295));
#464 = CARTESIAN_POINT('',(31.022700173413,-9.688296701462,
    171.21720207345));
#465 = CARTESIAN_POINT('',(30.989559443833,-9.793775981183,
    171.01731117831));
#466 = CARTESIAN_POINT('',(30.957681244517,-9.893846858909,
    170.81582698581));
#467 = CARTESIAN_POINT('',(30.927134042079,-9.988554415329,
    170.61286476674));
#468 = CARTESIAN_POINT('',(30.874446611462,-10.15008896677,
    170.24359567318));
#469 = CARTESIAN_POINT('',(30.851821060912,-10.21877096126,
    170.07776627663));
#470 = CARTESIAN_POINT('',(30.830136122351,-10.28400450695,
    169.91110303769));
#471 = CARTESIAN_POINT('',(30.809422062723,-10.34580810343,
    169.74366220614));
#472 = CARTESIAN_POINT('',(30.789706637478,-10.4041981203,
    169.57549857523));
#473 = CARTESIAN_POINT('',(30.709559743372,-10.63999090842,
    168.85156448154));
#474 = CARTESIAN_POINT('',(30.659162849523,-10.78407574212,
    168.28913747334));
#475 = CARTESIAN_POINT('',(30.620741332863,-10.89189139351,
    167.72140340584));
#476 = CARTESIAN_POINT('',(30.5948985664,-10.96374382279,167.15018241086
    ));
#477 = CARTESIAN_POINT('',(30.581934809318,-10.99978469655,
    166.57718777738));
#478 = CARTESIAN_POINT('',(30.581758301774,-11.00027541737,
    165.26635096214));
#479 = CARTESIAN_POINT('',(30.60301684101,-10.94117308955,
    164.52880063469));
#480 = CARTESIAN_POINT('',(30.645609942728,-10.82276448022,
    163.79500090192));
#481 = CARTESIAN_POINT('',(30.708722905049,-10.64460825246,
    163.0685271452));
#482 = CARTESIAN_POINT('',(30.79072781411,-10.40582411412,
    162.35334277628));
#483 = CARTESIAN_POINT('',(30.917683801273,-10.01774828669,
    161.45097415374));
#484 = CARTESIAN_POINT('',(30.947654726122,-9.925129936509,
    161.24912217716));
#485 = CARTESIAN_POINT('',(30.978951030386,-9.827235491779,
    161.04870310042));
#486 = CARTESIAN_POINT('',(31.011506710157,-9.724021754193,
    160.84982881669));
#487 = CARTESIAN_POINT('',(31.04524967499,-9.615439891154,
    160.65261710435));
#488 = CARTESIAN_POINT('',(31.12080071225,-9.368305240703,
    160.22898096772));
#489 = CARTESIAN_POINT('',(31.16301036646,-9.227785054445,
    160.00321473296));
#490 = CARTESIAN_POINT('',(31.206608326261,-9.079782318483,
    159.78008029688));
#491 = CARTESIAN_POINT('',(31.251457617376,-8.924197601587,
    159.5597903344));
#492 = CARTESIAN_POINT('',(31.297406675525,-8.760924599815,
    159.3425828212));
#493 = CARTESIAN_POINT('',(31.39818871925,-8.393171788154,
    158.88285158995));
#494 = CARTESIAN_POINT('',(31.453321524336,-8.186182926344,
    158.64140536643));
#495 = CARTESIAN_POINT('',(31.509438599085,-7.968695410432,
    158.40476438518));
#496 = CARTESIAN_POINT('',(31.566259307183,-7.740520299136,
    158.1733767325));
#497 = CARTESIAN_POINT('',(31.623469489397,-7.501467580495,
    157.94775648855));
#498 = CARTESIAN_POINT('',(31.74920100185,-6.952153726006,
    157.46619245574));
#499 = CARTESIAN_POINT('',(31.817757457016,-6.637043845971,
    157.2129141627));
#500 = CARTESIAN_POINT('',(31.88576510972,-6.305786403279,
    156.96975203747));
#501 = CARTESIAN_POINT('',(31.952521261373,-5.958194356505,
    156.73793736669));
#502 = CARTESIAN_POINT('',(32.017247280989,-5.594148759455,
    156.5188475766));
#503 = CARTESIAN_POINT('',(32.126660146093,-4.920938473011,
    156.15648187817));
#504 = CARTESIAN_POINT('',(32.172533840553,-4.618442521209,
    156.00734680634));
#505 = CARTESIAN_POINT('',(32.216276018125,-4.306415387454,
    155.86748799107));
#506 = CARTESIAN_POINT('',(32.257442987487,-3.98519186722,
    155.73775314551));
#507 = CARTESIAN_POINT('',(32.295595640014,-3.65516263784,
    155.61897190171));
#508 = CARTESIAN_POINT('',(32.383360575827,-2.799672575251,
    155.3484287533));
#509 = CARTESIAN_POINT('',(32.428480620438,-2.262103077144,
    155.21207972678));
#510 = CARTESIAN_POINT('',(32.46380725988,-1.708447916533,
    155.10693234068));
#511 = CARTESIAN_POINT('',(32.487905752847,-1.143506975161,
    155.03573320736));
#512 = CARTESIAN_POINT('',(32.5,-0.572322921681,155.));
#513 = CARTESIAN_POINT('',(32.5,-5.329070518201E-15,155.));
#514 = PCURVE('',#86,#515);
#515 = DEFINITIONAL_REPRESENTATION('',(#516),#594);
#516 = B_SPLINE_CURVE_WITH_KNOTS('',6,(#517,#518,#519,#520,#521,#522,
    #523,#524,#525,#526,#527,#528,#529,#530,#531,#532,#533,#534,#535,
    #536,#537,#538,#539,#540,#541,#542,#543,#544,#545,#546,#547,#548,
    #549,#550,#551,#552,#553,#554,#555,#556,#557,#558,#559,#560,#561,
    #562,#563,#564,#565,#566,#567,#568,#569,#570,#571,#572,#573,#574,
    #575,#576,#577,#578,#579,#580,#581,#582,#583,#584,#585,#586,#587,
    #588,#589,#590,#591,#592,#593),.UNSPECIFIED.,.F.,.F.,(7,5,5,5,5,5,5,
    5,5,5,5,5,5,5,5,7),(0.,8.239865904897E-02,0.132741805226,
    0.200637966578,0.257997320351,0.307409316366,0.350539175618,
    0.385353949724,0.499820346807,0.647183754521,0.690006364923,
    0.74001302876,0.797503947391,0.866273808228,0.919169046321,1.),
  .UNSPECIFIED.);
#517 = CARTESIAN_POINT('',(6.28318530718,116.));
#518 = CARTESIAN_POINT('',(6.265228194263,116.));
#519 = CARTESIAN_POINT('',(6.24730959,115.96284394534));
#520 = CARTESIAN_POINT('',(6.229584361872,115.88883138692));
#521 = CARTESIAN_POINT('',(6.212205440668,115.77959620245));
#522 = CARTESIAN_POINT('',(6.195321181626,115.63808431412));
#523 = CARTESIAN_POINT('',(6.169141914811,115.36505793127));
#524 = CARTESIAN_POINT('',(6.159437024148,115.25093788794));
#525 = CARTESIAN_POINT('',(6.149966866733,115.1269490412));
#526 = CARTESIAN_POINT('',(6.140741459298,114.99380746198));
#527 = CARTESIAN_POINT('',(6.131769818051,114.85224337025));
#528 = CARTESIAN_POINT('',(6.111313157999,114.50172859068));
#529 = CARTESIAN_POINT('',(6.100040161388,114.28645257904));
#530 = CARTESIAN_POINT('',(6.089241630293,114.05866773819));
#531 = CARTESIAN_POINT('',(6.078916360547,113.8197116236));
#532 = CARTESIAN_POINT('',(6.069061659446,113.57078396723));
#533 = CARTESIAN_POINT('',(6.051742776659,113.09515429859));
#534 = CARTESIAN_POINT('',(6.044143178808,112.87094983933));
#535 = CARTESIAN_POINT('',(6.036870790766,112.6409337848));
#536 = CARTESIAN_POINT('',(6.029921577699,112.40562367069));
#537 = CARTESIAN_POINT('',(6.023291561609,112.1654708906));
#538 = CARTESIAN_POINT('',(6.011536848341,111.71014205095));
#539 = CARTESIAN_POINT('',(6.006330871935,111.49611615753));
#540 = CARTESIAN_POINT('',(6.001356572228,111.27904000453));
#541 = CARTESIAN_POINT('',(5.996611885835,111.05914604755));
#542 = CARTESIAN_POINT('',(5.992094917704,110.83664214014));
#543 = CARTESIAN_POINT('',(5.984058510221,110.4153781295));
#544 = CARTESIAN_POINT('',(5.98048536435,110.21720207345));
#545 = CARTESIAN_POINT('',(5.977083471551,110.01731117831));
#546 = CARTESIAN_POINT('',(5.973851946569,109.81582698581));
#547 = CARTESIAN_POINT('',(5.970790050847,109.61286476674));
#548 = CARTESIAN_POINT('',(5.965562053694,109.24359567318));
#549 = CARTESIAN_POINT('',(5.963337055448,109.07776627663));
#550 = CARTESIAN_POINT('',(5.961221885909,108.91110303769));
#551 = CARTESIAN_POINT('',(5.959216279333,108.74366220614));
#552 = CARTESIAN_POINT('',(5.957320016105,108.57549857523));
#553 = CARTESIAN_POINT('',(5.949657194861,107.85156448154));
#554 = CARTESIAN_POINT('',(5.944960615369,107.28913747334));
#555 = CARTESIAN_POINT('',(5.941438912339,106.72140340584));
#556 = CARTESIAN_POINT('',(5.939089381156,106.15018241086));
#557 = CARTESIAN_POINT('',(5.937910887928,105.57718777738));
#558 = CARTESIAN_POINT('',(5.937894841786,104.26635096214));
#559 = CARTESIAN_POINT('',(5.939827436937,103.52880063469));
#560 = CARTESIAN_POINT('',(5.943699319478,102.79500090192));
#561 = CARTESIAN_POINT('',(5.949514797696,102.0685271452));
#562 = CARTESIAN_POINT('',(5.957282369519,101.35334277628));
#563 = CARTESIAN_POINT('',(5.969845890321,100.45097415374));
#564 = CARTESIAN_POINT('',(5.972841165666,100.24912217716));
#565 = CARTESIAN_POINT('',(5.976003452227,100.04870310042));
#566 = CARTESIAN_POINT('',(5.979333450399,99.849828816696));
#567 = CARTESIAN_POINT('',(5.982832001184,99.652617104353));
#568 = CARTESIAN_POINT('',(5.990783540482,99.228980967727));
#569 = CARTESIAN_POINT('',(5.995298040763,99.003214732965));
#570 = CARTESIAN_POINT('',(6.000045331845,98.780080296881));
#571 = CARTESIAN_POINT('',(6.005027336791,98.559790334402));
#572 = CARTESIAN_POINT('',(6.010246156919,98.342582821206));
#573 = CARTESIAN_POINT('',(6.021978846328,97.882851589953));
#574 = CARTESIAN_POINT('',(6.028569616251,97.641405366435));
#575 = CARTESIAN_POINT('',(6.035480385666,97.404764385186));
#576 = CARTESIAN_POINT('',(6.042715142844,97.1733767325));
#577 = CARTESIAN_POINT('',(6.050277948531,96.947756488557));
#578 = CARTESIAN_POINT('',(6.067617007259,96.466192455749));
#579 = CARTESIAN_POINT('',(6.077538932791,96.212914162702));
#580 = CARTESIAN_POINT('',(6.087942931774,95.969752037474));
#581 = CARTESIAN_POINT('',(6.098832068374,95.737937366693));
#582 = CARTESIAN_POINT('',(6.110207888338,95.518847576607));
#583 = CARTESIAN_POINT('',(6.131193840581,95.156481878176));
#584 = CARTESIAN_POINT('',(6.140607298328,95.007346806348));
#585 = CARTESIAN_POINT('',(6.150301066914,94.867487991072));
#586 = CARTESIAN_POINT('',(6.160264599559,94.737753145517));
#587 = CARTESIAN_POINT('',(6.170486128654,94.618971901711));
#588 = CARTESIAN_POINT('',(6.196947057648,94.348428753307));
#589 = CARTESIAN_POINT('',(6.213542981852,94.212079726784));
#590 = CARTESIAN_POINT('',(6.230607861187,94.106932340686));
#591 = CARTESIAN_POINT('',(6.248000474157,94.035733207364));
#592 = CARTESIAN_POINT('',(6.265575371128,94.));
#593 = CARTESIAN_POINT('',(6.28318530718,94.));
#594 = ( GEOMETRIC_REPRESENTATION_CONTEXT(2) 
PARAMETRIC_REPRESENTATION_CONTEXT() REPRESENTATION_CONTEXT('2D SPACE',''
  ) );
#595 = PCURVE('',#297,#596);
#596 = DEFINITIONAL_REPRESENTATION('',(#597),#675);
#597 = B_SPLINE_CURVE_WITH_KNOTS('',6,(#598,#599,#600,#601,#602,#603,
    #604,#605,#606,#607,#608,#609,#610,#611,#612,#613,#614,#615,#616,
    #617,#618,#619,#620,#621,#622,#623,#624,#625,#626,#627,#628,#629,
    #630,#631,#632,#633,#634,#635,#636,#637,#638,#639,#640,#641,#642,
    #643,#644,#645,#646,#647,#648,#649,#650,#651,#652,#653,#654,#655,
    #656,#657,#658,#659,#660,#661,#662,#663,#664,#665,#666,#667,#668,
    #669,#670,#671,#672,#673,#674),.UNSPECIFIED.,.F.,.F.,(7,5,5,5,5,5,5,
    5,5,5,5,5,5,5,5,7),(0.,8.239865904897E-02,0.132741805226,
    0.200637966578,0.257997320351,0.307409316366,0.350539175618,
    0.385353949724,0.499820346807,0.647183754521,0.690006364923,
    0.74001302876,0.797503947391,0.866273808228,0.919169046321,1.),
  .UNSPECIFIED.);
#598 = CARTESIAN_POINT('',(3.14159265359,4.));
#599 = CARTESIAN_POINT('',(3.194647759933,4.));
#600 = CARTESIAN_POINT('',(3.247589074777,3.987424185919));
#601 = CARTESIAN_POINT('',(3.300197169272,3.962373405761));
#602 = CARTESIAN_POINT('',(3.352252699633,3.925684506917));
#603 = CARTESIAN_POINT('',(3.403513820993,3.878899415023));
#604 = CARTESIAN_POINT('',(3.484347792625,3.790475818113));
#605 = CARTESIAN_POINT('',(3.514639395625,3.753872649924));
#606 = CARTESIAN_POINT('',(3.544565286327,3.714567757347));
#607 = CARTESIAN_POINT('',(3.574122479674,3.672939767084));
#608 = CARTESIAN_POINT('',(3.603305414603,3.629370736579));
#609 = CARTESIAN_POINT('',(3.670948009227,3.523367090081));
#610 = CARTESIAN_POINT('',(3.709102096136,3.459639139171));
#611 = CARTESIAN_POINT('',(3.74661062926,3.393876494068));
#612 = CARTESIAN_POINT('',(3.783511776505,3.326833963817));
#613 = CARTESIAN_POINT('',(3.819840562664,3.259194575043));
#614 = CARTESIAN_POINT('',(3.88586545444,3.134432924399));
#615 = CARTESIAN_POINT('',(3.915722672812,3.077294904709));
#616 = CARTESIAN_POINT('',(3.945229733282,3.020503174157));
#617 = CARTESIAN_POINT('',(3.974412385009,2.964373326126));
#618 = CARTESIAN_POINT('',(4.003295623919,2.909187413613));
#619 = CARTESIAN_POINT('',(4.056550754673,2.808685173224));
#620 = CARTESIAN_POINT('',(4.080993263873,2.763061137343));
#621 = CARTESIAN_POINT('',(4.105247484673,2.7184859545));
#622 = CARTESIAN_POINT('',(4.129327871137,2.675107688334));
#623 = CARTESIAN_POINT('',(4.153248544638,2.633060334177));
#624 = CARTESIAN_POINT('',(4.197775371688,2.557028659072));
#625 = CARTESIAN_POINT('',(4.218415737949,2.522700173413));
#626 = CARTESIAN_POINT('',(4.23895300743,2.489559443833));
#627 = CARTESIAN_POINT('',(4.259395338602,2.457681244517));
#628 = CARTESIAN_POINT('',(4.279750433613,2.427134042079));
#629 = CARTESIAN_POINT('',(4.316391768125,2.374446611462));
#630 = CARTESIAN_POINT('',(4.332705870492,2.351821060912));
#631 = CARTESIAN_POINT('',(4.348971652554,2.330136122351));
#632 = CARTESIAN_POINT('',(4.365192763359,2.309422062723));
#633 = CARTESIAN_POINT('',(4.381372693843,2.289706637478));
#634 = CARTESIAN_POINT('',(4.450587822064,2.209559743372));
#635 = CARTESIAN_POINT('',(4.503260417556,2.159162849523));
#636 = CARTESIAN_POINT('',(4.555639537823,2.120741332863));
#637 = CARTESIAN_POINT('',(4.607825745918,2.0948985664));
#638 = CARTESIAN_POINT('',(4.6599173606,2.081934809318));
#639 = CARTESIAN_POINT('',(4.779084352153,2.081758301774));
#640 = CARTESIAN_POINT('',(4.846132414547,2.10301684101));
#641 = CARTESIAN_POINT('',(4.913380280577,2.145609942728));
#642 = CARTESIAN_POINT('',(4.981045312828,2.208722905049));
#643 = CARTESIAN_POINT('',(5.049349069106,2.29072781411));
#644 = CARTESIAN_POINT('',(5.138647157467,2.417683801273));
#645 = CARTESIAN_POINT('',(5.158831037243,2.447654726122));
#646 = CARTESIAN_POINT('',(5.179099310826,2.478951030386));
#647 = CARTESIAN_POINT('',(5.199459442199,2.511506710157));
#648 = CARTESIAN_POINT('',(5.219919334393,2.54524967499));
#649 = CARTESIAN_POINT('',(5.264505874973,2.62080071225));
#650 = CARTESIAN_POINT('',(5.288671099427,2.66301036646));
#651 = CARTESIAN_POINT('',(5.312997167206,2.706608326261));
#652 = CARTESIAN_POINT('',(5.337498587641,2.751457617376));
#653 = CARTESIAN_POINT('',(5.362190215028,2.797406675525));
#654 = CARTESIAN_POINT('',(5.415710500475,2.89818871925));
#655 = CARTESIAN_POINT('',(5.444605245946,2.953321524336));
#656 = CARTESIAN_POINT('',(5.47379729366,3.009438599085));
#657 = CARTESIAN_POINT('',(5.503311723156,3.066259307183));
#658 = CARTESIAN_POINT('',(5.5331743648,3.123469489397));
#659 = CARTESIAN_POINT('',(5.599584661499,3.24920100185));
#660 = CARTESIAN_POINT('',(5.636304013274,3.317757457016));
#661 = CARTESIAN_POINT('',(5.673606252283,3.38576510972));
#662 = CARTESIAN_POINT('',(5.711528216158,3.452521261373));
#663 = CARTESIAN_POINT('',(5.750109971872,3.517247280989));
#664 = CARTESIAN_POINT('',(5.819613583121,3.626660146093));
#665 = CARTESIAN_POINT('',(5.850254094456,3.672533840553));
#666 = CARTESIAN_POINT('',(5.881307565558,3.716276018125));
#667 = CARTESIAN_POINT('',(5.912767230624,3.757442987487));
#668 = CARTESIAN_POINT('',(5.944629475027,3.795595640014));
#669 = CARTESIAN_POINT('',(6.026197620362,3.883360575827));
#670 = CARTESIAN_POINT('',(6.076530590593,3.928480620438));
#671 = CARTESIAN_POINT('',(6.127618314936,3.96380725988));
#672 = CARTESIAN_POINT('',(6.179230132504,3.987905752847));
#673 = CARTESIAN_POINT('',(6.231155950663,4.));
#674 = CARTESIAN_POINT('',(6.28318530718,4.));
#675 = ( GEOMETRIC_REPRESENTATION_CONTEXT(2) 
PARAMETRIC_REPRESENTATION_CONTEXT() REPRESENTATION_CONTEXT('2D SPACE',''
  ) );
#676 = ADVANCED_FACE('',(#677),#297,.T.);
#677 = FACE_BOUND('',#678,.T.);
#678 = EDGE_LOOP('',(#679,#680,#703,#730,#731));
#679 = ORIENTED_EDGE('',*,*,#434,.T.);
#680 = ORIENTED_EDGE('',*,*,#681,.T.);
#681 = EDGE_CURVE('',#134,#682,#684,.T.);
#682 = VERTEX_POINT('',#683);
#683 = CARTESIAN_POINT('',(42.5,-2.694222958124E-15,155.));
#684 = SEAM_CURVE('',#685,(#689,#696),.PCURVE_S1.);
#685 = LINE('',#686,#687);
#686 = CARTESIAN_POINT('',(28.5,-2.694222958124E-15,155.));
#687 = VECTOR('',#688,1.);
#688 = DIRECTION('',(1.,0.,2.22044604925E-16));
#689 = PCURVE('',#297,#690);
#690 = DEFINITIONAL_REPRESENTATION('',(#691),#695);
#691 = LINE('',#692,#693);
#692 = CARTESIAN_POINT('',(0.,-0.));
#693 = VECTOR('',#694,1.);
#694 = DIRECTION('',(0.,1.));
#695 = ( GEOMETRIC_REPRESENTATION_CONTEXT(2) 
PARAMETRIC_REPRESENTATION_CONTEXT() REPRESENTATION_CONTEXT('2D SPACE',''
  ) );
#696 = PCURVE('',#297,#697);
#697 = DEFINITIONAL_REPRESENTATION('',(#698),#702);
#698 = LINE('',#699,#700);
#699 = CARTESIAN_POINT('',(6.28318530718,-0.));
#700 = VECTOR('',#701,1.);
#701 = DIRECTION('',(0.,1.));
#702 = ( GEOMETRIC_REPRESENTATION_CONTEXT(2) 
PARAMETRIC_REPRESENTATION_CONTEXT() REPRESENTATION_CONTEXT('2D SPACE',''
  ) );
#703 = ORIENTED_EDGE('',*,*,#704,.F.);
#704 = EDGE_CURVE('',#682,#682,#705,.T.);
#705 = SURFACE_CURVE('',#706,(#711,#718),.PCURVE_S1.);
#706 = CIRCLE('',#707,11.);
#707 = AXIS2_PLACEMENT_3D('',#708,#709,#710);
#708 = CARTESIAN_POINT('',(42.5,0.,166.));
#709 = DIRECTION('',(1.,-0.,2.22044604925E-16));
#710 = DIRECTION('',(2.22044604925E-16,0.,-1.));
#711 = PCURVE('',#297,#712);
#712 = DEFINITIONAL_REPRESENTATION('',(#713),#717);
#713 = LINE('',#714,#715);
#714 = CARTESIAN_POINT('',(0.,14.));
#715 = VECTOR('',#716,1.);
#716 = DIRECTION('',(1.,0.));
#717 = ( GEOMETRIC_REPRESENTATION_CONTEXT(2) 
PARAMETRIC_REPRESENTATION_CONTEXT() REPRESENTATION_CONTEXT('2D SPACE',''
  ) );
#718 = PCURVE('',#719,#724);
#719 = PLANE('',#720);
#720 = AXIS2_PLACEMENT_3D('',#721,#722,#723);
#721 = CARTESIAN_POINT('',(42.5,0.,166.));
#722 = DIRECTION('',(1.,0.,2.22044604925E-16));
#723 = DIRECTION('',(2.22044604925E-16,0.,-1.));
#724 = DEFINITIONAL_REPRESENTATION('',(#725),#729);
#725 = CIRCLE('',#726,11.);
#726 = AXIS2_PLACEMENT_2D('',#727,#728);
#727 = CARTESIAN_POINT('',(0.,0.));
#728 = DIRECTION('',(1.,0.));
#729 = ( GEOMETRIC_REPRESENTATION_CONTEXT(2) 
PARAMETRIC_REPRESENTATION_CONTEXT() REPRESENTATION_CONTEXT('2D SPACE',''
  ) );
#730 = ORIENTED_EDGE('',*,*,#681,.F.);
#731 = ORIENTED_EDGE('',*,*,#133,.T.);
#732 = ADVANCED_FACE('',(#733,#736),#421,.F.);
#733 = FACE_BOUND('',#734,.F.);
#734 = EDGE_LOOP('',(#735));
#735 = ORIENTED_EDGE('',*,*,#406,.T.);
#736 = FACE_BOUND('',#737,.F.);
#737 = EDGE_LOOP('',(#738));
#738 = ORIENTED_EDGE('',*,*,#739,.F.);
#739 = EDGE_CURVE('',#740,#740,#742,.T.);
#740 = VERTEX_POINT('',#741);
#741 = CARTESIAN_POINT('',(29.5,-7.225416114969E-15,61.));
#742 = SURFACE_CURVE('',#743,(#748,#755),.PCURVE_S1.);
#743 = CIRCLE('',#744,29.5);
#744 = AXIS2_PLACEMENT_3D('',#745,#746,#747);
#745 = CARTESIAN_POINT('',(0.,0.,61.));
#746 = DIRECTION('',(0.,0.,1.));
#747 = DIRECTION('',(1.,0.,-0.));
#748 = PCURVE('',#421,#749);
#749 = DEFINITIONAL_REPRESENTATION('',(#750),#754);
#750 = CIRCLE('',#751,29.5);
#751 = AXIS2_PLACEMENT_2D('',#752,#753);
#752 = CARTESIAN_POINT('',(0.,0.));
#753 = DIRECTION('',(1.,0.));
#754 = ( GEOMETRIC_REPRESENTATION_CONTEXT(2) 
PARAMETRIC_REPRESENTATION_CONTEXT() REPRESENTATION_CONTEXT('2D SPACE',''
  ) );
#755 = PCURVE('',#756,#761);
#756 = CYLINDRICAL_SURFACE('',#757,29.5);
#757 = AXIS2_PLACEMENT_3D('',#758,#759,#760);
#758 = CARTESIAN_POINT('',(0.,0.,60.));
#759 = DIRECTION('',(0.,0.,1.));
#760 = DIRECTION('',(1.,0.,-0.));
#761 = DEFINITIONAL_REPRESENTATION('',(#762),#766);
#762 = LINE('',#763,#764);
#763 = CARTESIAN_POINT('',(0.,1.));
#764 = VECTOR('',#765,1.);
#765 = DIRECTION('',(1.,0.));
#766 = ( GEOMETRIC_REPRESENTATION_CONTEXT(2) 
PARAMETRIC_REPRESENTATION_CONTEXT() REPRESENTATION_CONTEXT('2D SPACE',''
  ) );
#767 = ADVANCED_FACE('',(#768,#771),#120,.T.);
#768 = FACE_BOUND('',#769,.T.);
#769 = EDGE_LOOP('',(#770));
#770 = ORIENTED_EDGE('',*,*,#105,.T.);
#771 = FACE_BOUND('',#772,.T.);
#772 = EDGE_LOOP('',(#773));
#773 = ORIENTED_EDGE('',*,*,#774,.F.);
#774 = EDGE_CURVE('',#775,#775,#777,.T.);
#775 = VERTEX_POINT('',#776);
#776 = CARTESIAN_POINT('',(29.5,-7.225416114969E-15,265.));
#777 = SURFACE_CURVE('',#778,(#783,#790),.PCURVE_S1.);
#778 = CIRCLE('',#779,29.5);
#779 = AXIS2_PLACEMENT_3D('',#780,#781,#782);
#780 = CARTESIAN_POINT('',(0.,0.,265.));
#781 = DIRECTION('',(0.,0.,1.));
#782 = DIRECTION('',(1.,0.,-0.));
#783 = PCURVE('',#120,#784);
#784 = DEFINITIONAL_REPRESENTATION('',(#785),#789);
#785 = CIRCLE('',#786,29.5);
#786 = AXIS2_PLACEMENT_2D('',#787,#788);
#787 = CARTESIAN_POINT('',(0.,0.));
#788 = DIRECTION('',(1.,0.));
#789 = ( GEOMETRIC_REPRESENTATION_CONTEXT(2) 
PARAMETRIC_REPRESENTATION_CONTEXT() REPRESENTATION_CONTEXT('2D SPACE',''
  ) );
#790 = PCURVE('',#756,#791);
#791 = DEFINITIONAL_REPRESENTATION('',(#792),#796);
#792 = LINE('',#793,#794);
#793 = CARTESIAN_POINT('',(0.,205.));
#794 = VECTOR('',#795,1.);
#795 = DIRECTION('',(1.,0.));
#796 = ( GEOMETRIC_REPRESENTATION_CONTEXT(2) 
PARAMETRIC_REPRESENTATION_CONTEXT() REPRESENTATION_CONTEXT('2D SPACE',''
  ) );
#797 = ADVANCED_FACE('',(#798,#801),#719,.T.);
#798 = FACE_BOUND('',#799,.T.);
#799 = EDGE_LOOP('',(#800));
#800 = ORIENTED_EDGE('',*,*,#704,.T.);
#801 = FACE_BOUND('',#802,.T.);
#802 = EDGE_LOOP('',(#803));
#803 = ORIENTED_EDGE('',*,*,#804,.F.);
#804 = EDGE_CURVE('',#805,#805,#807,.T.);
#805 = VERTEX_POINT('',#806);
#806 = CARTESIAN_POINT('',(42.5,-1.469576158977E-15,160.));
#807 = SURFACE_CURVE('',#808,(#813,#820),.PCURVE_S1.);
#808 = CIRCLE('',#809,6.);
#809 = AXIS2_PLACEMENT_3D('',#810,#811,#812);
#810 = CARTESIAN_POINT('',(42.5,0.,166.));
#811 = DIRECTION('',(1.,0.,2.22044604925E-16));
#812 = DIRECTION('',(2.22044604925E-16,0.,-1.));
#813 = PCURVE('',#719,#814);
#814 = DEFINITIONAL_REPRESENTATION('',(#815),#819);
#815 = CIRCLE('',#816,6.);
#816 = AXIS2_PLACEMENT_2D('',#817,#818);
#817 = CARTESIAN_POINT('',(0.,0.));
#818 = DIRECTION('',(1.,0.));
#819 = ( GEOMETRIC_REPRESENTATION_CONTEXT(2) 
PARAMETRIC_REPRESENTATION_CONTEXT() REPRESENTATION_CONTEXT('2D SPACE',''
  ) );
#820 = PCURVE('',#821,#826);
#821 = CYLINDRICAL_SURFACE('',#822,6.);
#822 = AXIS2_PLACEMENT_3D('',#823,#824,#825);
#823 = CARTESIAN_POINT('',(37.5,0.,166.));
#824 = DIRECTION('',(1.,0.,2.22044604925E-16));
#825 = DIRECTION('',(2.22044604925E-16,0.,-1.));
#826 = DEFINITIONAL_REPRESENTATION('',(#827),#831);
#827 = LINE('',#828,#829);
#828 = CARTESIAN_POINT('',(0.,5.));
#829 = VECTOR('',#830,1.);
#830 = DIRECTION('',(1.,0.));
#831 = ( GEOMETRIC_REPRESENTATION_CONTEXT(2) 
PARAMETRIC_REPRESENTATION_CONTEXT() REPRESENTATION_CONTEXT('2D SPACE',''
  ) );
#832 = ADVANCED_FACE('',(#833),#756,.F.);
#833 = FACE_BOUND('',#834,.F.);
#834 = EDGE_LOOP('',(#835,#858,#859,#860,#993,#1014,#1015,#1016));
#835 = ORIENTED_EDGE('',*,*,#836,.T.);
#836 = EDGE_CURVE('',#837,#740,#839,.T.);
#837 = VERTEX_POINT('',#838);
#838 = CARTESIAN_POINT('',(29.5,-4.102566777144E-15,162.));
#839 = SEAM_CURVE('',#840,(#844,#851),.PCURVE_S1.);
#840 = LINE('',#841,#842);
#841 = CARTESIAN_POINT('',(29.5,-7.225416114969E-15,265.));
#842 = VECTOR('',#843,1.);
#843 = DIRECTION('',(0.,0.,-1.));
#844 = PCURVE('',#756,#845);
#845 = DEFINITIONAL_REPRESENTATION('',(#846),#850);
#846 = LINE('',#847,#848);
#847 = CARTESIAN_POINT('',(0.,205.));
#848 = VECTOR('',#849,1.);
#849 = DIRECTION('',(-0.,-1.));
#850 = ( GEOMETRIC_REPRESENTATION_CONTEXT(2) 
PARAMETRIC_REPRESENTATION_CONTEXT() REPRESENTATION_CONTEXT('2D SPACE',''
  ) );
#851 = PCURVE('',#756,#852);
#852 = DEFINITIONAL_REPRESENTATION('',(#853),#857);
#853 = LINE('',#854,#855);
#854 = CARTESIAN_POINT('',(6.28318530718,205.));
#855 = VECTOR('',#856,1.);
#856 = DIRECTION('',(-0.,-1.));
#857 = ( GEOMETRIC_REPRESENTATION_CONTEXT(2) 
PARAMETRIC_REPRESENTATION_CONTEXT() REPRESENTATION_CONTEXT('2D SPACE',''
  ) );
#858 = ORIENTED_EDGE('',*,*,#739,.T.);
#859 = ORIENTED_EDGE('',*,*,#836,.F.);
#860 = ORIENTED_EDGE('',*,*,#861,.F.);
#861 = EDGE_CURVE('',#862,#837,#864,.T.);
#862 = VERTEX_POINT('',#863);
#863 = CARTESIAN_POINT('',(29.5,-7.225416114969E-15,170.));
#864 = SURFACE_CURVE('',#865,(#904,#946),.PCURVE_S1.);
#865 = B_SPLINE_CURVE_WITH_KNOTS('',7,(#866,#867,#868,#869,#870,#871,
    #872,#873,#874,#875,#876,#877,#878,#879,#880,#881,#882,#883,#884,
    #885,#886,#887,#888,#889,#890,#891,#892,#893,#894,#895,#896,#897,
    #898,#899,#900,#901,#902,#903),.UNSPECIFIED.,.F.,.F.,(8,6,6,6,6,6,8)
  ,(0.,0.156602662608,0.302100322038,0.500000003861,0.697899683855,
    0.843397340617,1.),.UNSPECIFIED.);
#866 = CARTESIAN_POINT('',(29.5,-2.6645352591E-15,170.));
#867 = CARTESIAN_POINT('',(29.5,-0.342561316972,170.));
#868 = CARTESIAN_POINT('',(29.495359070631,-0.681844520357,
    169.96577351504));
#869 = CARTESIAN_POINT('',(29.486237378468,-1.012472333745,
    169.8984990372));
#870 = CARTESIAN_POINT('',(29.473223896887,-1.329333597478,
    169.80071915476));
#871 = CARTESIAN_POINT('',(29.457285957233,-1.62789915447,
    169.67626605419));
#872 = CARTESIAN_POINT('',(29.439543911875,-1.904501439695,
    169.53021782124));
#873 = CARTESIAN_POINT('',(29.403903419833,-2.390731650447,
    169.21896161574));
#874 = CARTESIAN_POINT('',(29.385938780363,-2.605988509098,
    169.05439363441));
#875 = CARTESIAN_POINT('',(29.367790791415,-2.802528753805,
    168.87781473763));
#876 = CARTESIAN_POINT('',(29.349974378161,-2.980743723083,
    168.69142164702));
#877 = CARTESIAN_POINT('',(29.332900982115,-3.141133580767,
    168.49702923256));
#878 = CARTESIAN_POINT('',(29.316888792806,-3.284235928457,
    168.29613748094));
#879 = CARTESIAN_POINT('',(29.282186748437,-3.582382140767,
    167.80960708137));
#880 = CARTESIAN_POINT('',(29.264587735386,-3.723349360595,167.519204646
    ));
#881 = CARTESIAN_POINT('',(29.250009362199,-3.834719821377,
    167.22174269571));
#882 = CARTESIAN_POINT('',(29.238842680741,-3.917524086414,
    166.91944054224));
#883 = CARTESIAN_POINT('',(29.231319991282,-3.972493881944,
    166.61405395774));
#884 = CARTESIAN_POINT('',(29.227555491351,-4.,166.30709517552));
#885 = CARTESIAN_POINT('',(29.227555491351,-4.,165.69290482731));
#886 = CARTESIAN_POINT('',(29.231319991424,-3.972493880759,
    165.38594603569));
#887 = CARTESIAN_POINT('',(29.238842680534,-3.917524088153,
    165.08055946159));
#888 = CARTESIAN_POINT('',(29.250009362131,-3.834719821929,
    164.77825730826));
#889 = CARTESIAN_POINT('',(29.264587735697,-3.723349357971,
    164.48079534759));
#890 = CARTESIAN_POINT('',(29.282186748249,-3.582382142387,
    164.19039292127));
#891 = CARTESIAN_POINT('',(29.316888792811,-3.284235928415,
    163.70386251898));
#892 = CARTESIAN_POINT('',(29.33290098211,-3.141133580798,
    163.50297076751));
#893 = CARTESIAN_POINT('',(29.349974378156,-2.980743723145,
    163.30857835301));
#894 = CARTESIAN_POINT('',(29.367790791419,-2.80252875377,
    163.12218526231));
#895 = CARTESIAN_POINT('',(29.385938780369,-2.605988509008,
    162.94560636554));
#896 = CARTESIAN_POINT('',(29.403903419828,-2.390731650526,
    162.78103838431));
#897 = CARTESIAN_POINT('',(29.439543911839,-1.904501440178,
    162.46978217906));
#898 = CARTESIAN_POINT('',(29.457285957235,-1.62789915457,
    162.32373394574));
#899 = CARTESIAN_POINT('',(29.473223896918,-1.32933359705,162.199280845)
  );
#900 = CARTESIAN_POINT('',(29.486237378477,-1.012472333248,
    162.10150096273));
#901 = CARTESIAN_POINT('',(29.495359070613,-0.681844520403,
    162.03422648507));
#902 = CARTESIAN_POINT('',(29.5,-0.342561317608,162.));
#903 = CARTESIAN_POINT('',(29.5,-3.996802888651E-15,162.));
#904 = PCURVE('',#756,#905);
#905 = DEFINITIONAL_REPRESENTATION('',(#906),#945);
#906 = B_SPLINE_CURVE_WITH_KNOTS('',7,(#907,#908,#909,#910,#911,#912,
    #913,#914,#915,#916,#917,#918,#919,#920,#921,#922,#923,#924,#925,
    #926,#927,#928,#929,#930,#931,#932,#933,#934,#935,#936,#937,#938,
    #939,#940,#941,#942,#943,#944),.UNSPECIFIED.,.F.,.F.,(8,6,6,6,6,6,8)
  ,(0.,0.156602662608,0.302100322038,0.500000003861,0.697899683855,
    0.843397340617,1.),.UNSPECIFIED.);
#907 = CARTESIAN_POINT('',(6.28318530718,110.));
#908 = CARTESIAN_POINT('',(6.271573059147,110.));
#909 = CARTESIAN_POINT('',(6.260071932564,109.96577351504));
#910 = CARTESIAN_POINT('',(6.248861658193,109.8984990372));
#911 = CARTESIAN_POINT('',(6.23811313001,109.80071915476));
#912 = CARTESIAN_POINT('',(6.227978815473,109.67626605419));
#913 = CARTESIAN_POINT('',(6.218583589273,109.53021782124));
#914 = CARTESIAN_POINT('',(6.20205699001,109.21896161574));
#915 = CARTESIAN_POINT('',(6.194735153374,109.05439363441));
#916 = CARTESIAN_POINT('',(6.18804480158,108.87781473763));
#917 = CARTESIAN_POINT('',(6.181973754416,108.69142164702));
#918 = CARTESIAN_POINT('',(6.176506224761,108.49702923256));
#919 = CARTESIAN_POINT('',(6.171625073492,108.29613748094));
#920 = CARTESIAN_POINT('',(6.161450193801,107.80960708137));
#921 = CARTESIAN_POINT('',(6.156634713778,107.519204646));
#922 = CARTESIAN_POINT('',(6.152827302234,107.22174269571));
#923 = CARTESIAN_POINT('',(6.149994969847,106.91944054224));
#924 = CARTESIAN_POINT('',(6.148114223097,106.61405395774));
#925 = CARTESIAN_POINT('',(6.147173119168,106.30709517552));
#926 = CARTESIAN_POINT('',(6.147173119168,105.69290482731));
#927 = CARTESIAN_POINT('',(6.148114223138,105.38594603569));
#928 = CARTESIAN_POINT('',(6.149994969788,105.08055946159));
#929 = CARTESIAN_POINT('',(6.152827302215,104.77825730826));
#930 = CARTESIAN_POINT('',(6.156634713867,104.48079534759));
#931 = CARTESIAN_POINT('',(6.161450193746,104.19039292127));
#932 = CARTESIAN_POINT('',(6.171625073494,103.70386251898));
#933 = CARTESIAN_POINT('',(6.17650622476,103.50297076751));
#934 = CARTESIAN_POINT('',(6.181973754414,103.30857835301));
#935 = CARTESIAN_POINT('',(6.188044801581,103.12218526231));
#936 = CARTESIAN_POINT('',(6.194735153377,102.94560636554));
#937 = CARTESIAN_POINT('',(6.202056990007,102.78103838431));
#938 = CARTESIAN_POINT('',(6.218583589257,102.46978217906));
#939 = CARTESIAN_POINT('',(6.227978815469,102.32373394574));
#940 = CARTESIAN_POINT('',(6.238113130025,102.199280845));
#941 = CARTESIAN_POINT('',(6.24886165821,102.10150096273));
#942 = CARTESIAN_POINT('',(6.260071932562,102.03422648507));
#943 = CARTESIAN_POINT('',(6.271573059125,102.));
#944 = CARTESIAN_POINT('',(6.28318530718,102.));
#945 = ( GEOMETRIC_REPRESENTATION_CONTEXT(2) 
PARAMETRIC_REPRESENTATION_CONTEXT() REPRESENTATION_CONTEXT('2D SPACE',''
  ) );
#946 = PCURVE('',#947,#952);
#947 = CYLINDRICAL_SURFACE('',#948,4.);
#948 = AXIS2_PLACEMENT_3D('',#949,#950,#951);
#949 = CARTESIAN_POINT('',(28.5,0.,166.));
#950 = DIRECTION('',(1.,0.,2.22044604925E-16));
#951 = DIRECTION('',(2.22044604925E-16,0.,-1.));
#952 = DEFINITIONAL_REPRESENTATION('',(#953),#992);
#953 = B_SPLINE_CURVE_WITH_KNOTS('',7,(#954,#955,#956,#957,#958,#959,
    #960,#961,#962,#963,#964,#965,#966,#967,#968,#969,#970,#971,#972,
    #973,#974,#975,#976,#977,#978,#979,#980,#981,#982,#983,#984,#985,
    #986,#987,#988,#989,#990,#991),.UNSPECIFIED.,.F.,.F.,(8,6,6,6,6,6,8)
  ,(0.,0.156602662608,0.302100322038,0.500000003861,0.697899683855,
    0.843397340617,1.),.UNSPECIFIED.);
#954 = CARTESIAN_POINT('',(3.14159265359,1.));
#955 = CARTESIAN_POINT('',(3.227232982833,1.));
#956 = CARTESIAN_POINT('',(3.312053746232,0.995359070631));
#957 = CARTESIAN_POINT('',(3.395736802396,0.986237378468));
#958 = CARTESIAN_POINT('',(3.477941008383,0.973223896887));
#959 = CARTESIAN_POINT('',(3.558263489931,0.957285957233));
#960 = CARTESIAN_POINT('',(3.636188376677,0.939543911875));
#961 = CARTESIAN_POINT('',(3.780518779596,0.903903419833));
#962 = CARTESIAN_POINT('',(3.848023370317,0.885938780363));
#963 = CARTESIAN_POINT('',(3.91375407432,0.867790791415));
#964 = CARTESIAN_POINT('',(3.977904893004,0.849974378161));
#965 = CARTESIAN_POINT('',(4.040652740521,0.832900982115));
#966 = CARTESIAN_POINT('',(4.102167645926,0.816888792806));
#967 = CARTESIAN_POINT('',(4.244821727891,0.782186748437));
#968 = CARTESIAN_POINT('',(4.325138083114,0.764587735386));
#969 = CARTESIAN_POINT('',(4.403999022055,0.750009362199));
#970 = CARTESIAN_POINT('',(4.481790538355,0.738842680741));
#971 = CARTESIAN_POINT('',(4.558875157706,0.731319991282));
#972 = CARTESIAN_POINT('',(4.635615186504,0.727555491351));
#973 = CARTESIAN_POINT('',(4.789162773555,0.727555491351));
#974 = CARTESIAN_POINT('',(4.865902804777,0.731319991424));
#975 = CARTESIAN_POINT('',(4.942987421342,0.738842680534));
#976 = CARTESIAN_POINT('',(5.020778937691,0.750009362131));
#977 = CARTESIAN_POINT('',(5.099639879428,0.764587735697));
#978 = CARTESIAN_POINT('',(5.179956232103,0.782186748249));
#979 = CARTESIAN_POINT('',(5.322610314864,0.816888792811));
#980 = CARTESIAN_POINT('',(5.384125220229,0.83290098211));
#981 = CARTESIAN_POINT('',(5.446873067747,0.849974378156));
#982 = CARTESIAN_POINT('',(5.511023886466,0.867790791419));
#983 = CARTESIAN_POINT('',(5.576754590476,0.885938780369));
#984 = CARTESIAN_POINT('',(5.64425918115,0.903903419828));
#985 = CARTESIAN_POINT('',(5.788589583949,0.939543911839));
#986 = CARTESIAN_POINT('',(5.866514470824,0.957285957235));
#987 = CARTESIAN_POINT('',(5.946836952504,0.973223896918));
#988 = CARTESIAN_POINT('',(6.029041158492,0.986237378477));
#989 = CARTESIAN_POINT('',(6.112724214526,0.995359070613));
#990 = CARTESIAN_POINT('',(6.197544977778,1.));
#991 = CARTESIAN_POINT('',(6.28318530718,1.));
#992 = ( GEOMETRIC_REPRESENTATION_CONTEXT(2) 
PARAMETRIC_REPRESENTATION_CONTEXT() REPRESENTATION_CONTEXT('2D SPACE',''
  ) );
#993 = ORIENTED_EDGE('',*,*,#994,.F.);
#994 = EDGE_CURVE('',#775,#862,#995,.T.);
#995 = SEAM_CURVE('',#996,(#1000,#1007),.PCURVE_S1.);
#996 = LINE('',#997,#998);
#997 = CARTESIAN_POINT('',(29.5,-7.225416114969E-15,265.));
#998 = VECTOR('',#999,1.);
#999 = DIRECTION('',(0.,0.,-1.));
#1000 = PCURVE('',#756,#1001);
#1001 = DEFINITIONAL_REPRESENTATION('',(#1002),#1006);
#1002 = LINE('',#1003,#1004);
#1003 = CARTESIAN_POINT('',(0.,205.));
#1004 = VECTOR('',#1005,1.);
#1005 = DIRECTION('',(-0.,-1.));
#1006 = ( GEOMETRIC_REPRESENTATION_CONTEXT(2) 
PARAMETRIC_REPRESENTATION_CONTEXT() REPRESENTATION_CONTEXT('2D SPACE',''
  ) );
#1007 = PCURVE('',#756,#1008);
#1008 = DEFINITIONAL_REPRESENTATION('',(#1009),#1013);
#1009 = LINE('',#1010,#1011);
#1010 = CARTESIAN_POINT('',(6.28318530718,205.));
#1011 = VECTOR('',#1012,1.);
#1012 = DIRECTION('',(-0.,-1.));
#1013 = ( GEOMETRIC_REPRESENTATION_CONTEXT(2) 
PARAMETRIC_REPRESENTATION_CONTEXT() REPRESENTATION_CONTEXT('2D SPACE',''
  ) );
#1014 = ORIENTED_EDGE('',*,*,#774,.F.);
#1015 = ORIENTED_EDGE('',*,*,#994,.T.);
#1016 = ORIENTED_EDGE('',*,*,#1017,.F.);
#1017 = EDGE_CURVE('',#837,#862,#1018,.T.);
#1018 = SURFACE_CURVE('',#1019,(#1058,#1100),.PCURVE_S1.);
#1019 = B_SPLINE_CURVE_WITH_KNOTS('',7,(#1020,#1021,#1022,#1023,#1024,
    #1025,#1026,#1027,#1028,#1029,#1030,#1031,#1032,#1033,#1034,#1035,
    #1036,#1037,#1038,#1039,#1040,#1041,#1042,#1043,#1044,#1045,#1046,
    #1047,#1048,#1049,#1050,#1051,#1052,#1053,#1054,#1055,#1056,#1057),
  .UNSPECIFIED.,.F.,.F.,(8,6,6,6,6,6,8),(0.,0.156602661229,
    0.302100319639,0.500000000008,0.697899680377,0.843397338787,1.),
  .UNSPECIFIED.);
#1020 = CARTESIAN_POINT('',(29.5,-4.898587196589E-16,162.));
#1021 = CARTESIAN_POINT('',(29.5,0.342561317472,162.));
#1022 = CARTESIAN_POINT('',(29.495359070617,0.681844520385,
    162.03422648505));
#1023 = CARTESIAN_POINT('',(29.486237378476,1.012472333353,
    162.10150096274));
#1024 = CARTESIAN_POINT('',(29.473223896911,1.329333597155,
    162.19928084505));
#1025 = CARTESIAN_POINT('',(29.457285957234,1.627899154554,
    162.32373394576));
#1026 = CARTESIAN_POINT('',(29.439543911848,1.904501440061,
    162.46978217899));
#1027 = CARTESIAN_POINT('',(29.403903419828,2.390731650526,
    162.78103838431));
#1028 = CARTESIAN_POINT('',(29.385938780369,2.605988509008,
    162.94560636554));
#1029 = CARTESIAN_POINT('',(29.367790791419,2.80252875377,
    163.12218526231));
#1030 = CARTESIAN_POINT('',(29.349974378156,2.980743723145,
    163.30857835301));
#1031 = CARTESIAN_POINT('',(29.33290098211,3.141133580798,
    163.50297076751));
#1032 = CARTESIAN_POINT('',(29.316888792811,3.284235928415,
    163.70386251898));
#1033 = CARTESIAN_POINT('',(29.282186748437,3.582382140767,
    164.19039291862));
#1034 = CARTESIAN_POINT('',(29.264587735386,3.723349360595,
    164.48079535399));
#1035 = CARTESIAN_POINT('',(29.250009362199,3.834719821377,
    164.77825730429));
#1036 = CARTESIAN_POINT('',(29.238842680741,3.917524086414,
    165.08055945775));
#1037 = CARTESIAN_POINT('',(29.231319991282,3.972493881943,
    165.38594604225));
#1038 = CARTESIAN_POINT('',(29.227555491351,4.,165.69290482447));
#1039 = CARTESIAN_POINT('',(29.227555491351,4.,166.30709517552));
#1040 = CARTESIAN_POINT('',(29.231319991282,3.972493881944,
    166.61405395774));
#1041 = CARTESIAN_POINT('',(29.238842680741,3.917524086413,
    166.91944054224));
#1042 = CARTESIAN_POINT('',(29.250009362199,3.834719821377,
    167.2217426957));
#1043 = CARTESIAN_POINT('',(29.264587735386,3.723349360596,167.519204646
    ));
#1044 = CARTESIAN_POINT('',(29.282186748437,3.582382140767,
    167.80960708137));
#1045 = CARTESIAN_POINT('',(29.316888792811,3.284235928415,
    168.29613748101));
#1046 = CARTESIAN_POINT('',(29.33290098211,3.141133580798,
    168.49702923248));
#1047 = CARTESIAN_POINT('',(29.349974378156,2.980743723145,
    168.69142164698));
#1048 = CARTESIAN_POINT('',(29.367790791419,2.80252875377,
    168.87781473769));
#1049 = CARTESIAN_POINT('',(29.385938780369,2.605988509008,
    169.05439363445));
#1050 = CARTESIAN_POINT('',(29.403903419828,2.390731650526,
    169.21896161569));
#1051 = CARTESIAN_POINT('',(29.439543911846,1.904501440088,
    169.53021782098));
#1052 = CARTESIAN_POINT('',(29.457285957234,1.627899154557,
    169.67626605423));
#1053 = CARTESIAN_POINT('',(29.473223896913,1.329333597131,
    169.80071915495));
#1054 = CARTESIAN_POINT('',(29.486237378476,1.012472333332,
    169.89849903725));
#1055 = CARTESIAN_POINT('',(29.495359070616,0.681844520389,
    169.96577351494));
#1056 = CARTESIAN_POINT('',(29.5,0.342561317501,170.));
#1057 = CARTESIAN_POINT('',(29.5,7.347880794884E-16,170.));
#1058 = PCURVE('',#756,#1059);
#1059 = DEFINITIONAL_REPRESENTATION('',(#1060),#1099);
#1060 = B_SPLINE_CURVE_WITH_KNOTS('',7,(#1061,#1062,#1063,#1064,#1065,
    #1066,#1067,#1068,#1069,#1070,#1071,#1072,#1073,#1074,#1075,#1076,
    #1077,#1078,#1079,#1080,#1081,#1082,#1083,#1084,#1085,#1086,#1087,
    #1088,#1089,#1090,#1091,#1092,#1093,#1094,#1095,#1096,#1097,#1098),
  .UNSPECIFIED.,.F.,.F.,(8,6,6,6,6,6,8),(0.,0.156602661229,
    0.302100319639,0.500000000008,0.697899680377,0.843397338787,1.),
  .UNSPECIFIED.);
#1061 = CARTESIAN_POINT('',(0.,102.));
#1062 = CARTESIAN_POINT('',(1.161224804991E-02,102.));
#1063 = CARTESIAN_POINT('',(2.311337461694E-02,102.03422648505));
#1064 = CARTESIAN_POINT('',(3.432364897352E-02,102.10150096274));
#1065 = CARTESIAN_POINT('',(4.507217715818E-02,102.19928084505));
#1066 = CARTESIAN_POINT('',(5.52064917097E-02,102.32373394576));
#1067 = CARTESIAN_POINT('',(6.460171791893E-02,102.46978217899));
#1068 = CARTESIAN_POINT('',(8.112831717272E-02,102.78103838431));
#1069 = CARTESIAN_POINT('',(8.845015380242E-02,102.94560636554));
#1070 = CARTESIAN_POINT('',(9.514050559846E-02,103.12218526231));
#1071 = CARTESIAN_POINT('',(0.101211552766,103.30857835301));
#1072 = CARTESIAN_POINT('',(0.10667908242,103.50297076751));
#1073 = CARTESIAN_POINT('',(0.111560233686,103.70386251898));
#1074 = CARTESIAN_POINT('',(0.121735113379,104.19039291862));
#1075 = CARTESIAN_POINT('',(0.126550593402,104.48079535399));
#1076 = CARTESIAN_POINT('',(0.130358004945,104.77825730429));
#1077 = CARTESIAN_POINT('',(0.133190337333,105.08055945775));
#1078 = CARTESIAN_POINT('',(0.135071084083,105.38594604225));
#1079 = CARTESIAN_POINT('',(0.136012188012,105.69290482447));
#1080 = CARTESIAN_POINT('',(0.136012188012,106.30709517552));
#1081 = CARTESIAN_POINT('',(0.135071084083,106.61405395774));
#1082 = CARTESIAN_POINT('',(0.133190337333,106.91944054224));
#1083 = CARTESIAN_POINT('',(0.130358004945,107.2217426957));
#1084 = CARTESIAN_POINT('',(0.126550593402,107.519204646));
#1085 = CARTESIAN_POINT('',(0.121735113379,107.80960708137));
#1086 = CARTESIAN_POINT('',(0.111560233686,108.29613748101));
#1087 = CARTESIAN_POINT('',(0.10667908242,108.49702923248));
#1088 = CARTESIAN_POINT('',(0.101211552766,108.69142164698));
#1089 = CARTESIAN_POINT('',(9.514050559846E-02,108.87781473769));
#1090 = CARTESIAN_POINT('',(8.845015380242E-02,109.05439363445));
#1091 = CARTESIAN_POINT('',(8.112831717272E-02,109.21896161569));
#1092 = CARTESIAN_POINT('',(6.460171791983E-02,109.53021782098));
#1093 = CARTESIAN_POINT('',(5.52064917098E-02,109.67626605423));
#1094 = CARTESIAN_POINT('',(4.507217715736E-02,109.80071915495));
#1095 = CARTESIAN_POINT('',(3.432364897279E-02,109.89849903725));
#1096 = CARTESIAN_POINT('',(2.311337461709E-02,109.96577351494));
#1097 = CARTESIAN_POINT('',(1.161224805088E-02,110.));
#1098 = CARTESIAN_POINT('',(0.,110.));
#1099 = ( GEOMETRIC_REPRESENTATION_CONTEXT(2) 
PARAMETRIC_REPRESENTATION_CONTEXT() REPRESENTATION_CONTEXT('2D SPACE',''
  ) );
#1100 = PCURVE('',#947,#1101);
#1101 = DEFINITIONAL_REPRESENTATION('',(#1102),#1141);
#1102 = B_SPLINE_CURVE_WITH_KNOTS('',7,(#1103,#1104,#1105,#1106,#1107,
    #1108,#1109,#1110,#1111,#1112,#1113,#1114,#1115,#1116,#1117,#1118,
    #1119,#1120,#1121,#1122,#1123,#1124,#1125,#1126,#1127,#1128,#1129,
    #1130,#1131,#1132,#1133,#1134,#1135,#1136,#1137,#1138,#1139,#1140),
  .UNSPECIFIED.,.F.,.F.,(8,6,6,6,6,6,8),(0.,0.156602661229,
    0.302100319639,0.500000000008,0.697899680377,0.843397338787,1.),
  .UNSPECIFIED.);
#1103 = CARTESIAN_POINT('',(0.,1.));
#1104 = CARTESIAN_POINT('',(8.564032936807E-02,1.));
#1105 = CARTESIAN_POINT('',(0.170461092649,0.995359070617));
#1106 = CARTESIAN_POINT('',(0.254144148712,0.986237378476));
#1107 = CARTESIAN_POINT('',(0.336348354704,0.973223896911));
#1108 = CARTESIAN_POINT('',(0.416670836354,0.957285957234));
#1109 = CARTESIAN_POINT('',(0.494595723196,0.939543911848));
#1110 = CARTESIAN_POINT('',(0.63892612603,0.903903419828));
#1111 = CARTESIAN_POINT('',(0.706430716703,0.885938780369));
#1112 = CARTESIAN_POINT('',(0.772161420714,0.867790791419));
#1113 = CARTESIAN_POINT('',(0.836312239432,0.849974378156));
#1114 = CARTESIAN_POINT('',(0.89906008695,0.83290098211));
#1115 = CARTESIAN_POINT('',(0.960574992316,0.816888792811));
#1116 = CARTESIAN_POINT('',(1.103229074301,0.782186748437));
#1117 = CARTESIAN_POINT('',(1.183545429524,0.764587735386));
#1118 = CARTESIAN_POINT('',(1.262406368465,0.750009362199));
#1119 = CARTESIAN_POINT('',(1.340197884765,0.738842680741));
#1120 = CARTESIAN_POINT('',(1.417282504116,0.731319991282));
#1121 = CARTESIAN_POINT('',(1.494022532914,0.727555491351));
#1122 = CARTESIAN_POINT('',(1.647570120675,0.727555491351));
#1123 = CARTESIAN_POINT('',(1.724310149474,0.731319991282));
#1124 = CARTESIAN_POINT('',(1.801394768825,0.738842680741));
#1125 = CARTESIAN_POINT('',(1.879186285125,0.750009362199));
#1126 = CARTESIAN_POINT('',(1.958047224066,0.764587735386));
#1127 = CARTESIAN_POINT('',(2.038363579289,0.782186748437));
#1128 = CARTESIAN_POINT('',(2.181017661274,0.816888792811));
#1129 = CARTESIAN_POINT('',(2.24253256664,0.83290098211));
#1130 = CARTESIAN_POINT('',(2.305280414158,0.849974378156));
#1131 = CARTESIAN_POINT('',(2.369431232876,0.867790791419));
#1132 = CARTESIAN_POINT('',(2.435161936887,0.885938780369));
#1133 = CARTESIAN_POINT('',(2.50266652756,0.903903419828));
#1134 = CARTESIAN_POINT('',(2.646996930386,0.939543911846));
#1135 = CARTESIAN_POINT('',(2.724921817236,0.957285957234));
#1136 = CARTESIAN_POINT('',(2.805244298892,0.973223896913));
#1137 = CARTESIAN_POINT('',(2.887448504883,0.986237378476));
#1138 = CARTESIAN_POINT('',(2.971131560939,0.995359070616));
#1139 = CARTESIAN_POINT('',(3.055952324215,1.));
#1140 = CARTESIAN_POINT('',(3.14159265359,1.));
#1141 = ( GEOMETRIC_REPRESENTATION_CONTEXT(2) 
PARAMETRIC_REPRESENTATION_CONTEXT() REPRESENTATION_CONTEXT('2D SPACE',''
  ) );
#1142 = ADVANCED_FACE('',(#1143),#821,.F.);
#1143 = FACE_BOUND('',#1144,.F.);
#1144 = EDGE_LOOP('',(#1145,#1146,#1169,#1196));
#1145 = ORIENTED_EDGE('',*,*,#804,.F.);
#1146 = ORIENTED_EDGE('',*,*,#1147,.F.);
#1147 = EDGE_CURVE('',#1148,#805,#1150,.T.);
#1148 = VERTEX_POINT('',#1149);
#1149 = CARTESIAN_POINT('',(37.5,-1.469576158977E-15,160.));
#1150 = SEAM_CURVE('',#1151,(#1155,#1162),.PCURVE_S1.);
#1151 = LINE('',#1152,#1153);
#1152 = CARTESIAN_POINT('',(37.5,-1.469576158977E-15,160.));
#1153 = VECTOR('',#1154,1.);
#1154 = DIRECTION('',(1.,0.,2.22044604925E-16));
#1155 = PCURVE('',#821,#1156);
#1156 = DEFINITIONAL_REPRESENTATION('',(#1157),#1161);
#1157 = LINE('',#1158,#1159);
#1158 = CARTESIAN_POINT('',(6.28318530718,-0.));
#1159 = VECTOR('',#1160,1.);
#1160 = DIRECTION('',(0.,1.));
#1161 = ( GEOMETRIC_REPRESENTATION_CONTEXT(2) 
PARAMETRIC_REPRESENTATION_CONTEXT() REPRESENTATION_CONTEXT('2D SPACE',''
  ) );
#1162 = PCURVE('',#821,#1163);
#1163 = DEFINITIONAL_REPRESENTATION('',(#1164),#1168);
#1164 = LINE('',#1165,#1166);
#1165 = CARTESIAN_POINT('',(0.,-0.));
#1166 = VECTOR('',#1167,1.);
#1167 = DIRECTION('',(0.,1.));
#1168 = ( GEOMETRIC_REPRESENTATION_CONTEXT(2) 
PARAMETRIC_REPRESENTATION_CONTEXT() REPRESENTATION_CONTEXT('2D SPACE',''
  ) );
#1169 = ORIENTED_EDGE('',*,*,#1170,.T.);
#1170 = EDGE_CURVE('',#1148,#1148,#1171,.T.);
#1171 = SURFACE_CURVE('',#1172,(#1177,#1184),.PCURVE_S1.);
#1172 = CIRCLE('',#1173,6.);
#1173 = AXIS2_PLACEMENT_3D('',#1174,#1175,#1176);
#1174 = CARTESIAN_POINT('',(37.5,0.,166.));
#1175 = DIRECTION('',(1.,-0.,2.22044604925E-16));
#1176 = DIRECTION('',(2.22044604925E-16,0.,-1.));
#1177 = PCURVE('',#821,#1178);
#1178 = DEFINITIONAL_REPRESENTATION('',(#1179),#1183);
#1179 = LINE('',#1180,#1181);
#1180 = CARTESIAN_POINT('',(0.,0.));
#1181 = VECTOR('',#1182,1.);
#1182 = DIRECTION('',(1.,0.));
#1183 = ( GEOMETRIC_REPRESENTATION_CONTEXT(2) 
PARAMETRIC_REPRESENTATION_CONTEXT() REPRESENTATION_CONTEXT('2D SPACE',''
  ) );
#1184 = PCURVE('',#1185,#1190);
#1185 = PLANE('',#1186);
#1186 = AXIS2_PLACEMENT_3D('',#1187,#1188,#1189);
#1187 = CARTESIAN_POINT('',(37.5,0.,166.));
#1188 = DIRECTION('',(1.,0.,2.22044604925E-16));
#1189 = DIRECTION('',(2.22044604925E-16,0.,-1.));
#1190 = DEFINITIONAL_REPRESENTATION('',(#1191),#1195);
#1191 = CIRCLE('',#1192,6.);
#1192 = AXIS2_PLACEMENT_2D('',#1193,#1194);
#1193 = CARTESIAN_POINT('',(0.,0.));
#1194 = DIRECTION('',(1.,0.));
#1195 = ( GEOMETRIC_REPRESENTATION_CONTEXT(2) 
PARAMETRIC_REPRESENTATION_CONTEXT() REPRESENTATION_CONTEXT('2D SPACE',''
  ) );
#1196 = ORIENTED_EDGE('',*,*,#1147,.T.);
#1197 = ADVANCED_FACE('',(#1198),#947,.F.);
#1198 = FACE_BOUND('',#1199,.F.);
#1199 = EDGE_LOOP('',(#1200,#1223,#1250,#1251,#1252));
#1200 = ORIENTED_EDGE('',*,*,#1201,.T.);
#1201 = EDGE_CURVE('',#837,#1202,#1204,.T.);
#1202 = VERTEX_POINT('',#1203);
#1203 = CARTESIAN_POINT('',(34.,-9.797174393179E-16,162.));
#1204 = SEAM_CURVE('',#1205,(#1209,#1216),.PCURVE_S1.);
#1205 = LINE('',#1206,#1207);
#1206 = CARTESIAN_POINT('',(28.5,-9.797174393179E-16,162.));
#1207 = VECTOR('',#1208,1.);
#1208 = DIRECTION('',(1.,0.,2.22044604925E-16));
#1209 = PCURVE('',#947,#1210);
#1210 = DEFINITIONAL_REPRESENTATION('',(#1211),#1215);
#1211 = LINE('',#1212,#1213);
#1212 = CARTESIAN_POINT('',(6.28318530718,-0.));
#1213 = VECTOR('',#1214,1.);
#1214 = DIRECTION('',(0.,1.));
#1215 = ( GEOMETRIC_REPRESENTATION_CONTEXT(2) 
PARAMETRIC_REPRESENTATION_CONTEXT() REPRESENTATION_CONTEXT('2D SPACE',''
  ) );
#1216 = PCURVE('',#947,#1217);
#1217 = DEFINITIONAL_REPRESENTATION('',(#1218),#1222);
#1218 = LINE('',#1219,#1220);
#1219 = CARTESIAN_POINT('',(0.,-0.));
#1220 = VECTOR('',#1221,1.);
#1221 = DIRECTION('',(0.,1.));
#1222 = ( GEOMETRIC_REPRESENTATION_CONTEXT(2) 
PARAMETRIC_REPRESENTATION_CONTEXT() REPRESENTATION_CONTEXT('2D SPACE',''
  ) );
#1223 = ORIENTED_EDGE('',*,*,#1224,.F.);
#1224 = EDGE_CURVE('',#1202,#1202,#1225,.T.);
#1225 = SURFACE_CURVE('',#1226,(#1231,#1238),.PCURVE_S1.);
#1226 = CIRCLE('',#1227,4.);
#1227 = AXIS2_PLACEMENT_3D('',#1228,#1229,#1230);
#1228 = CARTESIAN_POINT('',(34.,0.,166.));
#1229 = DIRECTION('',(1.,-0.,2.22044604925E-16));
#1230 = DIRECTION('',(2.22044604925E-16,0.,-1.));
#1231 = PCURVE('',#947,#1232);
#1232 = DEFINITIONAL_REPRESENTATION('',(#1233),#1237);
#1233 = LINE('',#1234,#1235);
#1234 = CARTESIAN_POINT('',(0.,5.5));
#1235 = VECTOR('',#1236,1.);
#1236 = DIRECTION('',(1.,0.));
#1237 = ( GEOMETRIC_REPRESENTATION_CONTEXT(2) 
PARAMETRIC_REPRESENTATION_CONTEXT() REPRESENTATION_CONTEXT('2D SPACE',''
  ) );
#1238 = PCURVE('',#1239,#1244);
#1239 = PLANE('',#1240);
#1240 = AXIS2_PLACEMENT_3D('',#1241,#1242,#1243);
#1241 = CARTESIAN_POINT('',(34.,0.,166.));
#1242 = DIRECTION('',(1.,0.,2.22044604925E-16));
#1243 = DIRECTION('',(2.22044604925E-16,0.,-1.));
#1244 = DEFINITIONAL_REPRESENTATION('',(#1245),#1249);
#1245 = CIRCLE('',#1246,4.);
#1246 = AXIS2_PLACEMENT_2D('',#1247,#1248);
#1247 = CARTESIAN_POINT('',(0.,0.));
#1248 = DIRECTION('',(1.,0.));
#1249 = ( GEOMETRIC_REPRESENTATION_CONTEXT(2) 
PARAMETRIC_REPRESENTATION_CONTEXT() REPRESENTATION_CONTEXT('2D SPACE',''
  ) );
#1250 = ORIENTED_EDGE('',*,*,#1201,.F.);
#1251 = ORIENTED_EDGE('',*,*,#1017,.T.);
#1252 = ORIENTED_EDGE('',*,*,#861,.T.);
#1253 = ADVANCED_FACE('',(#1254,#1257),#1185,.T.);
#1254 = FACE_BOUND('',#1255,.T.);
#1255 = EDGE_LOOP('',(#1256));
#1256 = ORIENTED_EDGE('',*,*,#1170,.T.);
#1257 = FACE_BOUND('',#1258,.T.);
#1258 = EDGE_LOOP('',(#1259));
#1259 = ORIENTED_EDGE('',*,*,#1260,.F.);
#1260 = EDGE_CURVE('',#1261,#1261,#1263,.T.);
#1261 = VERTEX_POINT('',#1262);
#1262 = CARTESIAN_POINT('',(37.5,-1.24913973513E-15,160.9));
#1263 = SURFACE_CURVE('',#1264,(#1269,#1276),.PCURVE_S1.);
#1264 = CIRCLE('',#1265,5.1);
#1265 = AXIS2_PLACEMENT_3D('',#1266,#1267,#1268);
#1266 = CARTESIAN_POINT('',(37.5,0.,166.));
#1267 = DIRECTION('',(1.,-0.,2.22044604925E-16));
#1268 = DIRECTION('',(2.22044604925E-16,0.,-1.));
#1269 = PCURVE('',#1185,#1270);
#1270 = DEFINITIONAL_REPRESENTATION('',(#1271),#1275);
#1271 = CIRCLE('',#1272,5.1);
#1272 = AXIS2_PLACEMENT_2D('',#1273,#1274);
#1273 = CARTESIAN_POINT('',(0.,0.));
#1274 = DIRECTION('',(1.,0.));
#1275 = ( GEOMETRIC_REPRESENTATION_CONTEXT(2) 
PARAMETRIC_REPRESENTATION_CONTEXT() REPRESENTATION_CONTEXT('2D SPACE',''
  ) );
#1276 = PCURVE('',#1277,#1282);
#1277 = CYLINDRICAL_SURFACE('',#1278,5.1);
#1278 = AXIS2_PLACEMENT_3D('',#1279,#1280,#1281);
#1279 = CARTESIAN_POINT('',(34.,0.,166.));
#1280 = DIRECTION('',(1.,0.,2.22044604925E-16));
#1281 = DIRECTION('',(2.22044604925E-16,0.,-1.));
#1282 = DEFINITIONAL_REPRESENTATION('',(#1283),#1287);
#1283 = LINE('',#1284,#1285);
#1284 = CARTESIAN_POINT('',(0.,3.5));
#1285 = VECTOR('',#1286,1.);
#1286 = DIRECTION('',(1.,0.));
#1287 = ( GEOMETRIC_REPRESENTATION_CONTEXT(2) 
PARAMETRIC_REPRESENTATION_CONTEXT() REPRESENTATION_CONTEXT('2D SPACE',''
  ) );
#1288 = ADVANCED_FACE('',(#1289,#1315),#1239,.T.);
#1289 = FACE_BOUND('',#1290,.T.);
#1290 = EDGE_LOOP('',(#1291));
#1291 = ORIENTED_EDGE('',*,*,#1292,.T.);
#1292 = EDGE_CURVE('',#1293,#1293,#1295,.T.);
#1293 = VERTEX_POINT('',#1294);
#1294 = CARTESIAN_POINT('',(34.,-1.24913973513E-15,160.9));
#1295 = SURFACE_CURVE('',#1296,(#1301,#1308),.PCURVE_S1.);
#1296 = CIRCLE('',#1297,5.1);
#1297 = AXIS2_PLACEMENT_3D('',#1298,#1299,#1300);
#1298 = CARTESIAN_POINT('',(34.,0.,166.));
#1299 = DIRECTION('',(1.,-0.,2.22044604925E-16));
#1300 = DIRECTION('',(2.22044604925E-16,0.,-1.));
#1301 = PCURVE('',#1239,#1302);
#1302 = DEFINITIONAL_REPRESENTATION('',(#1303),#1307);
#1303 = CIRCLE('',#1304,5.1);
#1304 = AXIS2_PLACEMENT_2D('',#1305,#1306);
#1305 = CARTESIAN_POINT('',(0.,0.));
#1306 = DIRECTION('',(1.,0.));
#1307 = ( GEOMETRIC_REPRESENTATION_CONTEXT(2) 
PARAMETRIC_REPRESENTATION_CONTEXT() REPRESENTATION_CONTEXT('2D SPACE',''
  ) );
#1308 = PCURVE('',#1277,#1309);
#1309 = DEFINITIONAL_REPRESENTATION('',(#1310),#1314);
#1310 = LINE('',#1311,#1312);
#1311 = CARTESIAN_POINT('',(0.,0.));
#1312 = VECTOR('',#1313,1.);
#1313 = DIRECTION('',(1.,0.));
#1314 = ( GEOMETRIC_REPRESENTATION_CONTEXT(2) 
PARAMETRIC_REPRESENTATION_CONTEXT() REPRESENTATION_CONTEXT('2D SPACE',''
  ) );
#1315 = FACE_BOUND('',#1316,.T.);
#1316 = EDGE_LOOP('',(#1317));
#1317 = ORIENTED_EDGE('',*,*,#1224,.F.);
#1318 = ADVANCED_FACE('',(#1319),#1277,.F.);
#1319 = FACE_BOUND('',#1320,.F.);
#1320 = EDGE_LOOP('',(#1321,#1322,#1343,#1344));
#1321 = ORIENTED_EDGE('',*,*,#1260,.F.);
#1322 = ORIENTED_EDGE('',*,*,#1323,.F.);
#1323 = EDGE_CURVE('',#1293,#1261,#1324,.T.);
#1324 = SEAM_CURVE('',#1325,(#1329,#1336),.PCURVE_S1.);
#1325 = LINE('',#1326,#1327);
#1326 = CARTESIAN_POINT('',(34.,-1.24913973513E-15,160.9));
#1327 = VECTOR('',#1328,1.);
#1328 = DIRECTION('',(1.,0.,2.22044604925E-16));
#1329 = PCURVE('',#1277,#1330);
#1330 = DEFINITIONAL_REPRESENTATION('',(#1331),#1335);
#1331 = LINE('',#1332,#1333);
#1332 = CARTESIAN_POINT('',(6.28318530718,-0.));
#1333 = VECTOR('',#1334,1.);
#1334 = DIRECTION('',(0.,1.));
#1335 = ( GEOMETRIC_REPRESENTATION_CONTEXT(2) 
PARAMETRIC_REPRESENTATION_CONTEXT() REPRESENTATION_CONTEXT('2D SPACE',''
  ) );
#1336 = PCURVE('',#1277,#1337);
#1337 = DEFINITIONAL_REPRESENTATION('',(#1338),#1342);
#1338 = LINE('',#1339,#1340);
#1339 = CARTESIAN_POINT('',(0.,-0.));
#1340 = VECTOR('',#1341,1.);
#1341 = DIRECTION('',(0.,1.));
#1342 = ( GEOMETRIC_REPRESENTATION_CONTEXT(2) 
PARAMETRIC_REPRESENTATION_CONTEXT() REPRESENTATION_CONTEXT('2D SPACE',''
  ) );
#1343 = ORIENTED_EDGE('',*,*,#1292,.T.);
#1344 = ORIENTED_EDGE('',*,*,#1323,.T.);
#1345 = ( GEOMETRIC_REPRESENTATION_CONTEXT(3) 
GLOBAL_UNCERTAINTY_ASSIGNED_CONTEXT((#1349)) 
GLOBAL_UNIT_ASSIGNED_CONTEXT((#1346,#1347,#1348)) REPRESENTATION_CONTEXT
('Context #1','3D Context with UNIT and UNCERTAINTY') );
#1346 = ( LENGTH_UNIT() NAMED_UNIT(*) SI_UNIT(.MILLI.,.METRE.) );
#1347 = ( NAMED_UNIT(*) PLANE_ANGLE_UNIT() SI_UNIT($,.RADIAN.) );
#1348 = ( NAMED_UNIT(*) SI_UNIT($,.STERADIAN.) SOLID_ANGLE_UNIT() );
#1349 = UNCERTAINTY_MEASURE_WITH_UNIT(LENGTH_MEASURE(1.E-07),#1346,
  'distance_accuracy_value','confusion accuracy');
#1350 = CONTEXT_DEPENDENT_SHAPE_REPRESENTATION(#1351,#1353);
#1351 = ( REPRESENTATION_RELATIONSHIP('','',#68,#10) 
REPRESENTATION_RELATIONSHIP_WITH_TRANSFORMATION(#1352) 
SHAPE_REPRESENTATION_RELATIONSHIP() );
#1352 = ITEM_DEFINED_TRANSFORMATION('','',#11,#15);
#1353 = PRODUCT_DEFINITION_SHAPE('Placement','Placement of an item',
  #1354);
#1354 = NEXT_ASSEMBLY_USAGE_OCCURRENCE('1','=>[0:1:1:2]','',#5,#63,$);
#1355 = PRODUCT_RELATED_PRODUCT_CATEGORY('part',$,(#65));
#1356 = SHAPE_DEFINITION_REPRESENTATION(#1357,#1363);
#1357 = PRODUCT_DEFINITION_SHAPE('','',#1358);
#1358 = PRODUCT_DEFINITION('design','',#1359,#1362);
#1359 = PRODUCT_DEFINITION_FORMATION('','',#1360);
#1360 = PRODUCT('COMPOUND','COMPOUND','',(#1361));
#1361 = PRODUCT_CONTEXT('',#2,'mechanical');
#1362 = PRODUCT_DEFINITION_CONTEXT('part definition',#2,'design');
#1363 = ADVANCED_BREP_SHAPE_REPRESENTATION('',(#11,#1364),#2740);
#1364 = MANIFOLD_SOLID_BREP('',#1365);
#1365 = CLOSED_SHELL('',(#1366,#1737,#2025,#2055,#2090,#2412,#2705,#2709
    ,#2736));
#1366 = ADVANCED_FACE('',(#1367),#1381,.T.);
#1367 = FACE_BOUND('',#1368,.T.);
#1368 = EDGE_LOOP('',(#1369,#1399,#1426,#1427,#1560,#1583,#1610,#1611));
#1369 = ORIENTED_EDGE('',*,*,#1370,.T.);
#1370 = EDGE_CURVE('',#1371,#1373,#1375,.T.);
#1371 = VERTEX_POINT('',#1372);
#1372 = CARTESIAN_POINT('',(29.5,-7.225416114969E-15,170.));
#1373 = VERTEX_POINT('',#1374);
#1374 = CARTESIAN_POINT('',(29.5,-7.225416114969E-15,265.));
#1375 = SEAM_CURVE('',#1376,(#1380,#1392),.PCURVE_S1.);
#1376 = LINE('',#1377,#1378);
#1377 = CARTESIAN_POINT('',(29.5,-7.225416114969E-15,63.));
#1378 = VECTOR('',#1379,1.);
#1379 = DIRECTION('',(0.,0.,1.));
#1380 = PCURVE('',#1381,#1386);
#1381 = CYLINDRICAL_SURFACE('',#1382,29.5);
#1382 = AXIS2_PLACEMENT_3D('',#1383,#1384,#1385);
#1383 = CARTESIAN_POINT('',(0.,0.,63.));
#1384 = DIRECTION('',(0.,0.,1.));
#1385 = DIRECTION('',(1.,0.,-0.));
#1386 = DEFINITIONAL_REPRESENTATION('',(#1387),#1391);
#1387 = LINE('',#1388,#1389);
#1388 = CARTESIAN_POINT('',(6.28318530718,-0.));
#1389 = VECTOR('',#1390,1.);
#1390 = DIRECTION('',(0.,1.));
#1391 = ( GEOMETRIC_REPRESENTATION_CONTEXT(2) 
PARAMETRIC_REPRESENTATION_CONTEXT() REPRESENTATION_CONTEXT('2D SPACE',''
  ) );
#1392 = PCURVE('',#1381,#1393);
#1393 = DEFINITIONAL_REPRESENTATION('',(#1394),#1398);
#1394 = LINE('',#1395,#1396);
#1395 = CARTESIAN_POINT('',(0.,-0.));
#1396 = VECTOR('',#1397,1.);
#1397 = DIRECTION('',(0.,1.));
#1398 = ( GEOMETRIC_REPRESENTATION_CONTEXT(2) 
PARAMETRIC_REPRESENTATION_CONTEXT() REPRESENTATION_CONTEXT('2D SPACE',''
  ) );
#1399 = ORIENTED_EDGE('',*,*,#1400,.F.);
#1400 = EDGE_CURVE('',#1373,#1373,#1401,.T.);
#1401 = SURFACE_CURVE('',#1402,(#1407,#1414),.PCURVE_S1.);
#1402 = CIRCLE('',#1403,29.5);
#1403 = AXIS2_PLACEMENT_3D('',#1404,#1405,#1406);
#1404 = CARTESIAN_POINT('',(0.,0.,265.));
#1405 = DIRECTION('',(0.,0.,1.));
#1406 = DIRECTION('',(1.,0.,-0.));
#1407 = PCURVE('',#1381,#1408);
#1408 = DEFINITIONAL_REPRESENTATION('',(#1409),#1413);
#1409 = LINE('',#1410,#1411);
#1410 = CARTESIAN_POINT('',(0.,202.));
#1411 = VECTOR('',#1412,1.);
#1412 = DIRECTION('',(1.,0.));
#1413 = ( GEOMETRIC_REPRESENTATION_CONTEXT(2) 
PARAMETRIC_REPRESENTATION_CONTEXT() REPRESENTATION_CONTEXT('2D SPACE',''
  ) );
#1414 = PCURVE('',#1415,#1420);
#1415 = PLANE('',#1416);
#1416 = AXIS2_PLACEMENT_3D('',#1417,#1418,#1419);
#1417 = CARTESIAN_POINT('',(0.,0.,265.));
#1418 = DIRECTION('',(0.,0.,1.));
#1419 = DIRECTION('',(1.,0.,-0.));
#1420 = DEFINITIONAL_REPRESENTATION('',(#1421),#1425);
#1421 = CIRCLE('',#1422,29.5);
#1422 = AXIS2_PLACEMENT_2D('',#1423,#1424);
#1423 = CARTESIAN_POINT('',(0.,0.));
#1424 = DIRECTION('',(1.,0.));
#1425 = ( GEOMETRIC_REPRESENTATION_CONTEXT(2) 
PARAMETRIC_REPRESENTATION_CONTEXT() REPRESENTATION_CONTEXT('2D SPACE',''
  ) );
#1426 = ORIENTED_EDGE('',*,*,#1370,.F.);
#1427 = ORIENTED_EDGE('',*,*,#1428,.F.);
#1428 = EDGE_CURVE('',#1429,#1371,#1431,.T.);
#1429 = VERTEX_POINT('',#1430);
#1430 = CARTESIAN_POINT('',(29.5,-4.102566777144E-15,162.));
#1431 = SURFACE_CURVE('',#1432,(#1471,#1513),.PCURVE_S1.);
#1432 = B_SPLINE_CURVE_WITH_KNOTS('',7,(#1433,#1434,#1435,#1436,#1437,
    #1438,#1439,#1440,#1441,#1442,#1443,#1444,#1445,#1446,#1447,#1448,
    #1449,#1450,#1451,#1452,#1453,#1454,#1455,#1456,#1457,#1458,#1459,
    #1460,#1461,#1462,#1463,#1464,#1465,#1466,#1467,#1468,#1469,#1470),
  .UNSPECIFIED.,.F.,.F.,(8,6,6,6,6,6,8),(0.,0.156602661406,
    0.302100319981,0.500000000574,0.697899681166,0.843397339692,1.),
  .UNSPECIFIED.);
#1433 = CARTESIAN_POINT('',(29.5,-4.898587196589E-16,162.));
#1434 = CARTESIAN_POINT('',(29.5,0.342561317472,162.));
#1435 = CARTESIAN_POINT('',(29.495359070617,0.681844520385,
    162.03422648505));
#1436 = CARTESIAN_POINT('',(29.486237378476,1.012472333353,
    162.10150096274));
#1437 = CARTESIAN_POINT('',(29.473223896911,1.329333597155,
    162.19928084505));
#1438 = CARTESIAN_POINT('',(29.457285957234,1.627899154554,
    162.32373394576));
#1439 = CARTESIAN_POINT('',(29.439543911848,1.904501440061,
    162.46978217899));
#1440 = CARTESIAN_POINT('',(29.403903419828,2.390731650526,
    162.78103838431));
#1441 = CARTESIAN_POINT('',(29.385938780369,2.605988509008,
    162.94560636554));
#1442 = CARTESIAN_POINT('',(29.367790791419,2.80252875377,
    163.12218526231));
#1443 = CARTESIAN_POINT('',(29.349974378156,2.980743723145,
    163.30857835301));
#1444 = CARTESIAN_POINT('',(29.33290098211,3.141133580798,
    163.50297076751));
#1445 = CARTESIAN_POINT('',(29.316888792811,3.284235928415,
    163.70386251898));
#1446 = CARTESIAN_POINT('',(29.282186748437,3.582382140767,
    164.19039291862));
#1447 = CARTESIAN_POINT('',(29.264587735386,3.723349360595,
    164.48079535399));
#1448 = CARTESIAN_POINT('',(29.250009362199,3.834719821377,
    164.77825730429));
#1449 = CARTESIAN_POINT('',(29.238842680741,3.917524086414,
    165.08055945775));
#1450 = CARTESIAN_POINT('',(29.231319991282,3.972493881944,
    165.38594604225));
#1451 = CARTESIAN_POINT('',(29.227555491351,4.,165.69290482447));
#1452 = CARTESIAN_POINT('',(29.227555491351,4.,166.30709517552));
#1453 = CARTESIAN_POINT('',(29.231319991282,3.972493881944,
    166.61405395774));
#1454 = CARTESIAN_POINT('',(29.238842680741,3.917524086413,
    166.91944054224));
#1455 = CARTESIAN_POINT('',(29.250009362199,3.834719821377,
    167.2217426957));
#1456 = CARTESIAN_POINT('',(29.264587735386,3.723349360596,167.519204646
    ));
#1457 = CARTESIAN_POINT('',(29.282186748437,3.582382140767,
    167.80960708137));
#1458 = CARTESIAN_POINT('',(29.316888792806,3.284235928457,
    168.29613748094));
#1459 = CARTESIAN_POINT('',(29.332900982115,3.141133580767,
    168.49702923256));
#1460 = CARTESIAN_POINT('',(29.349974378161,2.980743723083,
    168.69142164702));
#1461 = CARTESIAN_POINT('',(29.367790791415,2.802528753805,
    168.87781473763));
#1462 = CARTESIAN_POINT('',(29.385938780363,2.605988509098,
    169.05439363441));
#1463 = CARTESIAN_POINT('',(29.403903419833,2.390731650447,
    169.21896161574));
#1464 = CARTESIAN_POINT('',(29.439543911718,1.90450144183,
    169.53021781987));
#1465 = CARTESIAN_POINT('',(29.457285957664,1.627899149634,
    169.67626605792));
#1466 = CARTESIAN_POINT('',(29.473223896396,1.329333599486,
    169.80071915051));
#1467 = CARTESIAN_POINT('',(29.486237378724,1.012472338859,
    169.89849903946));
#1468 = CARTESIAN_POINT('',(29.495359070582,0.681844513348,
    169.96577351459));
#1469 = CARTESIAN_POINT('',(29.5,0.342561319892,170.));
#1470 = CARTESIAN_POINT('',(29.5,7.347880794884E-16,170.));
#1471 = PCURVE('',#1381,#1472);
#1472 = DEFINITIONAL_REPRESENTATION('',(#1473),#1512);
#1473 = B_SPLINE_CURVE_WITH_KNOTS('',7,(#1474,#1475,#1476,#1477,#1478,
    #1479,#1480,#1481,#1482,#1483,#1484,#1485,#1486,#1487,#1488,#1489,
    #1490,#1491,#1492,#1493,#1494,#1495,#1496,#1497,#1498,#1499,#1500,
    #1501,#1502,#1503,#1504,#1505,#1506,#1507,#1508,#1509,#1510,#1511),
  .UNSPECIFIED.,.F.,.F.,(8,6,6,6,6,6,8),(0.,0.156602661406,
    0.302100319981,0.500000000574,0.697899681166,0.843397339692,1.),
  .UNSPECIFIED.);
#1474 = CARTESIAN_POINT('',(0.,99.));
#1475 = CARTESIAN_POINT('',(1.161224804991E-02,99.));
#1476 = CARTESIAN_POINT('',(2.311337461694E-02,99.034226485052));
#1477 = CARTESIAN_POINT('',(3.432364897352E-02,99.101500962743));
#1478 = CARTESIAN_POINT('',(4.507217715818E-02,99.199280845058));
#1479 = CARTESIAN_POINT('',(5.52064917097E-02,99.323733945768));
#1480 = CARTESIAN_POINT('',(6.460171791893E-02,99.469782178994));
#1481 = CARTESIAN_POINT('',(8.112831717272E-02,99.78103838431));
#1482 = CARTESIAN_POINT('',(8.845015380242E-02,99.945606365545));
#1483 = CARTESIAN_POINT('',(9.514050559846E-02,100.12218526231));
#1484 = CARTESIAN_POINT('',(0.101211552766,100.30857835301));
#1485 = CARTESIAN_POINT('',(0.10667908242,100.50297076751));
#1486 = CARTESIAN_POINT('',(0.111560233686,100.70386251898));
#1487 = CARTESIAN_POINT('',(0.121735113379,101.19039291862));
#1488 = CARTESIAN_POINT('',(0.126550593402,101.48079535399));
#1489 = CARTESIAN_POINT('',(0.130358004945,101.77825730429));
#1490 = CARTESIAN_POINT('',(0.133190337333,102.08055945775));
#1491 = CARTESIAN_POINT('',(0.135071084083,102.38594604225));
#1492 = CARTESIAN_POINT('',(0.136012188012,102.69290482447));
#1493 = CARTESIAN_POINT('',(0.136012188012,103.30709517552));
#1494 = CARTESIAN_POINT('',(0.135071084083,103.61405395774));
#1495 = CARTESIAN_POINT('',(0.133190337333,103.91944054224));
#1496 = CARTESIAN_POINT('',(0.130358004945,104.2217426957));
#1497 = CARTESIAN_POINT('',(0.126550593402,104.519204646));
#1498 = CARTESIAN_POINT('',(0.121735113379,104.80960708137));
#1499 = CARTESIAN_POINT('',(0.111560233687,105.29613748094));
#1500 = CARTESIAN_POINT('',(0.106679082419,105.49702923256));
#1501 = CARTESIAN_POINT('',(0.101211552764,105.69142164702));
#1502 = CARTESIAN_POINT('',(9.514050559964E-02,105.87781473763));
#1503 = CARTESIAN_POINT('',(8.845015380547E-02,106.05439363441));
#1504 = CARTESIAN_POINT('',(8.112831717004E-02,106.21896161574));
#1505 = CARTESIAN_POINT('',(6.460171797905E-02,106.53021781987));
#1506 = CARTESIAN_POINT('',(5.520649154242E-02,106.67626605792));
#1507 = CARTESIAN_POINT('',(4.507217723782E-02,106.80071915051));
#1508 = CARTESIAN_POINT('',(3.432364915981E-02,106.89849903946));
#1509 = CARTESIAN_POINT('',(2.311337437851E-02,106.96577351459));
#1510 = CARTESIAN_POINT('',(1.161224813193E-02,107.));
#1511 = CARTESIAN_POINT('',(0.,107.));
#1512 = ( GEOMETRIC_REPRESENTATION_CONTEXT(2) 
PARAMETRIC_REPRESENTATION_CONTEXT() REPRESENTATION_CONTEXT('2D SPACE',''
  ) );
#1513 = PCURVE('',#1514,#1519);
#1514 = CYLINDRICAL_SURFACE('',#1515,4.);
#1515 = AXIS2_PLACEMENT_3D('',#1516,#1517,#1518);
#1516 = CARTESIAN_POINT('',(24.,0.,166.));
#1517 = DIRECTION('',(1.,0.,2.22044604925E-16));
#1518 = DIRECTION('',(2.22044604925E-16,0.,-1.));
#1519 = DEFINITIONAL_REPRESENTATION('',(#1520),#1559);
#1520 = B_SPLINE_CURVE_WITH_KNOTS('',7,(#1521,#1522,#1523,#1524,#1525,
    #1526,#1527,#1528,#1529,#1530,#1531,#1532,#1533,#1534,#1535,#1536,
    #1537,#1538,#1539,#1540,#1541,#1542,#1543,#1544,#1545,#1546,#1547,
    #1548,#1549,#1550,#1551,#1552,#1553,#1554,#1555,#1556,#1557,#1558),
  .UNSPECIFIED.,.F.,.F.,(8,6,6,6,6,6,8),(0.,0.156602661406,
    0.302100319981,0.500000000574,0.697899681166,0.843397339692,1.),
  .UNSPECIFIED.);
#1521 = CARTESIAN_POINT('',(0.,5.5));
#1522 = CARTESIAN_POINT('',(8.564032936807E-02,5.5));
#1523 = CARTESIAN_POINT('',(0.170461092649,5.495359070617));
#1524 = CARTESIAN_POINT('',(0.254144148712,5.486237378476));
#1525 = CARTESIAN_POINT('',(0.336348354704,5.473223896911));
#1526 = CARTESIAN_POINT('',(0.416670836354,5.457285957234));
#1527 = CARTESIAN_POINT('',(0.494595723196,5.439543911848));
#1528 = CARTESIAN_POINT('',(0.63892612603,5.403903419828));
#1529 = CARTESIAN_POINT('',(0.706430716703,5.385938780369));
#1530 = CARTESIAN_POINT('',(0.772161420714,5.367790791419));
#1531 = CARTESIAN_POINT('',(0.836312239432,5.349974378156));
#1532 = CARTESIAN_POINT('',(0.89906008695,5.33290098211));
#1533 = CARTESIAN_POINT('',(0.960574992316,5.316888792811));
#1534 = CARTESIAN_POINT('',(1.103229074301,5.282186748437));
#1535 = CARTESIAN_POINT('',(1.183545429524,5.264587735386));
#1536 = CARTESIAN_POINT('',(1.262406368465,5.250009362199));
#1537 = CARTESIAN_POINT('',(1.340197884765,5.238842680741));
#1538 = CARTESIAN_POINT('',(1.417282504116,5.231319991282));
#1539 = CARTESIAN_POINT('',(1.494022532915,5.227555491351));
#1540 = CARTESIAN_POINT('',(1.647570120675,5.227555491351));
#1541 = CARTESIAN_POINT('',(1.724310149474,5.231319991282));
#1542 = CARTESIAN_POINT('',(1.801394768825,5.238842680741));
#1543 = CARTESIAN_POINT('',(1.879186285125,5.250009362199));
#1544 = CARTESIAN_POINT('',(1.958047224066,5.264587735386));
#1545 = CARTESIAN_POINT('',(2.038363579289,5.282186748437));
#1546 = CARTESIAN_POINT('',(2.181017661254,5.316888792806));
#1547 = CARTESIAN_POINT('',(2.242532566659,5.332900982115));
#1548 = CARTESIAN_POINT('',(2.305280414176,5.349974378161));
#1549 = CARTESIAN_POINT('',(2.369431232859,5.367790791415));
#1550 = CARTESIAN_POINT('',(2.435161936862,5.385938780363));
#1551 = CARTESIAN_POINT('',(2.502666527584,5.403903419833));
#1552 = CARTESIAN_POINT('',(2.646996929869,5.439543911718));
#1553 = CARTESIAN_POINT('',(2.724921818718,5.457285957664));
#1554 = CARTESIAN_POINT('',(2.805244297998,5.473223896396));
#1555 = CARTESIAN_POINT('',(2.887448503675,5.486237378724));
#1556 = CARTESIAN_POINT('',(2.971131562658,5.495359070582));
#1557 = CARTESIAN_POINT('',(3.055952323617,5.5));
#1558 = CARTESIAN_POINT('',(3.14159265359,5.5));
#1559 = ( GEOMETRIC_REPRESENTATION_CONTEXT(2) 
PARAMETRIC_REPRESENTATION_CONTEXT() REPRESENTATION_CONTEXT('2D SPACE',''
  ) );
#1560 = ORIENTED_EDGE('',*,*,#1561,.F.);
#1561 = EDGE_CURVE('',#1562,#1429,#1564,.T.);
#1562 = VERTEX_POINT('',#1563);
#1563 = CARTESIAN_POINT('',(29.5,-7.225416114969E-15,63.));
#1564 = SEAM_CURVE('',#1565,(#1569,#1576),.PCURVE_S1.);
#1565 = LINE('',#1566,#1567);
#1566 = CARTESIAN_POINT('',(29.5,-7.225416114969E-15,63.));
#1567 = VECTOR('',#1568,1.);
#1568 = DIRECTION('',(0.,0.,1.));
#1569 = PCURVE('',#1381,#1570);
#1570 = DEFINITIONAL_REPRESENTATION('',(#1571),#1575);
#1571 = LINE('',#1572,#1573);
#1572 = CARTESIAN_POINT('',(6.28318530718,-0.));
#1573 = VECTOR('',#1574,1.);
#1574 = DIRECTION('',(0.,1.));
#1575 = ( GEOMETRIC_REPRESENTATION_CONTEXT(2) 
PARAMETRIC_REPRESENTATION_CONTEXT() REPRESENTATION_CONTEXT('2D SPACE',''
  ) );
#1576 = PCURVE('',#1381,#1577);
#1577 = DEFINITIONAL_REPRESENTATION('',(#1578),#1582);
#1578 = LINE('',#1579,#1580);
#1579 = CARTESIAN_POINT('',(0.,-0.));
#1580 = VECTOR('',#1581,1.);
#1581 = DIRECTION('',(0.,1.));
#1582 = ( GEOMETRIC_REPRESENTATION_CONTEXT(2) 
PARAMETRIC_REPRESENTATION_CONTEXT() REPRESENTATION_CONTEXT('2D SPACE',''
  ) );
#1583 = ORIENTED_EDGE('',*,*,#1584,.T.);
#1584 = EDGE_CURVE('',#1562,#1562,#1585,.T.);
#1585 = SURFACE_CURVE('',#1586,(#1591,#1598),.PCURVE_S1.);
#1586 = CIRCLE('',#1587,29.5);
#1587 = AXIS2_PLACEMENT_3D('',#1588,#1589,#1590);
#1588 = CARTESIAN_POINT('',(0.,0.,63.));
#1589 = DIRECTION('',(0.,0.,1.));
#1590 = DIRECTION('',(1.,0.,-0.));
#1591 = PCURVE('',#1381,#1592);
#1592 = DEFINITIONAL_REPRESENTATION('',(#1593),#1597);
#1593 = LINE('',#1594,#1595);
#1594 = CARTESIAN_POINT('',(0.,0.));
#1595 = VECTOR('',#1596,1.);
#1596 = DIRECTION('',(1.,0.));
#1597 = ( GEOMETRIC_REPRESENTATION_CONTEXT(2) 
PARAMETRIC_REPRESENTATION_CONTEXT() REPRESENTATION_CONTEXT('2D SPACE',''
  ) );
#1598 = PCURVE('',#1599,#1604);
#1599 = PLANE('',#1600);
#1600 = AXIS2_PLACEMENT_3D('',#1601,#1602,#1603);
#1601 = CARTESIAN_POINT('',(0.,0.,63.));
#1602 = DIRECTION('',(0.,0.,1.));
#1603 = DIRECTION('',(1.,0.,-0.));
#1604 = DEFINITIONAL_REPRESENTATION('',(#1605),#1609);
#1605 = CIRCLE('',#1606,29.5);
#1606 = AXIS2_PLACEMENT_2D('',#1607,#1608);
#1607 = CARTESIAN_POINT('',(0.,0.));
#1608 = DIRECTION('',(1.,0.));
#1609 = ( GEOMETRIC_REPRESENTATION_CONTEXT(2) 
PARAMETRIC_REPRESENTATION_CONTEXT() REPRESENTATION_CONTEXT('2D SPACE',''
  ) );
#1610 = ORIENTED_EDGE('',*,*,#1561,.T.);
#1611 = ORIENTED_EDGE('',*,*,#1612,.F.);
#1612 = EDGE_CURVE('',#1371,#1429,#1613,.T.);
#1613 = SURFACE_CURVE('',#1614,(#1653,#1695),.PCURVE_S1.);
#1614 = B_SPLINE_CURVE_WITH_KNOTS('',7,(#1615,#1616,#1617,#1618,#1619,
    #1620,#1621,#1622,#1623,#1624,#1625,#1626,#1627,#1628,#1629,#1630,
    #1631,#1632,#1633,#1634,#1635,#1636,#1637,#1638,#1639,#1640,#1641,
    #1642,#1643,#1644,#1645,#1646,#1647,#1648,#1649,#1650,#1651,#1652),
  .UNSPECIFIED.,.F.,.F.,(8,6,6,6,6,6,8),(0.,0.156602660056,
    0.302100318678,0.499999999335,0.697899679993,0.843397338615,1.),
  .UNSPECIFIED.);
#1615 = CARTESIAN_POINT('',(29.5,-2.6645352591E-15,170.));
#1616 = CARTESIAN_POINT('',(29.5,-0.342561320522,170.));
#1617 = CARTESIAN_POINT('',(29.495359070565,-0.681844513399,
    169.96577351446));
#1618 = CARTESIAN_POINT('',(29.486237378732,-1.012472338369,
    169.89849903952));
#1619 = CARTESIAN_POINT('',(29.473223896427,-1.329333599051,
    169.80071915074));
#1620 = CARTESIAN_POINT('',(29.457285957667,-1.62789914973,
    169.67626605798));
#1621 = CARTESIAN_POINT('',(29.439543911683,-1.904501442318,
    169.53021781956));
#1622 = CARTESIAN_POINT('',(29.403903419828,-2.390731650526,
    169.21896161569));
#1623 = CARTESIAN_POINT('',(29.385938780369,-2.605988509008,
    169.05439363445));
#1624 = CARTESIAN_POINT('',(29.367790791419,-2.80252875377,
    168.87781473769));
#1625 = CARTESIAN_POINT('',(29.349974378156,-2.980743723145,
    168.69142164698));
#1626 = CARTESIAN_POINT('',(29.33290098211,-3.141133580798,
    168.49702923248));
#1627 = CARTESIAN_POINT('',(29.316888792811,-3.284235928415,
    168.29613748101));
#1628 = CARTESIAN_POINT('',(29.282186748437,-3.582382140767,
    167.80960708137));
#1629 = CARTESIAN_POINT('',(29.264587735386,-3.723349360595,
    167.519204646));
#1630 = CARTESIAN_POINT('',(29.250009362199,-3.834719821377,
    167.22174269571));
#1631 = CARTESIAN_POINT('',(29.238842680741,-3.917524086414,
    166.91944054224));
#1632 = CARTESIAN_POINT('',(29.231319991282,-3.972493881944,
    166.61405395774));
#1633 = CARTESIAN_POINT('',(29.227555491351,-4.,166.30709517552));
#1634 = CARTESIAN_POINT('',(29.227555491351,-4.,165.69290482447));
#1635 = CARTESIAN_POINT('',(29.231319991282,-3.972493881944,
    165.38594604225));
#1636 = CARTESIAN_POINT('',(29.238842680741,-3.917524086414,
    165.08055945775));
#1637 = CARTESIAN_POINT('',(29.250009362199,-3.834719821378,
    164.77825730429));
#1638 = CARTESIAN_POINT('',(29.264587735386,-3.723349360595,
    164.48079535399));
#1639 = CARTESIAN_POINT('',(29.282186748437,-3.582382140767,
    164.19039291862));
#1640 = CARTESIAN_POINT('',(29.316888792811,-3.284235928415,
    163.70386251898));
#1641 = CARTESIAN_POINT('',(29.33290098211,-3.141133580798,
    163.50297076751));
#1642 = CARTESIAN_POINT('',(29.349974378156,-2.980743723145,
    163.30857835301));
#1643 = CARTESIAN_POINT('',(29.367790791419,-2.80252875377,
    163.12218526231));
#1644 = CARTESIAN_POINT('',(29.385938780369,-2.605988509008,
    162.94560636554));
#1645 = CARTESIAN_POINT('',(29.403903419828,-2.390731650526,
    162.78103838431));
#1646 = CARTESIAN_POINT('',(29.439543911839,-1.904501440178,
    162.46978217906));
#1647 = CARTESIAN_POINT('',(29.457285957235,-1.62789915457,
    162.32373394574));
#1648 = CARTESIAN_POINT('',(29.473223896918,-1.32933359705,162.199280845
    ));
#1649 = CARTESIAN_POINT('',(29.486237378477,-1.012472333248,
    162.10150096273));
#1650 = CARTESIAN_POINT('',(29.495359070613,-0.681844520403,
    162.03422648507));
#1651 = CARTESIAN_POINT('',(29.5,-0.342561317608,162.));
#1652 = CARTESIAN_POINT('',(29.5,-3.996802888651E-15,162.));
#1653 = PCURVE('',#1381,#1654);
#1654 = DEFINITIONAL_REPRESENTATION('',(#1655),#1694);
#1655 = B_SPLINE_CURVE_WITH_KNOTS('',7,(#1656,#1657,#1658,#1659,#1660,
    #1661,#1662,#1663,#1664,#1665,#1666,#1667,#1668,#1669,#1670,#1671,
    #1672,#1673,#1674,#1675,#1676,#1677,#1678,#1679,#1680,#1681,#1682,
    #1683,#1684,#1685,#1686,#1687,#1688,#1689,#1690,#1691,#1692,#1693),
  .UNSPECIFIED.,.F.,.F.,(8,6,6,6,6,6,8),(0.,0.156602660056,
    0.302100318678,0.499999999335,0.697899679993,0.843397338615,1.),
  .UNSPECIFIED.);
#1656 = CARTESIAN_POINT('',(6.28318530718,107.));
#1657 = CARTESIAN_POINT('',(6.271573059026,107.));
#1658 = CARTESIAN_POINT('',(6.260071932799,106.96577351446));
#1659 = CARTESIAN_POINT('',(6.248861658036,106.89849903952));
#1660 = CARTESIAN_POINT('',(6.238113129957,106.80071915075));
#1661 = CARTESIAN_POINT('',(6.227978815634,106.67626605798));
#1662 = CARTESIAN_POINT('',(6.218583589184,106.53021781956));
#1663 = CARTESIAN_POINT('',(6.202056990007,106.21896161569));
#1664 = CARTESIAN_POINT('',(6.194735153377,106.05439363445));
#1665 = CARTESIAN_POINT('',(6.188044801581,105.87781473769));
#1666 = CARTESIAN_POINT('',(6.181973754414,105.69142164698));
#1667 = CARTESIAN_POINT('',(6.17650622476,105.49702923248));
#1668 = CARTESIAN_POINT('',(6.171625073494,105.29613748101));
#1669 = CARTESIAN_POINT('',(6.161450193801,104.80960708137));
#1670 = CARTESIAN_POINT('',(6.156634713778,104.519204646));
#1671 = CARTESIAN_POINT('',(6.152827302234,104.22174269571));
#1672 = CARTESIAN_POINT('',(6.149994969847,103.91944054224));
#1673 = CARTESIAN_POINT('',(6.148114223097,103.61405395774));
#1674 = CARTESIAN_POINT('',(6.147173119168,103.30709517552));
#1675 = CARTESIAN_POINT('',(6.147173119168,102.69290482447));
#1676 = CARTESIAN_POINT('',(6.148114223097,102.38594604225));
#1677 = CARTESIAN_POINT('',(6.149994969847,102.08055945775));
#1678 = CARTESIAN_POINT('',(6.152827302234,101.77825730429));
#1679 = CARTESIAN_POINT('',(6.156634713778,101.48079535399));
#1680 = CARTESIAN_POINT('',(6.161450193801,101.19039291862));
#1681 = CARTESIAN_POINT('',(6.171625073494,100.70386251898));
#1682 = CARTESIAN_POINT('',(6.17650622476,100.50297076751));
#1683 = CARTESIAN_POINT('',(6.181973754414,100.30857835301));
#1684 = CARTESIAN_POINT('',(6.188044801581,100.12218526231));
#1685 = CARTESIAN_POINT('',(6.194735153377,99.945606365545));
#1686 = CARTESIAN_POINT('',(6.202056990007,99.78103838431));
#1687 = CARTESIAN_POINT('',(6.218583589257,99.469782179069));
#1688 = CARTESIAN_POINT('',(6.227978815469,99.323733945749));
#1689 = CARTESIAN_POINT('',(6.238113130025,99.199280845006));
#1690 = CARTESIAN_POINT('',(6.24886165821,99.101500962733));
#1691 = CARTESIAN_POINT('',(6.260071932562,99.034226485079));
#1692 = CARTESIAN_POINT('',(6.271573059125,99.));
#1693 = CARTESIAN_POINT('',(6.28318530718,99.));
#1694 = ( GEOMETRIC_REPRESENTATION_CONTEXT(2) 
PARAMETRIC_REPRESENTATION_CONTEXT() REPRESENTATION_CONTEXT('2D SPACE',''
  ) );
#1695 = PCURVE('',#1514,#1696);
#1696 = DEFINITIONAL_REPRESENTATION('',(#1697),#1736);
#1697 = B_SPLINE_CURVE_WITH_KNOTS('',7,(#1698,#1699,#1700,#1701,#1702,
    #1703,#1704,#1705,#1706,#1707,#1708,#1709,#1710,#1711,#1712,#1713,
    #1714,#1715,#1716,#1717,#1718,#1719,#1720,#1721,#1722,#1723,#1724,
    #1725,#1726,#1727,#1728,#1729,#1730,#1731,#1732,#1733,#1734,#1735),
  .UNSPECIFIED.,.F.,.F.,(8,6,6,6,6,6,8),(0.,0.156602660056,
    0.302100318678,0.499999999335,0.697899679993,0.843397338615,1.),
  .UNSPECIFIED.);
#1698 = CARTESIAN_POINT('',(3.14159265359,5.5));
#1699 = CARTESIAN_POINT('',(3.22723298372,5.5));
#1700 = CARTESIAN_POINT('',(3.312053744535,5.495359070565));
#1701 = CARTESIAN_POINT('',(3.395736803388,5.486237378732));
#1702 = CARTESIAN_POINT('',(3.477941009063,5.473223896427));
#1703 = CARTESIAN_POINT('',(3.558263488473,5.457285957667));
#1704 = CARTESIAN_POINT('',(3.636188377455,5.439543911683));
#1705 = CARTESIAN_POINT('',(3.780518779619,5.403903419828));
#1706 = CARTESIAN_POINT('',(3.848023370293,5.385938780369));
#1707 = CARTESIAN_POINT('',(3.913754074304,5.367790791419));
#1708 = CARTESIAN_POINT('',(3.977904893022,5.349974378156));
#1709 = CARTESIAN_POINT('',(4.04065274054,5.33290098211));
#1710 = CARTESIAN_POINT('',(4.102167645906,5.316888792811));
#1711 = CARTESIAN_POINT('',(4.244821727891,5.282186748437));
#1712 = CARTESIAN_POINT('',(4.325138083114,5.264587735386));
#1713 = CARTESIAN_POINT('',(4.403999022055,5.250009362199));
#1714 = CARTESIAN_POINT('',(4.481790538355,5.238842680741));
#1715 = CARTESIAN_POINT('',(4.558875157706,5.231319991282));
#1716 = CARTESIAN_POINT('',(4.635615186504,5.227555491351));
#1717 = CARTESIAN_POINT('',(4.789162774265,5.227555491351));
#1718 = CARTESIAN_POINT('',(4.865902803064,5.231319991282));
#1719 = CARTESIAN_POINT('',(4.942987422414,5.238842680741));
#1720 = CARTESIAN_POINT('',(5.020778938715,5.250009362199));
#1721 = CARTESIAN_POINT('',(5.099639877656,5.264587735386));
#1722 = CARTESIAN_POINT('',(5.179956232879,5.282186748437));
#1723 = CARTESIAN_POINT('',(5.322610314864,5.316888792811));
#1724 = CARTESIAN_POINT('',(5.384125220229,5.33290098211));
#1725 = CARTESIAN_POINT('',(5.446873067747,5.349974378156));
#1726 = CARTESIAN_POINT('',(5.511023886466,5.367790791419));
#1727 = CARTESIAN_POINT('',(5.576754590476,5.385938780369));
#1728 = CARTESIAN_POINT('',(5.64425918115,5.403903419828));
#1729 = CARTESIAN_POINT('',(5.788589583949,5.439543911839));
#1730 = CARTESIAN_POINT('',(5.866514470824,5.457285957235));
#1731 = CARTESIAN_POINT('',(5.946836952504,5.473223896918));
#1732 = CARTESIAN_POINT('',(6.029041158492,5.486237378477));
#1733 = CARTESIAN_POINT('',(6.112724214526,5.495359070613));
#1734 = CARTESIAN_POINT('',(6.197544977778,5.5));
#1735 = CARTESIAN_POINT('',(6.28318530718,5.5));
#1736 = ( GEOMETRIC_REPRESENTATION_CONTEXT(2) 
PARAMETRIC_REPRESENTATION_CONTEXT() REPRESENTATION_CONTEXT('2D SPACE',''
  ) );
#1737 = ADVANCED_FACE('',(#1738),#1514,.F.);
#1738 = FACE_BOUND('',#1739,.F.);
#1739 = EDGE_LOOP('',(#1740,#1741,#1764,#1897,#2023,#2024));
#1740 = ORIENTED_EDGE('',*,*,#1428,.F.);
#1741 = ORIENTED_EDGE('',*,*,#1742,.F.);
#1742 = EDGE_CURVE('',#1743,#1429,#1745,.T.);
#1743 = VERTEX_POINT('',#1744);
#1744 = CARTESIAN_POINT('',(25.,-3.551475717527E-15,162.));
#1745 = SEAM_CURVE('',#1746,(#1750,#1757),.PCURVE_S1.);
#1746 = LINE('',#1747,#1748);
#1747 = CARTESIAN_POINT('',(24.,-9.797174393179E-16,162.));
#1748 = VECTOR('',#1749,1.);
#1749 = DIRECTION('',(1.,0.,2.22044604925E-16));
#1750 = PCURVE('',#1514,#1751);
#1751 = DEFINITIONAL_REPRESENTATION('',(#1752),#1756);
#1752 = LINE('',#1753,#1754);
#1753 = CARTESIAN_POINT('',(6.28318530718,-0.));
#1754 = VECTOR('',#1755,1.);
#1755 = DIRECTION('',(0.,1.));
#1756 = ( GEOMETRIC_REPRESENTATION_CONTEXT(2) 
PARAMETRIC_REPRESENTATION_CONTEXT() REPRESENTATION_CONTEXT('2D SPACE',''
  ) );
#1757 = PCURVE('',#1514,#1758);
#1758 = DEFINITIONAL_REPRESENTATION('',(#1759),#1763);
#1759 = LINE('',#1760,#1761);
#1760 = CARTESIAN_POINT('',(0.,-0.));
#1761 = VECTOR('',#1762,1.);
#1762 = DIRECTION('',(0.,1.));
#1763 = ( GEOMETRIC_REPRESENTATION_CONTEXT(2) 
PARAMETRIC_REPRESENTATION_CONTEXT() REPRESENTATION_CONTEXT('2D SPACE',''
  ) );
#1764 = ORIENTED_EDGE('',*,*,#1765,.T.);
#1765 = EDGE_CURVE('',#1743,#1766,#1768,.T.);
#1766 = VERTEX_POINT('',#1767);
#1767 = CARTESIAN_POINT('',(25.,-6.123233995737E-15,170.));
#1768 = SURFACE_CURVE('',#1769,(#1808,#1850),.PCURVE_S1.);
#1769 = B_SPLINE_CURVE_WITH_KNOTS('',7,(#1770,#1771,#1772,#1773,#1774,
    #1775,#1776,#1777,#1778,#1779,#1780,#1781,#1782,#1783,#1784,#1785,
    #1786,#1787,#1788,#1789,#1790,#1791,#1792,#1793,#1794,#1795,#1796,
    #1797,#1798,#1799,#1800,#1801,#1802,#1803,#1804,#1805,#1806,#1807),
  .UNSPECIFIED.,.F.,.F.,(8,6,6,6,6,6,8),(0.,0.15659520454,0.302170412082
    ,0.499999999887,0.697829587692,0.843404795233,1.),.UNSPECIFIED.);
#1770 = CARTESIAN_POINT('',(25.,-4.898587196589E-16,162.));
#1771 = CARTESIAN_POINT('',(25.,0.342767901344,162.));
#1772 = CARTESIAN_POINT('',(24.994517095593,0.682170916626,
    162.03426777562));
#1773 = CARTESIAN_POINT('',(24.983745397795,1.012843357669,
    162.10159291369));
#1774 = CARTESIAN_POINT('',(24.968381908937,1.329687952888,
    162.19941119705));
#1775 = CARTESIAN_POINT('',(24.949566403462,1.628185023945,
    162.32387550898));
#1776 = CARTESIAN_POINT('',(24.928621177267,1.904669821377,
    162.46988996688));
#1777 = CARTESIAN_POINT('',(24.886537352782,2.390711090844,
    162.7810252232));
#1778 = CARTESIAN_POINT('',(24.865313977835,2.60594160828,
    162.94557164629));
#1779 = CARTESIAN_POINT('',(24.84386786944,2.802459816382,
    163.12212400526));
#1780 = CARTESIAN_POINT('',(24.822806205892,2.980665380802,
    163.30849393989));
#1781 = CARTESIAN_POINT('',(24.802614926429,3.141063655441,
    163.50287866476));
#1782 = CARTESIAN_POINT('',(24.78367095033,3.284193319622,
    163.70379298775));
#1783 = CARTESIAN_POINT('',(24.742620401543,3.58228768958,
    164.19023878829));
#1784 = CARTESIAN_POINT('',(24.721795103235,3.723233674093,
    164.48054023278));
#1785 = CARTESIAN_POINT('',(24.70453208713,3.834627426101,
    164.77796540648));
#1786 = CARTESIAN_POINT('',(24.691301971668,3.917471642778,
    165.08029223755));
#1787 = CARTESIAN_POINT('',(24.682386732506,3.972476265238,
    165.3857506416));
#1788 = CARTESIAN_POINT('',(24.677925358506,4.,165.69280646781));
#1789 = CARTESIAN_POINT('',(24.677925358506,4.,166.30719353218));
#1790 = CARTESIAN_POINT('',(24.682386732506,3.972476265237,
    166.61424935839));
#1791 = CARTESIAN_POINT('',(24.691301971668,3.917471642778,
    166.91970776244));
#1792 = CARTESIAN_POINT('',(24.70453208713,3.834627426101,
    167.22203459351));
#1793 = CARTESIAN_POINT('',(24.721795103235,3.723233674093,
    167.51945976721));
#1794 = CARTESIAN_POINT('',(24.742620401543,3.582287689581,
    167.8097612117));
#1795 = CARTESIAN_POINT('',(24.78367095033,3.284193319622,
    168.29620701224));
#1796 = CARTESIAN_POINT('',(24.802614926429,3.141063655441,
    168.49712133523));
#1797 = CARTESIAN_POINT('',(24.822806205892,2.980665380802,
    168.6915060601));
#1798 = CARTESIAN_POINT('',(24.84386786944,2.802459816381,
    168.87787599473));
#1799 = CARTESIAN_POINT('',(24.865313977835,2.60594160828,169.0544283537
    ));
#1800 = CARTESIAN_POINT('',(24.886537352782,2.390711090844,
    169.21897477679));
#1801 = CARTESIAN_POINT('',(24.928621177299,1.904669821014,
    169.53011003334));
#1802 = CARTESIAN_POINT('',(24.949566403458,1.628185023894,
    169.67612449095));
#1803 = CARTESIAN_POINT('',(24.96838190891,1.329687953213,
    169.80058880278));
#1804 = CARTESIAN_POINT('',(24.98374539779,1.012843358002,
    169.89840708627));
#1805 = CARTESIAN_POINT('',(24.994517095606,0.68217091657,
    169.96573222445));
#1806 = CARTESIAN_POINT('',(25.,0.342767900916,170.));
#1807 = CARTESIAN_POINT('',(25.,7.347880794884E-16,170.));
#1808 = PCURVE('',#1514,#1809);
#1809 = DEFINITIONAL_REPRESENTATION('',(#1810),#1849);
#1810 = B_SPLINE_CURVE_WITH_KNOTS('',7,(#1811,#1812,#1813,#1814,#1815,
    #1816,#1817,#1818,#1819,#1820,#1821,#1822,#1823,#1824,#1825,#1826,
    #1827,#1828,#1829,#1830,#1831,#1832,#1833,#1834,#1835,#1836,#1837,
    #1838,#1839,#1840,#1841,#1842,#1843,#1844,#1845,#1846,#1847,#1848),
  .UNSPECIFIED.,.F.,.F.,(8,6,6,6,6,6,8),(0.,0.15659520454,0.302170412082
    ,0.499999999887,0.697829587692,0.843404795233,1.),.UNSPECIFIED.);
#1811 = CARTESIAN_POINT('',(0.,1.));
#1812 = CARTESIAN_POINT('',(8.569197533592E-02,1.));
#1813 = CARTESIAN_POINT('',(0.17054269033,0.994517095593));
#1814 = CARTESIAN_POINT('',(0.254238767749,0.983745397795));
#1815 = CARTESIAN_POINT('',(0.336441910981,0.968381908937));
#1816 = CARTESIAN_POINT('',(0.416750106726,0.949566403462));
#1817 = CARTESIAN_POINT('',(0.494645704753,0.928621177267));
#1818 = CARTESIAN_POINT('',(0.638920023185,0.886537352782));
#1819 = CARTESIAN_POINT('',(0.706416163032,0.865313977835));
#1820 = CARTESIAN_POINT('',(0.772138501947,0.84386786944));
#1821 = CARTESIAN_POINT('',(0.836283649324,0.822806205892));
#1822 = CARTESIAN_POINT('',(0.899031319647,0.802614926429));
#1823 = CARTESIAN_POINT('',(0.960554605278,0.78367095033));
#1824 = CARTESIAN_POINT('',(1.103183882221,0.742620401543));
#1825 = CARTESIAN_POINT('',(1.183475935816,0.721795103235));
#1826 = CARTESIAN_POINT('',(1.262330584466,0.70453208713));
#1827 = CARTESIAN_POINT('',(1.34013036694,0.691301971668));
#1828 = CARTESIAN_POINT('',(1.417233655,0.682386732506));
#1829 = CARTESIAN_POINT('',(1.493997943748,0.677925358506));
#1830 = CARTESIAN_POINT('',(1.647594709842,0.677925358506));
#1831 = CARTESIAN_POINT('',(1.724358998589,0.682386732506));
#1832 = CARTESIAN_POINT('',(1.80146228665,0.691301971668));
#1833 = CARTESIAN_POINT('',(1.879262069124,0.70453208713));
#1834 = CARTESIAN_POINT('',(1.958116717774,0.721795103235));
#1835 = CARTESIAN_POINT('',(2.038408771368,0.742620401543));
#1836 = CARTESIAN_POINT('',(2.181038048312,0.78367095033));
#1837 = CARTESIAN_POINT('',(2.242561333943,0.802614926429));
#1838 = CARTESIAN_POINT('',(2.305309004266,0.822806205892));
#1839 = CARTESIAN_POINT('',(2.369454151643,0.84386786944));
#1840 = CARTESIAN_POINT('',(2.435176490558,0.865313977835));
#1841 = CARTESIAN_POINT('',(2.502672630404,0.886537352782));
#1842 = CARTESIAN_POINT('',(2.646946948945,0.928621177299));
#1843 = CARTESIAN_POINT('',(2.724842546867,0.949566403458));
#1844 = CARTESIAN_POINT('',(2.805150742521,0.96838190891));
#1845 = CARTESIAN_POINT('',(2.887353885762,0.98374539779));
#1846 = CARTESIAN_POINT('',(2.971049963274,0.994517095606));
#1847 = CARTESIAN_POINT('',(3.055900678361,1.));
#1848 = CARTESIAN_POINT('',(3.14159265359,1.));
#1849 = ( GEOMETRIC_REPRESENTATION_CONTEXT(2) 
PARAMETRIC_REPRESENTATION_CONTEXT() REPRESENTATION_CONTEXT('2D SPACE',''
  ) );
#1850 = PCURVE('',#1851,#1856);
#1851 = CYLINDRICAL_SURFACE('',#1852,25.);
#1852 = AXIS2_PLACEMENT_3D('',#1853,#1854,#1855);
#1853 = CARTESIAN_POINT('',(0.,0.,62.));
#1854 = DIRECTION('',(0.,0.,1.));
#1855 = DIRECTION('',(1.,0.,-0.));
#1856 = DEFINITIONAL_REPRESENTATION('',(#1857),#1896);
#1857 = B_SPLINE_CURVE_WITH_KNOTS('',7,(#1858,#1859,#1860,#1861,#1862,
    #1863,#1864,#1865,#1866,#1867,#1868,#1869,#1870,#1871,#1872,#1873,
    #1874,#1875,#1876,#1877,#1878,#1879,#1880,#1881,#1882,#1883,#1884,
    #1885,#1886,#1887,#1888,#1889,#1890,#1891,#1892,#1893,#1894,#1895),
  .UNSPECIFIED.,.F.,.F.,(8,6,6,6,6,6,8),(0.,0.15659520454,0.302170412082
    ,0.499999999887,0.697829587692,0.843404795233,1.),.UNSPECIFIED.);
#1858 = CARTESIAN_POINT('',(0.,100.));
#1859 = CARTESIAN_POINT('',(1.371071605375E-02,100.));
#1860 = CARTESIAN_POINT('',(2.728683832265E-02,100.03426777562));
#1861 = CARTESIAN_POINT('',(4.051793672299E-02,100.10159291369));
#1862 = CARTESIAN_POINT('',(5.32040031751E-02,100.19941119705));
#1863 = CARTESIAN_POINT('',(6.516600040567E-02,100.32387550898));
#1864 = CARTESIAN_POINT('',(7.625643774268E-02,100.46988996688));
#1865 = CARTESIAN_POINT('',(9.577082890029E-02,100.7810252232));
#1866 = CARTESIAN_POINT('',(0.104421189134,100.94557164629));
#1867 = CARTESIAN_POINT('',(0.112327974442,101.12212400526));
#1868 = CARTESIAN_POINT('',(0.119505392358,101.30849393989));
#1869 = CARTESIAN_POINT('',(0.125971738997,101.50287866476));
#1870 = CARTESIAN_POINT('',(0.13174677438,101.70379298775));
#1871 = CARTESIAN_POINT('',(0.143783079524,102.19023878829));
#1872 = CARTESIAN_POINT('',(0.149481853332,102.48054023278));
#1873 = CARTESIAN_POINT('',(0.153990683506,102.77796540648));
#1874 = CARTESIAN_POINT('',(0.157346441386,103.08029223755));
#1875 = CARTESIAN_POINT('',(0.159575332297,103.3857506416));
#1876 = CARTESIAN_POINT('',(0.160690652952,103.69280646781));
#1877 = CARTESIAN_POINT('',(0.160690652952,104.30719353218));
#1878 = CARTESIAN_POINT('',(0.159575332297,104.61424935839));
#1879 = CARTESIAN_POINT('',(0.157346441386,104.91970776244));
#1880 = CARTESIAN_POINT('',(0.153990683506,105.22203459351));
#1881 = CARTESIAN_POINT('',(0.149481853332,105.51945976721));
#1882 = CARTESIAN_POINT('',(0.143783079524,105.8097612117));
#1883 = CARTESIAN_POINT('',(0.13174677438,106.29620701224));
#1884 = CARTESIAN_POINT('',(0.125971738997,106.49712133523));
#1885 = CARTESIAN_POINT('',(0.119505392358,106.6915060601));
#1886 = CARTESIAN_POINT('',(0.112327974442,106.87787599473));
#1887 = CARTESIAN_POINT('',(0.104421189134,107.0544283537));
#1888 = CARTESIAN_POINT('',(9.577082890029E-02,107.21897477679));
#1889 = CARTESIAN_POINT('',(7.625643772807E-02,107.53011003334));
#1890 = CARTESIAN_POINT('',(6.516600040364E-02,107.67612449095));
#1891 = CARTESIAN_POINT('',(5.320400318815E-02,107.80058880278));
#1892 = CARTESIAN_POINT('',(4.05179367363E-02,107.89840708627));
#1893 = CARTESIAN_POINT('',(2.728683832039E-02,107.96573222445));
#1894 = CARTESIAN_POINT('',(1.371071603662E-02,108.));
#1895 = CARTESIAN_POINT('',(0.,108.));
#1896 = ( GEOMETRIC_REPRESENTATION_CONTEXT(2) 
PARAMETRIC_REPRESENTATION_CONTEXT() REPRESENTATION_CONTEXT('2D SPACE',''
  ) );
#1897 = ORIENTED_EDGE('',*,*,#1898,.T.);
#1898 = EDGE_CURVE('',#1766,#1743,#1899,.T.);
#1899 = SURFACE_CURVE('',#1900,(#1939,#1981),.PCURVE_S1.);
#1900 = B_SPLINE_CURVE_WITH_KNOTS('',7,(#1901,#1902,#1903,#1904,#1905,
    #1906,#1907,#1908,#1909,#1910,#1911,#1912,#1913,#1914,#1915,#1916,
    #1917,#1918,#1919,#1920,#1921,#1922,#1923,#1924,#1925,#1926,#1927,
    #1928,#1929,#1930,#1931,#1932,#1933,#1934,#1935,#1936,#1937,#1938),
  .UNSPECIFIED.,.F.,.F.,(8,6,6,6,6,6,8),(0.,0.156595204952,
    0.302170412665,0.500000000703,0.697829588741,0.843404796455,1.),
  .UNSPECIFIED.);
#1901 = CARTESIAN_POINT('',(25.,-2.22044604925E-15,170.));
#1902 = CARTESIAN_POINT('',(25.,-0.342767900916,170.));
#1903 = CARTESIAN_POINT('',(24.994517095607,-0.68217091657,
    169.96573222445));
#1904 = CARTESIAN_POINT('',(24.983745397789,-1.012843358003,
    169.89840708626));
#1905 = CARTESIAN_POINT('',(24.96838190891,-1.329687953212,
    169.80058880278));
#1906 = CARTESIAN_POINT('',(24.949566403458,-1.628185023895,
    169.67612449095));
#1907 = CARTESIAN_POINT('',(24.928621177299,-1.904669821013,
    169.53011003334));
#1908 = CARTESIAN_POINT('',(24.886537352782,-2.390711090844,
    169.21897477679));
#1909 = CARTESIAN_POINT('',(24.865313977835,-2.605941608279,
    169.0544283537));
#1910 = CARTESIAN_POINT('',(24.84386786944,-2.802459816382,
    168.87787599473));
#1911 = CARTESIAN_POINT('',(24.822806205892,-2.980665380802,
    168.6915060601));
#1912 = CARTESIAN_POINT('',(24.802614926429,-3.14106365544,
    168.49712133524));
#1913 = CARTESIAN_POINT('',(24.78367095033,-3.284193319622,
    168.29620701224));
#1914 = CARTESIAN_POINT('',(24.742620401544,-3.58228768958,
    167.8097612117));
#1915 = CARTESIAN_POINT('',(24.721795103235,-3.723233674093,
    167.51945976721));
#1916 = CARTESIAN_POINT('',(24.70453208713,-3.834627426101,
    167.22203459351));
#1917 = CARTESIAN_POINT('',(24.691301971668,-3.917471642778,
    166.91970776244));
#1918 = CARTESIAN_POINT('',(24.682386732506,-3.972476265238,
    166.6142493584));
#1919 = CARTESIAN_POINT('',(24.677925358506,-4.,166.30719353218));
#1920 = CARTESIAN_POINT('',(24.677925358506,-4.,165.69280646781));
#1921 = CARTESIAN_POINT('',(24.682386732506,-3.972476265238,
    165.3857506416));
#1922 = CARTESIAN_POINT('',(24.691301971668,-3.917471642778,
    165.08029223755));
#1923 = CARTESIAN_POINT('',(24.70453208713,-3.834627426101,
    164.77796540648));
#1924 = CARTESIAN_POINT('',(24.721795103235,-3.723233674093,
    164.48054023278));
#1925 = CARTESIAN_POINT('',(24.742620401543,-3.58228768958,
    164.19023878829));
#1926 = CARTESIAN_POINT('',(24.78367095033,-3.284193319622,
    163.70379298775));
#1927 = CARTESIAN_POINT('',(24.802614926429,-3.141063655441,
    163.50287866476));
#1928 = CARTESIAN_POINT('',(24.822806205892,-2.980665380802,
    163.30849393989));
#1929 = CARTESIAN_POINT('',(24.84386786944,-2.802459816382,
    163.12212400526));
#1930 = CARTESIAN_POINT('',(24.865313977835,-2.605941608279,
    162.94557164629));
#1931 = CARTESIAN_POINT('',(24.886537352782,-2.390711090844,
    162.7810252232));
#1932 = CARTESIAN_POINT('',(24.928621177103,-1.904669823275,
    162.4698899681));
#1933 = CARTESIAN_POINT('',(24.949566403927,-1.628185019525,
    162.32387550559));
#1934 = CARTESIAN_POINT('',(24.968381908405,-1.329687954752,
    162.19941120094));
#1935 = CARTESIAN_POINT('',(24.983745398068,-1.012843362391,
    162.10159291165));
#1936 = CARTESIAN_POINT('',(24.994517095543,-0.682170910243,
    162.03426777602));
#1937 = CARTESIAN_POINT('',(25.,-0.342767903927,162.));
#1938 = CARTESIAN_POINT('',(25.,-3.552713678801E-15,162.));
#1939 = PCURVE('',#1514,#1940);
#1940 = DEFINITIONAL_REPRESENTATION('',(#1941),#1980);
#1941 = B_SPLINE_CURVE_WITH_KNOTS('',7,(#1942,#1943,#1944,#1945,#1946,
    #1947,#1948,#1949,#1950,#1951,#1952,#1953,#1954,#1955,#1956,#1957,
    #1958,#1959,#1960,#1961,#1962,#1963,#1964,#1965,#1966,#1967,#1968,
    #1969,#1970,#1971,#1972,#1973,#1974,#1975,#1976,#1977,#1978,#1979),
  .UNSPECIFIED.,.F.,.F.,(8,6,6,6,6,6,8),(0.,0.156595204952,
    0.302170412665,0.500000000703,0.697829588741,0.843404796455,1.),
  .UNSPECIFIED.);
#1942 = CARTESIAN_POINT('',(3.14159265359,1.));
#1943 = CARTESIAN_POINT('',(3.227284628819,1.));
#1944 = CARTESIAN_POINT('',(3.312135343905,0.994517095607));
#1945 = CARTESIAN_POINT('',(3.395831421418,0.983745397789));
#1946 = CARTESIAN_POINT('',(3.478034564658,0.96838190891));
#1947 = CARTESIAN_POINT('',(3.558342760313,0.949566403458));
#1948 = CARTESIAN_POINT('',(3.636238358235,0.928621177299));
#1949 = CARTESIAN_POINT('',(3.780512676775,0.886537352782));
#1950 = CARTESIAN_POINT('',(3.848008816622,0.865313977835));
#1951 = CARTESIAN_POINT('',(3.913731155536,0.84386786944));
#1952 = CARTESIAN_POINT('',(3.977876302914,0.822806205892));
#1953 = CARTESIAN_POINT('',(4.040623973236,0.802614926429));
#1954 = CARTESIAN_POINT('',(4.102147258868,0.78367095033));
#1955 = CARTESIAN_POINT('',(4.244776535811,0.742620401544));
#1956 = CARTESIAN_POINT('',(4.325068589406,0.721795103235));
#1957 = CARTESIAN_POINT('',(4.403923238056,0.70453208713));
#1958 = CARTESIAN_POINT('',(4.481723020529,0.691301971668));
#1959 = CARTESIAN_POINT('',(4.55882630859,0.682386732506));
#1960 = CARTESIAN_POINT('',(4.635590597338,0.677925358506));
#1961 = CARTESIAN_POINT('',(4.789187363431,0.677925358506));
#1962 = CARTESIAN_POINT('',(4.865951652179,0.682386732506));
#1963 = CARTESIAN_POINT('',(4.94305494024,0.691301971668));
#1964 = CARTESIAN_POINT('',(5.020854722713,0.70453208713));
#1965 = CARTESIAN_POINT('',(5.099709371364,0.721795103235));
#1966 = CARTESIAN_POINT('',(5.180001424958,0.742620401543));
#1967 = CARTESIAN_POINT('',(5.322630701902,0.78367095033));
#1968 = CARTESIAN_POINT('',(5.384153987533,0.802614926429));
#1969 = CARTESIAN_POINT('',(5.446901657855,0.822806205892));
#1970 = CARTESIAN_POINT('',(5.511046805233,0.84386786944));
#1971 = CARTESIAN_POINT('',(5.576769144147,0.865313977835));
#1972 = CARTESIAN_POINT('',(5.644265283994,0.886537352782));
#1973 = CARTESIAN_POINT('',(5.788539601863,0.928621177103));
#1974 = CARTESIAN_POINT('',(5.866435201795,0.949566403927));
#1975 = CARTESIAN_POINT('',(5.94674339546,0.968381908405));
#1976 = CARTESIAN_POINT('',(6.028946538406,0.983745398068));
#1977 = CARTESIAN_POINT('',(6.112642618407,0.994517095543));
#1978 = CARTESIAN_POINT('',(6.197493331198,1.));
#1979 = CARTESIAN_POINT('',(6.28318530718,1.));
#1980 = ( GEOMETRIC_REPRESENTATION_CONTEXT(2) 
PARAMETRIC_REPRESENTATION_CONTEXT() REPRESENTATION_CONTEXT('2D SPACE',''
  ) );
#1981 = PCURVE('',#1851,#1982);
#1982 = DEFINITIONAL_REPRESENTATION('',(#1983),#2022);
#1983 = B_SPLINE_CURVE_WITH_KNOTS('',7,(#1984,#1985,#1986,#1987,#1988,
    #1989,#1990,#1991,#1992,#1993,#1994,#1995,#1996,#1997,#1998,#1999,
    #2000,#2001,#2002,#2003,#2004,#2005,#2006,#2007,#2008,#2009,#2010,
    #2011,#2012,#2013,#2014,#2015,#2016,#2017,#2018,#2019,#2020,#2021),
  .UNSPECIFIED.,.F.,.F.,(8,6,6,6,6,6,8),(0.,0.156595204952,
    0.302170412665,0.500000000703,0.697829588741,0.843404796455,1.),
  .UNSPECIFIED.);
#1984 = CARTESIAN_POINT('',(6.28318530718,108.));
#1985 = CARTESIAN_POINT('',(6.269474591143,108.));
#1986 = CARTESIAN_POINT('',(6.255898468859,107.96573222445));
#1987 = CARTESIAN_POINT('',(6.242667370443,107.89840708627));
#1988 = CARTESIAN_POINT('',(6.229981303992,107.80058880278));
#1989 = CARTESIAN_POINT('',(6.218019306776,107.67612449095));
#1990 = CARTESIAN_POINT('',(6.206928869452,107.53011003334));
#1991 = CARTESIAN_POINT('',(6.187414478279,107.21897477679));
#1992 = CARTESIAN_POINT('',(6.178764118045,107.0544283537));
#1993 = CARTESIAN_POINT('',(6.170857332737,106.87787599473));
#1994 = CARTESIAN_POINT('',(6.163679914821,106.6915060601));
#1995 = CARTESIAN_POINT('',(6.157213568182,106.49712133524));
#1996 = CARTESIAN_POINT('',(6.1514385328,106.29620701224));
#1997 = CARTESIAN_POINT('',(6.139402227655,105.8097612117));
#1998 = CARTESIAN_POINT('',(6.133703453847,105.51945976721));
#1999 = CARTESIAN_POINT('',(6.129194623674,105.22203459351));
#2000 = CARTESIAN_POINT('',(6.125838865794,104.91970776244));
#2001 = CARTESIAN_POINT('',(6.123609974882,104.6142493584));
#2002 = CARTESIAN_POINT('',(6.122494654228,104.30719353218));
#2003 = CARTESIAN_POINT('',(6.122494654228,103.69280646781));
#2004 = CARTESIAN_POINT('',(6.123609974882,103.3857506416));
#2005 = CARTESIAN_POINT('',(6.125838865794,103.08029223755));
#2006 = CARTESIAN_POINT('',(6.129194623674,102.77796540648));
#2007 = CARTESIAN_POINT('',(6.133703453847,102.48054023278));
#2008 = CARTESIAN_POINT('',(6.139402227655,102.19023878829));
#2009 = CARTESIAN_POINT('',(6.1514385328,101.70379298775));
#2010 = CARTESIAN_POINT('',(6.157213568182,101.50287866476));
#2011 = CARTESIAN_POINT('',(6.163679914821,101.30849393989));
#2012 = CARTESIAN_POINT('',(6.170857332737,101.12212400526));
#2013 = CARTESIAN_POINT('',(6.178764118045,100.94557164629));
#2014 = CARTESIAN_POINT('',(6.187414478279,100.7810252232));
#2015 = CARTESIAN_POINT('',(6.206928869361,100.4698899681));
#2016 = CARTESIAN_POINT('',(6.218019306951,100.32387550559));
#2017 = CARTESIAN_POINT('',(6.229981303929,100.19941120094));
#2018 = CARTESIAN_POINT('',(6.242667370268,100.10159291165));
#2019 = CARTESIAN_POINT('',(6.255898469112,100.03426777602));
#2020 = CARTESIAN_POINT('',(6.269474591022,100.));
#2021 = CARTESIAN_POINT('',(6.28318530718,100.));
#2022 = ( GEOMETRIC_REPRESENTATION_CONTEXT(2) 
PARAMETRIC_REPRESENTATION_CONTEXT() REPRESENTATION_CONTEXT('2D SPACE',''
  ) );
#2023 = ORIENTED_EDGE('',*,*,#1742,.T.);
#2024 = ORIENTED_EDGE('',*,*,#1612,.F.);
#2025 = ADVANCED_FACE('',(#2026,#2029),#1599,.F.);
#2026 = FACE_BOUND('',#2027,.F.);
#2027 = EDGE_LOOP('',(#2028));
#2028 = ORIENTED_EDGE('',*,*,#1584,.T.);
#2029 = FACE_BOUND('',#2030,.F.);
#2030 = EDGE_LOOP('',(#2031));
#2031 = ORIENTED_EDGE('',*,*,#2032,.F.);
#2032 = EDGE_CURVE('',#2033,#2033,#2035,.T.);
#2033 = VERTEX_POINT('',#2034);
#2034 = CARTESIAN_POINT('',(25.,-6.123233995737E-15,63.));
#2035 = SURFACE_CURVE('',#2036,(#2041,#2048),.PCURVE_S1.);
#2036 = CIRCLE('',#2037,25.);
#2037 = AXIS2_PLACEMENT_3D('',#2038,#2039,#2040);
#2038 = CARTESIAN_POINT('',(0.,0.,63.));
#2039 = DIRECTION('',(0.,0.,1.));
#2040 = DIRECTION('',(1.,0.,-0.));
#2041 = PCURVE('',#1599,#2042);
#2042 = DEFINITIONAL_REPRESENTATION('',(#2043),#2047);
#2043 = CIRCLE('',#2044,25.);
#2044 = AXIS2_PLACEMENT_2D('',#2045,#2046);
#2045 = CARTESIAN_POINT('',(0.,0.));
#2046 = DIRECTION('',(1.,0.));
#2047 = ( GEOMETRIC_REPRESENTATION_CONTEXT(2) 
PARAMETRIC_REPRESENTATION_CONTEXT() REPRESENTATION_CONTEXT('2D SPACE',''
  ) );
#2048 = PCURVE('',#1851,#2049);
#2049 = DEFINITIONAL_REPRESENTATION('',(#2050),#2054);
#2050 = LINE('',#2051,#2052);
#2051 = CARTESIAN_POINT('',(0.,1.));
#2052 = VECTOR('',#2053,1.);
#2053 = DIRECTION('',(1.,0.));
#2054 = ( GEOMETRIC_REPRESENTATION_CONTEXT(2) 
PARAMETRIC_REPRESENTATION_CONTEXT() REPRESENTATION_CONTEXT('2D SPACE',''
  ) );
#2055 = ADVANCED_FACE('',(#2056,#2059),#1415,.T.);
#2056 = FACE_BOUND('',#2057,.T.);
#2057 = EDGE_LOOP('',(#2058));
#2058 = ORIENTED_EDGE('',*,*,#1400,.T.);
#2059 = FACE_BOUND('',#2060,.T.);
#2060 = EDGE_LOOP('',(#2061));
#2061 = ORIENTED_EDGE('',*,*,#2062,.F.);
#2062 = EDGE_CURVE('',#2063,#2063,#2065,.T.);
#2063 = VERTEX_POINT('',#2064);
#2064 = CARTESIAN_POINT('',(28.,-6.858022075225E-15,265.));
#2065 = SURFACE_CURVE('',#2066,(#2071,#2078),.PCURVE_S1.);
#2066 = CIRCLE('',#2067,28.);
#2067 = AXIS2_PLACEMENT_3D('',#2068,#2069,#2070);
#2068 = CARTESIAN_POINT('',(0.,0.,265.));
#2069 = DIRECTION('',(0.,0.,1.));
#2070 = DIRECTION('',(1.,0.,-0.));
#2071 = PCURVE('',#1415,#2072);
#2072 = DEFINITIONAL_REPRESENTATION('',(#2073),#2077);
#2073 = CIRCLE('',#2074,28.);
#2074 = AXIS2_PLACEMENT_2D('',#2075,#2076);
#2075 = CARTESIAN_POINT('',(0.,0.));
#2076 = DIRECTION('',(1.,0.));
#2077 = ( GEOMETRIC_REPRESENTATION_CONTEXT(2) 
PARAMETRIC_REPRESENTATION_CONTEXT() REPRESENTATION_CONTEXT('2D SPACE',''
  ) );
#2078 = PCURVE('',#2079,#2084);
#2079 = CYLINDRICAL_SURFACE('',#2080,28.);
#2080 = AXIS2_PLACEMENT_3D('',#2081,#2082,#2083);
#2081 = CARTESIAN_POINT('',(0.,0.,265.));
#2082 = DIRECTION('',(0.,0.,1.));
#2083 = DIRECTION('',(1.,0.,-0.));
#2084 = DEFINITIONAL_REPRESENTATION('',(#2085),#2089);
#2085 = LINE('',#2086,#2087);
#2086 = CARTESIAN_POINT('',(0.,0.));
#2087 = VECTOR('',#2088,1.);
#2088 = DIRECTION('',(1.,0.));
#2089 = ( GEOMETRIC_REPRESENTATION_CONTEXT(2) 
PARAMETRIC_REPRESENTATION_CONTEXT() REPRESENTATION_CONTEXT('2D SPACE',''
  ) );
#2090 = ADVANCED_FACE('',(#2091,#2169),#1851,.F.);
#2091 = FACE_BOUND('',#2092,.F.);
#2092 = EDGE_LOOP('',(#2093,#2114,#2115,#2116,#2117,#2140,#2167,#2168));
#2093 = ORIENTED_EDGE('',*,*,#2094,.F.);
#2094 = EDGE_CURVE('',#2033,#1743,#2095,.T.);
#2095 = SEAM_CURVE('',#2096,(#2100,#2107),.PCURVE_S1.);
#2096 = LINE('',#2097,#2098);
#2097 = CARTESIAN_POINT('',(25.,-6.123233995737E-15,62.));
#2098 = VECTOR('',#2099,1.);
#2099 = DIRECTION('',(0.,0.,1.));
#2100 = PCURVE('',#1851,#2101);
#2101 = DEFINITIONAL_REPRESENTATION('',(#2102),#2106);
#2102 = LINE('',#2103,#2104);
#2103 = CARTESIAN_POINT('',(0.,-0.));
#2104 = VECTOR('',#2105,1.);
#2105 = DIRECTION('',(0.,1.));
#2106 = ( GEOMETRIC_REPRESENTATION_CONTEXT(2) 
PARAMETRIC_REPRESENTATION_CONTEXT() REPRESENTATION_CONTEXT('2D SPACE',''
  ) );
#2107 = PCURVE('',#1851,#2108);
#2108 = DEFINITIONAL_REPRESENTATION('',(#2109),#2113);
#2109 = LINE('',#2110,#2111);
#2110 = CARTESIAN_POINT('',(6.28318530718,-0.));
#2111 = VECTOR('',#2112,1.);
#2112 = DIRECTION('',(0.,1.));
#2113 = ( GEOMETRIC_REPRESENTATION_CONTEXT(2) 
PARAMETRIC_REPRESENTATION_CONTEXT() REPRESENTATION_CONTEXT('2D SPACE',''
  ) );
#2114 = ORIENTED_EDGE('',*,*,#2032,.T.);
#2115 = ORIENTED_EDGE('',*,*,#2094,.T.);
#2116 = ORIENTED_EDGE('',*,*,#1898,.F.);
#2117 = ORIENTED_EDGE('',*,*,#2118,.T.);
#2118 = EDGE_CURVE('',#1766,#2119,#2121,.T.);
#2119 = VERTEX_POINT('',#2120);
#2120 = CARTESIAN_POINT('',(25.,-6.123233995737E-15,287.));
#2121 = SEAM_CURVE('',#2122,(#2126,#2133),.PCURVE_S1.);
#2122 = LINE('',#2123,#2124);
#2123 = CARTESIAN_POINT('',(25.,-6.123233995737E-15,62.));
#2124 = VECTOR('',#2125,1.);
#2125 = DIRECTION('',(0.,0.,1.));
#2126 = PCURVE('',#1851,#2127);
#2127 = DEFINITIONAL_REPRESENTATION('',(#2128),#2132);
#2128 = LINE('',#2129,#2130);
#2129 = CARTESIAN_POINT('',(0.,-0.));
#2130 = VECTOR('',#2131,1.);
#2131 = DIRECTION('',(0.,1.));
#2132 = ( GEOMETRIC_REPRESENTATION_CONTEXT(2) 
PARAMETRIC_REPRESENTATION_CONTEXT() REPRESENTATION_CONTEXT('2D SPACE',''
  ) );
#2133 = PCURVE('',#1851,#2134);
#2134 = DEFINITIONAL_REPRESENTATION('',(#2135),#2139);
#2135 = LINE('',#2136,#2137);
#2136 = CARTESIAN_POINT('',(6.28318530718,-0.));
#2137 = VECTOR('',#2138,1.);
#2138 = DIRECTION('',(0.,1.));
#2139 = ( GEOMETRIC_REPRESENTATION_CONTEXT(2) 
PARAMETRIC_REPRESENTATION_CONTEXT() REPRESENTATION_CONTEXT('2D SPACE',''
  ) );
#2140 = ORIENTED_EDGE('',*,*,#2141,.F.);
#2141 = EDGE_CURVE('',#2119,#2119,#2142,.T.);
#2142 = SURFACE_CURVE('',#2143,(#2148,#2155),.PCURVE_S1.);
#2143 = CIRCLE('',#2144,25.);
#2144 = AXIS2_PLACEMENT_3D('',#2145,#2146,#2147);
#2145 = CARTESIAN_POINT('',(0.,0.,287.));
#2146 = DIRECTION('',(0.,0.,1.));
#2147 = DIRECTION('',(1.,0.,-0.));
#2148 = PCURVE('',#1851,#2149);
#2149 = DEFINITIONAL_REPRESENTATION('',(#2150),#2154);
#2150 = LINE('',#2151,#2152);
#2151 = CARTESIAN_POINT('',(0.,225.));
#2152 = VECTOR('',#2153,1.);
#2153 = DIRECTION('',(1.,0.));
#2154 = ( GEOMETRIC_REPRESENTATION_CONTEXT(2) 
PARAMETRIC_REPRESENTATION_CONTEXT() REPRESENTATION_CONTEXT('2D SPACE',''
  ) );
#2155 = PCURVE('',#2156,#2161);
#2156 = PLANE('',#2157);
#2157 = AXIS2_PLACEMENT_3D('',#2158,#2159,#2160);
#2158 = CARTESIAN_POINT('',(0.,0.,287.));
#2159 = DIRECTION('',(0.,0.,1.));
#2160 = DIRECTION('',(1.,0.,-0.));
#2161 = DEFINITIONAL_REPRESENTATION('',(#2162),#2166);
#2162 = CIRCLE('',#2163,25.);
#2163 = AXIS2_PLACEMENT_2D('',#2164,#2165);
#2164 = CARTESIAN_POINT('',(0.,0.));
#2165 = DIRECTION('',(1.,0.));
#2166 = ( GEOMETRIC_REPRESENTATION_CONTEXT(2) 
PARAMETRIC_REPRESENTATION_CONTEXT() REPRESENTATION_CONTEXT('2D SPACE',''
  ) );
#2167 = ORIENTED_EDGE('',*,*,#2118,.F.);
#2168 = ORIENTED_EDGE('',*,*,#1765,.F.);
#2169 = FACE_BOUND('',#2170,.F.);
#2170 = EDGE_LOOP('',(#2171));
#2171 = ORIENTED_EDGE('',*,*,#2172,.T.);
#2172 = EDGE_CURVE('',#2173,#2173,#2175,.T.);
#2173 = VERTEX_POINT('',#2174);
#2174 = CARTESIAN_POINT('',(-25.,-8.572527594031E-16,274.5));
#2175 = SURFACE_CURVE('',#2176,(#2251,#2329),.PCURVE_S1.);
#2176 = B_SPLINE_CURVE_WITH_KNOTS('',7,(#2177,#2178,#2179,#2180,#2181,
    #2182,#2183,#2184,#2185,#2186,#2187,#2188,#2189,#2190,#2191,#2192,
    #2193,#2194,#2195,#2196,#2197,#2198,#2199,#2200,#2201,#2202,#2203,
    #2204,#2205,#2206,#2207,#2208,#2209,#2210,#2211,#2212,#2213,#2214,
    #2215,#2216,#2217,#2218,#2219,#2220,#2221,#2222,#2223,#2224,#2225,
    #2226,#2227,#2228,#2229,#2230,#2231,#2232,#2233,#2234,#2235,#2236,
    #2237,#2238,#2239,#2240,#2241,#2242,#2243,#2244,#2245,#2246,#2247,
    #2248,#2249,#2250),.UNSPECIFIED.,.T.,.F.,(8,6,6,6,6,6,6,6,6,6,6,6,8)
  ,(0.,7.716611888779E-02,0.180558817965,0.249894032124,0.346747337736,
    0.42265484205,0.499863198204,0.577071554369,0.680520846038,
    0.749894011227,0.846800330056,0.92274938278,1.),.UNSPECIFIED.);
#2177 = CARTESIAN_POINT('',(-25.,8.881784197001E-16,274.5));
#2178 = CARTESIAN_POINT('',(-25.,0.294648117623,274.5));
#2179 = CARTESIAN_POINT('',(-24.99594920252,0.586670228723,
    274.52893916911));
#2180 = CARTESIAN_POINT('',(-24.98797385536,0.871558136318,
    274.58588914495));
#2181 = CARTESIAN_POINT('',(-24.97657858414,1.145009967261,
    274.66878379991));
#2182 = CARTESIAN_POINT('',(-24.96257130867,1.403194623054,
    274.77447570459));
#2183 = CARTESIAN_POINT('',(-24.94692186082,1.642978184159,
    274.89877423202));
#2184 = CARTESIAN_POINT('',(-24.90862387765,2.155723825498,
    275.22095367196));
#2185 = CARTESIAN_POINT('',(-24.88513587835,2.415874746934,
    275.43175359058));
#2186 = CARTESIAN_POINT('',(-24.86169924431,2.64311331851,
    275.66217004399));
#2187 = CARTESIAN_POINT('',(-24.83955159443,2.838656076946,
    275.90721996785));
#2188 = CARTESIAN_POINT('',(-24.81953926261,3.003901635374,
    276.16314259059));
#2189 = CARTESIAN_POINT('',(-24.80224570733,3.140147799108,
    276.42709713618));
#2190 = CARTESIAN_POINT('',(-24.7785458047,3.320998108744,
    276.87795059356));
#2191 = CARTESIAN_POINT('',(-24.77042738081,3.381025148,277.06163977732)
  );
#2192 = CARTESIAN_POINT('',(-24.76382374575,3.4287593728,277.24736906395
    ));
#2193 = CARTESIAN_POINT('',(-24.758818898,3.464414471936,277.43456334352
    ));
#2194 = CARTESIAN_POINT('',(-24.75546521325,3.488136775065,
    277.62271362028));
#2195 = CARTESIAN_POINT('',(-24.75378758897,3.5,277.81134755377));
#2196 = CARTESIAN_POINT('',(-24.75378758897,3.5,278.26352573148));
#2197 = CARTESIAN_POINT('',(-24.75706075339,3.476850945558,
    278.52695263674));
#2198 = CARTESIAN_POINT('',(-24.76360200235,3.430586307013,
    278.78906095732));
#2199 = CARTESIAN_POINT('',(-24.77331470582,3.360911702121,
    279.04859455152));
#2200 = CARTESIAN_POINT('',(-24.78600158713,3.2672537015,279.30409646764
    ));
#2201 = CARTESIAN_POINT('',(-24.80133325716,3.148805689091,
    279.55373889186));
#2202 = CARTESIAN_POINT('',(-24.83247930411,2.891528562925,
    279.98434826939));
#2203 = CARTESIAN_POINT('',(-24.84748398978,2.762550985754,
    280.16865036275));
#2204 = CARTESIAN_POINT('',(-24.86355886741,2.617151246697,
    280.34682653992));
#2205 = CARTESIAN_POINT('',(-24.88038024148,2.454815169536,280.517398241
    ));
#2206 = CARTESIAN_POINT('',(-24.8975254498,2.275068872803,
    280.67857079676));
#2207 = CARTESIAN_POINT('',(-24.91446251731,2.07755425133,
    280.82816352688));
#2208 = CARTESIAN_POINT('',(-24.94692186081,1.64297818422,
    281.10122576793));
#2209 = CARTESIAN_POINT('',(-24.96257130867,1.403194623062,
    281.22552429541));
#2210 = CARTESIAN_POINT('',(-24.97657858414,1.145009967207,
    281.33121620011));
#2211 = CARTESIAN_POINT('',(-24.98797385536,0.871558136263,
    281.41411085505));
#2212 = CARTESIAN_POINT('',(-24.99594920252,0.586670228733,
    281.47106083087));
#2213 = CARTESIAN_POINT('',(-25.,0.294648117694,281.5));
#2214 = CARTESIAN_POINT('',(-25.,-0.294648117732,281.5));
#2215 = CARTESIAN_POINT('',(-24.99594920252,-0.586670228759,
    281.47106083086));
#2216 = CARTESIAN_POINT('',(-24.98797385536,-0.871558136232,
    281.41411085504));
#2217 = CARTESIAN_POINT('',(-24.97657858414,-1.145009967149,
    281.33121620013));
#2218 = CARTESIAN_POINT('',(-24.96257130867,-1.403194623052,
    281.22552429543));
#2219 = CARTESIAN_POINT('',(-24.94692186081,-1.642978184285,
    281.10122576789));
#2220 = CARTESIAN_POINT('',(-24.90862387765,-2.155723825498,
    280.77904632803));
#2221 = CARTESIAN_POINT('',(-24.88513587835,-2.415874746934,
    280.56824640941));
#2222 = CARTESIAN_POINT('',(-24.86169924431,-2.64311331851,
    280.33782995601));
#2223 = CARTESIAN_POINT('',(-24.83955159443,-2.838656076946,
    280.09278003214));
#2224 = CARTESIAN_POINT('',(-24.81953926261,-3.003901635374,
    279.8368574094));
#2225 = CARTESIAN_POINT('',(-24.80224570733,-3.140147799109,
    279.57290286382));
#2226 = CARTESIAN_POINT('',(-24.7785458047,-3.320998108744,
    279.12204940643));
#2227 = CARTESIAN_POINT('',(-24.77042738081,-3.381025148,278.93836022267
    ));
#2228 = CARTESIAN_POINT('',(-24.76382374575,-3.4287593728,
    278.75263093604));
#2229 = CARTESIAN_POINT('',(-24.758818898,-3.464414471936,
    278.56543665647));
#2230 = CARTESIAN_POINT('',(-24.75546521325,-3.488136775065,
    278.37728637971));
#2231 = CARTESIAN_POINT('',(-24.75378758897,-3.5,278.18865244622));
#2232 = CARTESIAN_POINT('',(-24.75378758897,-3.5,277.73647426851));
#2233 = CARTESIAN_POINT('',(-24.75706075339,-3.476850945558,
    277.47304736326));
#2234 = CARTESIAN_POINT('',(-24.76360200235,-3.430586307013,
    277.21093904267));
#2235 = CARTESIAN_POINT('',(-24.77331470582,-3.360911702121,
    276.95140544847));
#2236 = CARTESIAN_POINT('',(-24.78600158713,-3.267253701501,
    276.69590353235));
#2237 = CARTESIAN_POINT('',(-24.80133325716,-3.148805689091,
    276.44626110813));
#2238 = CARTESIAN_POINT('',(-24.83247930411,-2.891528562925,
    276.0156517306));
#2239 = CARTESIAN_POINT('',(-24.84748398978,-2.762550985754,
    275.83134963724));
#2240 = CARTESIAN_POINT('',(-24.86355886741,-2.617151246697,
    275.65317346007));
#2241 = CARTESIAN_POINT('',(-24.88038024148,-2.454815169536,
    275.48260175899));
#2242 = CARTESIAN_POINT('',(-24.8975254498,-2.275068872803,
    275.32142920323));
#2243 = CARTESIAN_POINT('',(-24.91446251731,-2.07755425133,
    275.17183647311));
#2244 = CARTESIAN_POINT('',(-24.94692186094,-1.642978182447,
    274.89877423095));
#2245 = CARTESIAN_POINT('',(-24.96257130848,-1.403194626795,
    274.77447570612));
#2246 = CARTESIAN_POINT('',(-24.97657858416,-1.145009964913,
    274.66878379971));
#2247 = CARTESIAN_POINT('',(-24.98797385547,-0.871558134337,
    274.58588914398));
#2248 = CARTESIAN_POINT('',(-24.99594920245,-0.586670232896,
    274.52893916972));
#2249 = CARTESIAN_POINT('',(-25.,-0.294648115373,274.5));
#2250 = CARTESIAN_POINT('',(-25.,8.881784197001E-16,274.5));
#2251 = PCURVE('',#1851,#2252);
#2252 = DEFINITIONAL_REPRESENTATION('',(#2253),#2328);
#2253 = B_SPLINE_CURVE_WITH_KNOTS('',7,(#2254,#2255,#2256,#2257,#2258,
    #2259,#2260,#2261,#2262,#2263,#2264,#2265,#2266,#2267,#2268,#2269,
    #2270,#2271,#2272,#2273,#2274,#2275,#2276,#2277,#2278,#2279,#2280,
    #2281,#2282,#2283,#2284,#2285,#2286,#2287,#2288,#2289,#2290,#2291,
    #2292,#2293,#2294,#2295,#2296,#2297,#2298,#2299,#2300,#2301,#2302,
    #2303,#2304,#2305,#2306,#2307,#2308,#2309,#2310,#2311,#2312,#2313,
    #2314,#2315,#2316,#2317,#2318,#2319,#2320,#2321,#2322,#2323,#2324,
    #2325,#2326,#2327),.UNSPECIFIED.,.T.,.F.,(8,6,6,6,6,6,6,6,6,6,6,6,8)
  ,(0.,7.716611888779E-02,0.180558817965,0.249894032124,0.346747337736,
    0.42265484205,0.499863198204,0.577071554369,0.680520846038,
    0.749894011227,0.846800330056,0.92274938278,1.),.UNSPECIFIED.);
#2254 = CARTESIAN_POINT('',(3.14159265359,212.5));
#2255 = CARTESIAN_POINT('',(3.129806728885,212.5));
#2256 = CARTESIAN_POINT('',(3.118125841816,212.52893916911));
#2257 = CARTESIAN_POINT('',(3.106727662682,212.58588914495));
#2258 = CARTESIAN_POINT('',(3.095781758105,212.66878379991));
#2259 = CARTESIAN_POINT('',(3.085440225474,212.77447570459));
#2260 = CARTESIAN_POINT('',(3.07582889763,212.89877423202));
#2261 = CARTESIAN_POINT('',(3.055261940511,213.22095367196));
#2262 = CARTESIAN_POINT('',(3.044814830992,213.43175359058));
#2263 = CARTESIAN_POINT('',(3.035678037796,213.66217004399));
#2264 = CARTESIAN_POINT('',(3.027806791711,213.90721996785));
#2265 = CARTESIAN_POINT('',(3.021148859984,214.16314259059));
#2266 = CARTESIAN_POINT('',(3.015655332151,214.42709713618));
#2267 = CARTESIAN_POINT('',(3.00835946813,214.87795059356));
#2268 = CARTESIAN_POINT('',(3.005936544762,215.06163977732));
#2269 = CARTESIAN_POINT('',(3.004009003928,215.24736906395));
#2270 = CARTESIAN_POINT('',(3.002568818466,215.43456334352));
#2271 = CARTESIAN_POINT('',(3.001610487016,215.62271362028));
#2272 = CARTESIAN_POINT('',(3.00113123888,215.81134755377));
#2273 = CARTESIAN_POINT('',(3.00113123888,216.26352573148));
#2274 = CARTESIAN_POINT('',(3.002066412596,216.52695263674));
#2275 = CARTESIAN_POINT('',(3.003935399835,216.78906095732));
#2276 = CARTESIAN_POINT('',(3.006749332039,217.04859455152));
#2277 = CARTESIAN_POINT('',(3.010529803064,217.30409646764));
#2278 = CARTESIAN_POINT('',(3.015307087606,217.55373889186));
#2279 = CARTESIAN_POINT('',(3.025673309358,217.98434826939));
#2280 = CARTESIAN_POINT('',(3.03086714998,218.16865036275));
#2281 = CARTESIAN_POINT('',(3.036718416307,218.34682653992));
#2282 = CARTESIAN_POINT('',(3.043246316098,218.517398241));
#2283 = CARTESIAN_POINT('',(3.050468333314,218.67857079676));
#2284 = CARTESIAN_POINT('',(3.058397433337,218.82816352688));
#2285 = CARTESIAN_POINT('',(3.075828897628,219.10122576793));
#2286 = CARTESIAN_POINT('',(3.085440225473,219.22552429541));
#2287 = CARTESIAN_POINT('',(3.095781758107,219.33121620011));
#2288 = CARTESIAN_POINT('',(3.106727662684,219.41411085505));
#2289 = CARTESIAN_POINT('',(3.118125841816,219.47106083087));
#2290 = CARTESIAN_POINT('',(3.129806728882,219.5));
#2291 = CARTESIAN_POINT('',(3.153378578299,219.5));
#2292 = CARTESIAN_POINT('',(3.165059465365,219.47106083086));
#2293 = CARTESIAN_POINT('',(3.176457644494,219.41411085504));
#2294 = CARTESIAN_POINT('',(3.187403549071,219.33121620013));
#2295 = CARTESIAN_POINT('',(3.197745081706,219.22552429543));
#2296 = CARTESIAN_POINT('',(3.207356409554,219.10122576789));
#2297 = CARTESIAN_POINT('',(3.227923366669,218.77904632803));
#2298 = CARTESIAN_POINT('',(3.238370476188,218.56824640941));
#2299 = CARTESIAN_POINT('',(3.247507269384,218.33782995601));
#2300 = CARTESIAN_POINT('',(3.255378515469,218.09278003214));
#2301 = CARTESIAN_POINT('',(3.262036447195,217.8368574094));
#2302 = CARTESIAN_POINT('',(3.267529975029,217.57290286382));
#2303 = CARTESIAN_POINT('',(3.274825839049,217.12204940643));
#2304 = CARTESIAN_POINT('',(3.277248762417,216.93836022267));
#2305 = CARTESIAN_POINT('',(3.279176303252,216.75263093604));
#2306 = CARTESIAN_POINT('',(3.280616488714,216.56543665647));
#2307 = CARTESIAN_POINT('',(3.281574820163,216.37728637971));
#2308 = CARTESIAN_POINT('',(3.2820540683,216.18865244622));
#2309 = CARTESIAN_POINT('',(3.2820540683,215.73647426851));
#2310 = CARTESIAN_POINT('',(3.281118894584,215.47304736326));
#2311 = CARTESIAN_POINT('',(3.279249907344,215.21093904267));
#2312 = CARTESIAN_POINT('',(3.276435975141,214.95140544847));
#2313 = CARTESIAN_POINT('',(3.272655504116,214.69590353235));
#2314 = CARTESIAN_POINT('',(3.267878219574,214.44626110813));
#2315 = CARTESIAN_POINT('',(3.257511997821,214.0156517306));
#2316 = CARTESIAN_POINT('',(3.252318157199,213.83134963724));
#2317 = CARTESIAN_POINT('',(3.246466890873,213.65317346007));
#2318 = CARTESIAN_POINT('',(3.239938991082,213.48260175899));
#2319 = CARTESIAN_POINT('',(3.232716973865,213.32142920323));
#2320 = CARTESIAN_POINT('',(3.224787873843,213.17183647311));
#2321 = CARTESIAN_POINT('',(3.207356409481,212.89877423095));
#2322 = CARTESIAN_POINT('',(3.197745081856,212.77447570612));
#2323 = CARTESIAN_POINT('',(3.187403548981,212.66878379971));
#2324 = CARTESIAN_POINT('',(3.176457644418,212.58588914399));
#2325 = CARTESIAN_POINT('',(3.16505946553,212.52893916972));
#2326 = CARTESIAN_POINT('',(3.153378578205,212.5));
#2327 = CARTESIAN_POINT('',(3.14159265359,212.5));
#2328 = ( GEOMETRIC_REPRESENTATION_CONTEXT(2) 
PARAMETRIC_REPRESENTATION_CONTEXT() REPRESENTATION_CONTEXT('2D SPACE',''
  ) );
#2329 = PCURVE('',#2330,#2335);
#2330 = CYLINDRICAL_SURFACE('',#2331,3.5);
#2331 = AXIS2_PLACEMENT_3D('',#2332,#2333,#2334);
#2332 = CARTESIAN_POINT('',(-30.5,0.,278.));
#2333 = DIRECTION('',(1.,0.,2.22044604925E-16));
#2334 = DIRECTION('',(2.22044604925E-16,0.,-1.));
#2335 = DEFINITIONAL_REPRESENTATION('',(#2336),#2411);
#2336 = B_SPLINE_CURVE_WITH_KNOTS('',7,(#2337,#2338,#2339,#2340,#2341,
    #2342,#2343,#2344,#2345,#2346,#2347,#2348,#2349,#2350,#2351,#2352,
    #2353,#2354,#2355,#2356,#2357,#2358,#2359,#2360,#2361,#2362,#2363,
    #2364,#2365,#2366,#2367,#2368,#2369,#2370,#2371,#2372,#2373,#2374,
    #2375,#2376,#2377,#2378,#2379,#2380,#2381,#2382,#2383,#2384,#2385,
    #2386,#2387,#2388,#2389,#2390,#2391,#2392,#2393,#2394,#2395,#2396,
    #2397,#2398,#2399,#2400,#2401,#2402,#2403,#2404,#2405,#2406,#2407,
    #2408,#2409,#2410),.UNSPECIFIED.,.F.,.F.,(8,6,6,6,6,6,6,6,6,6,6,6,8)
  ,(0.,7.716611888779E-02,0.180558817965,0.249894032124,0.346747337736,
    0.42265484205,0.499863198204,0.577071554369,0.680520846038,
    0.749894011227,0.846800330056,0.92274938278,1.),.UNSPECIFIED.);
#2337 = CARTESIAN_POINT('',(0.,5.5));
#2338 = CARTESIAN_POINT('',(8.418517646375E-02,5.5));
#2339 = CARTESIAN_POINT('',(0.167619981483,5.504050797476));
#2340 = CARTESIAN_POINT('',(0.24999137594,5.512026144637));
#2341 = CARTESIAN_POINT('',(0.330965113244,5.523421415858));
#2342 = CARTESIAN_POINT('',(0.410151995946,5.53742869133));
#2343 = CARTESIAN_POINT('',(0.487055203071,5.553078139179));
#2344 = CARTESIAN_POINT('',(0.660073471359,5.591376122343));
#2345 = CARTESIAN_POINT('',(0.755053113746,5.614864121644));
#2346 = CARTESIAN_POINT('',(0.846640152218,5.638300755684));
#2347 = CARTESIAN_POINT('',(0.935372480104,5.660448405569));
#2348 = CARTESIAN_POINT('',(1.021751234257,5.68046073739));
#2349 = CARTESIAN_POINT('',(1.106237901333,5.697754292668));
#2350 = CARTESIAN_POINT('',(1.245030265566,5.7214541953));
#2351 = CARTESIAN_POINT('',(1.300125372893,5.729572619188));
#2352 = CARTESIAN_POINT('',(1.354735881116,5.736176254249));
#2353 = CARTESIAN_POINT('',(1.408987179114,5.741181101998));
#2354 = CARTESIAN_POINT('',(1.463000318518,5.744534786746));
#2355 = CARTESIAN_POINT('',(1.516895627873,5.746212411027));
#2356 = CARTESIAN_POINT('',(1.646089392933,5.746212411027));
#2357 = CARTESIAN_POINT('',(1.721354535017,5.742939246606));
#2358 = CARTESIAN_POINT('',(1.796938759629,5.73639799765));
#2359 = CARTESIAN_POINT('',(1.873181670385,5.726685294176));
#2360 = CARTESIAN_POINT('',(1.950419920089,5.713998412864));
#2361 = CARTESIAN_POINT('',(2.029007957314,5.698666742838));
#2362 = CARTESIAN_POINT('',(2.172326058102,5.667520695886));
#2363 = CARTESIAN_POINT('',(2.236430901541,5.652516010215));
#2364 = CARTESIAN_POINT('',(2.301846984108,5.636441132589));
#2365 = CARTESIAN_POINT('',(2.3687626067,5.619619758511));
#2366 = CARTESIAN_POINT('',(2.437373746892,5.602474550192));
#2367 = CARTESIAN_POINT('',(2.50789632377,5.585537482686));
#2368 = CARTESIAN_POINT('',(2.654537450498,5.553078139184));
#2369 = CARTESIAN_POINT('',(2.731440657643,5.537428691329));
#2370 = CARTESIAN_POINT('',(2.810627540362,5.523421415855));
#2371 = CARTESIAN_POINT('',(2.891601277664,5.512026144636));
#2372 = CARTESIAN_POINT('',(2.973972672104,5.504050797478));
#2373 = CARTESIAN_POINT('',(3.057407477106,5.5));
#2374 = CARTESIAN_POINT('',(3.225777830085,5.5));
#2375 = CARTESIAN_POINT('',(3.309212635083,5.504050797479));
#2376 = CARTESIAN_POINT('',(3.391584029508,5.512026144636));
#2377 = CARTESIAN_POINT('',(3.4725577668,5.523421415852));
#2378 = CARTESIAN_POINT('',(3.551744649531,5.537428691327));
#2379 = CARTESIAN_POINT('',(3.628647856703,5.553078139188));
#2380 = CARTESIAN_POINT('',(3.801666124949,5.591376122343));
#2381 = CARTESIAN_POINT('',(3.896645767336,5.614864121644));
#2382 = CARTESIAN_POINT('',(3.988232805808,5.638300755684));
#2383 = CARTESIAN_POINT('',(4.076965133693,5.660448405569));
#2384 = CARTESIAN_POINT('',(4.163343887847,5.68046073739));
#2385 = CARTESIAN_POINT('',(4.247830554922,5.697754292668));
#2386 = CARTESIAN_POINT('',(4.386622919156,5.7214541953));
#2387 = CARTESIAN_POINT('',(4.441718026483,5.729572619188));
#2388 = CARTESIAN_POINT('',(4.496328534706,5.736176254249));
#2389 = CARTESIAN_POINT('',(4.550579832703,5.741181101998));
#2390 = CARTESIAN_POINT('',(4.604592972107,5.744534786746));
#2391 = CARTESIAN_POINT('',(4.658488281463,5.746212411027));
#2392 = CARTESIAN_POINT('',(4.787682046522,5.746212411027));
#2393 = CARTESIAN_POINT('',(4.862947188606,5.742939246606));
#2394 = CARTESIAN_POINT('',(4.938531413218,5.73639799765));
#2395 = CARTESIAN_POINT('',(5.014774323974,5.726685294176));
#2396 = CARTESIAN_POINT('',(5.092012573679,5.713998412864));
#2397 = CARTESIAN_POINT('',(5.170600610904,5.698666742838));
#2398 = CARTESIAN_POINT('',(5.313918711692,5.667520695886));
#2399 = CARTESIAN_POINT('',(5.378023555131,5.652516010215));
#2400 = CARTESIAN_POINT('',(5.443439637698,5.636441132589));
#2401 = CARTESIAN_POINT('',(5.51035526029,5.619619758511));
#2402 = CARTESIAN_POINT('',(5.578966400482,5.602474550192));
#2403 = CARTESIAN_POINT('',(5.64948897736,5.585537482686));
#2404 = CARTESIAN_POINT('',(5.796130104686,5.553078139051));
#2405 = CARTESIAN_POINT('',(5.873033310043,5.537428691513));
#2406 = CARTESIAN_POINT('',(5.952220194621,5.523421415833));
#2407 = CARTESIAN_POINT('',(6.033193931882,5.512026144522));
#2408 = CARTESIAN_POINT('',(6.115565324457,5.50405079755));
#2409 = CARTESIAN_POINT('',(6.199000131359,5.5));
#2410 = CARTESIAN_POINT('',(6.28318530718,5.5));
#2411 = ( GEOMETRIC_REPRESENTATION_CONTEXT(2) 
PARAMETRIC_REPRESENTATION_CONTEXT() REPRESENTATION_CONTEXT('2D SPACE',''
  ) );
#2412 = ADVANCED_FACE('',(#2413,#2467),#2079,.T.);
#2413 = FACE_BOUND('',#2414,.T.);
#2414 = EDGE_LOOP('',(#2415,#2438,#2465,#2466));
#2415 = ORIENTED_EDGE('',*,*,#2416,.T.);
#2416 = EDGE_CURVE('',#2063,#2417,#2419,.T.);
#2417 = VERTEX_POINT('',#2418);
#2418 = CARTESIAN_POINT('',(28.,-6.858022075225E-15,290.));
#2419 = SEAM_CURVE('',#2420,(#2424,#2431),.PCURVE_S1.);
#2420 = LINE('',#2421,#2422);
#2421 = CARTESIAN_POINT('',(28.,-6.858022075225E-15,265.));
#2422 = VECTOR('',#2423,1.);
#2423 = DIRECTION('',(0.,0.,1.));
#2424 = PCURVE('',#2079,#2425);
#2425 = DEFINITIONAL_REPRESENTATION('',(#2426),#2430);
#2426 = LINE('',#2427,#2428);
#2427 = CARTESIAN_POINT('',(6.28318530718,-0.));
#2428 = VECTOR('',#2429,1.);
#2429 = DIRECTION('',(0.,1.));
#2430 = ( GEOMETRIC_REPRESENTATION_CONTEXT(2) 
PARAMETRIC_REPRESENTATION_CONTEXT() REPRESENTATION_CONTEXT('2D SPACE',''
  ) );
#2431 = PCURVE('',#2079,#2432);
#2432 = DEFINITIONAL_REPRESENTATION('',(#2433),#2437);
#2433 = LINE('',#2434,#2435);
#2434 = CARTESIAN_POINT('',(0.,-0.));
#2435 = VECTOR('',#2436,1.);
#2436 = DIRECTION('',(0.,1.));
#2437 = ( GEOMETRIC_REPRESENTATION_CONTEXT(2) 
PARAMETRIC_REPRESENTATION_CONTEXT() REPRESENTATION_CONTEXT('2D SPACE',''
  ) );
#2438 = ORIENTED_EDGE('',*,*,#2439,.F.);
#2439 = EDGE_CURVE('',#2417,#2417,#2440,.T.);
#2440 = SURFACE_CURVE('',#2441,(#2446,#2453),.PCURVE_S1.);
#2441 = CIRCLE('',#2442,28.);
#2442 = AXIS2_PLACEMENT_3D('',#2443,#2444,#2445);
#2443 = CARTESIAN_POINT('',(0.,0.,290.));
#2444 = DIRECTION('',(0.,0.,1.));
#2445 = DIRECTION('',(1.,0.,-0.));
#2446 = PCURVE('',#2079,#2447);
#2447 = DEFINITIONAL_REPRESENTATION('',(#2448),#2452);
#2448 = LINE('',#2449,#2450);
#2449 = CARTESIAN_POINT('',(0.,25.));
#2450 = VECTOR('',#2451,1.);
#2451 = DIRECTION('',(1.,0.));
#2452 = ( GEOMETRIC_REPRESENTATION_CONTEXT(2) 
PARAMETRIC_REPRESENTATION_CONTEXT() REPRESENTATION_CONTEXT('2D SPACE',''
  ) );
#2453 = PCURVE('',#2454,#2459);
#2454 = PLANE('',#2455);
#2455 = AXIS2_PLACEMENT_3D('',#2456,#2457,#2458);
#2456 = CARTESIAN_POINT('',(0.,0.,290.));
#2457 = DIRECTION('',(0.,0.,1.));
#2458 = DIRECTION('',(1.,0.,-0.));
#2459 = DEFINITIONAL_REPRESENTATION('',(#2460),#2464);
#2460 = CIRCLE('',#2461,28.);
#2461 = AXIS2_PLACEMENT_2D('',#2462,#2463);
#2462 = CARTESIAN_POINT('',(0.,0.));
#2463 = DIRECTION('',(1.,0.));
#2464 = ( GEOMETRIC_REPRESENTATION_CONTEXT(2) 
PARAMETRIC_REPRESENTATION_CONTEXT() REPRESENTATION_CONTEXT('2D SPACE',''
  ) );
#2465 = ORIENTED_EDGE('',*,*,#2416,.F.);
#2466 = ORIENTED_EDGE('',*,*,#2062,.T.);
#2467 = FACE_BOUND('',#2468,.T.);
#2468 = EDGE_LOOP('',(#2469));
#2469 = ORIENTED_EDGE('',*,*,#2470,.T.);
#2470 = EDGE_CURVE('',#2471,#2471,#2473,.T.);
#2471 = VERTEX_POINT('',#2472);
#2472 = CARTESIAN_POINT('',(-28.,-8.572527594031E-16,274.5));
#2473 = SURFACE_CURVE('',#2474,(#2549,#2627),.PCURVE_S1.);
#2474 = B_SPLINE_CURVE_WITH_KNOTS('',7,(#2475,#2476,#2477,#2478,#2479,
    #2480,#2481,#2482,#2483,#2484,#2485,#2486,#2487,#2488,#2489,#2490,
    #2491,#2492,#2493,#2494,#2495,#2496,#2497,#2498,#2499,#2500,#2501,
    #2502,#2503,#2504,#2505,#2506,#2507,#2508,#2509,#2510,#2511,#2512,
    #2513,#2514,#2515,#2516,#2517,#2518,#2519,#2520,#2521,#2522,#2523,
    #2524,#2525,#2526,#2527,#2528,#2529,#2530,#2531,#2532,#2533,#2534,
    #2535,#2536,#2537,#2538,#2539,#2540,#2541,#2542,#2543,#2544,#2545,
    #2546,#2547,#2548),.UNSPECIFIED.,.T.,.F.,(8,6,6,6,6,6,6,6,6,6,6,6,8)
  ,(0.,8.0497384067E-02,0.180545815895,0.249921847775,0.342947355542,
    0.419370436014,0.499900019344,0.58042960267,0.680518054118,
    0.749921836582,0.842984554781,0.91943820464,1.),.UNSPECIFIED.);
#2475 = CARTESIAN_POINT('',(-28.,1.33226762955E-15,274.5));
#2476 = CARTESIAN_POINT('',(-28.,0.30750554555,274.5));
#2477 = CARTESIAN_POINT('',(-27.99605997972,0.611931236521,
    274.53151980134));
#2478 = CARTESIAN_POINT('',(-27.98832226247,0.908277755438,
    274.59342349709));
#2479 = CARTESIAN_POINT('',(-27.97730660013,1.191808579473,
    274.68330358033));
#2480 = CARTESIAN_POINT('',(-27.96386312791,1.458350474475,
    274.79755301843));
#2481 = CARTESIAN_POINT('',(-27.94896594876,1.704560916484,
    274.93141072399));
#2482 = CARTESIAN_POINT('',(-27.91435222682,2.206020268548,
    275.26242114416));
#2483 = CARTESIAN_POINT('',(-27.89409183095,2.452592919624,
    275.46946137007));
#2484 = CARTESIAN_POINT('',(-27.87401551573,2.668463990723,
    275.69423654073));
#2485 = CARTESIAN_POINT('',(-27.85509088191,2.854770888806,
    275.93233875141));
#2486 = CARTESIAN_POINT('',(-27.83798514013,3.012788541216,
    276.18042042864));
#2487 = CARTESIAN_POINT('',(-27.82316136359,3.143692955419,
    276.4359350861));
#2488 = CARTESIAN_POINT('',(-27.80245011691,3.321010593523,
    276.87798171767));
#2489 = CARTESIAN_POINT('',(-27.79521454137,3.381040051598,
    277.06168868469));
#2490 = CARTESIAN_POINT('',(-27.78933017484,3.428771065191,
    277.24742293387));
#2491 = CARTESIAN_POINT('',(-27.78487109666,3.464421018063,
    277.43461141602));
#2492 = CARTESIAN_POINT('',(-27.78188335152,3.488138939964,
    277.62274826829));
#2493 = CARTESIAN_POINT('',(-27.78038876617,3.5,277.81136488692));
#2494 = CARTESIAN_POINT('',(-27.78038876617,3.5,278.25293861151));
#2495 = CARTESIAN_POINT('',(-27.78307566714,3.478673698189,
    278.50579677462));
#2496 = CARTESIAN_POINT('',(-27.78844597073,3.436047096601,
    278.75749834923));
#2497 = CARTESIAN_POINT('',(-27.79642727894,3.371867536379,
    279.00693619587));
#2498 = CARTESIAN_POINT('',(-27.80687206999,3.285641917879,
    279.25283767724));
#2499 = CARTESIAN_POINT('',(-27.81953514938,3.17667302676,
    279.49362619518));
#2500 = CARTESIAN_POINT('',(-27.84594662902,2.935176525343,
    279.9192309432));
#2501 = CARTESIAN_POINT('',(-27.85910661938,2.810246548446,
    280.10650262296));
#2502 = CARTESIAN_POINT('',(-27.87330272252,2.668810935093,280.287910969
    ));
#2503 = CARTESIAN_POINT('',(-27.88825810309,2.510334169986,280.462022082
    ));
#2504 = CARTESIAN_POINT('',(-27.90360784579,2.334306074791,
    280.62708309094));
#2505 = CARTESIAN_POINT('',(-27.91888746922,2.14031685406,
    280.78094930001));
#2506 = CARTESIAN_POINT('',(-27.94896594878,1.704560916176,
    281.0685892762));
#2507 = CARTESIAN_POINT('',(-27.96386312791,1.458350474383,
    281.20244698154));
#2508 = CARTESIAN_POINT('',(-27.97730660011,1.191808579743,
    281.3166964195));
#2509 = CARTESIAN_POINT('',(-27.98832226246,0.908277755803,
    281.40657650285));
#2510 = CARTESIAN_POINT('',(-27.99605997974,0.611931236516,
    281.46848019875));
#2511 = CARTESIAN_POINT('',(-28.,0.307505545083,281.5));
#2512 = CARTESIAN_POINT('',(-28.,-0.307505545072,281.5));
#2513 = CARTESIAN_POINT('',(-27.99605997974,-0.611931236527,
    281.46848019875));
#2514 = CARTESIAN_POINT('',(-27.98832226246,-0.908277755809,
    281.40657650284));
#2515 = CARTESIAN_POINT('',(-27.97730660011,-1.191808579737,
    281.3166964195));
#2516 = CARTESIAN_POINT('',(-27.96386312791,-1.458350474372,
    281.20244698155));
#2517 = CARTESIAN_POINT('',(-27.94896594878,-1.704560916186,
    281.06858927619));
#2518 = CARTESIAN_POINT('',(-27.91435222682,-2.206020268548,
    280.73757885583));
#2519 = CARTESIAN_POINT('',(-27.89409183095,-2.452592919623,
    280.53053862993));
#2520 = CARTESIAN_POINT('',(-27.87401551573,-2.668463990724,
    280.30576345926));
#2521 = CARTESIAN_POINT('',(-27.85509088191,-2.854770888805,
    280.06766124858));
#2522 = CARTESIAN_POINT('',(-27.83798514013,-3.012788541216,
    279.81957957135));
#2523 = CARTESIAN_POINT('',(-27.82316136359,-3.143692955419,
    279.5640649139));
#2524 = CARTESIAN_POINT('',(-27.80245011691,-3.321010593522,
    279.12201828232));
#2525 = CARTESIAN_POINT('',(-27.79521454137,-3.381040051598,
    278.9383113153));
#2526 = CARTESIAN_POINT('',(-27.78933017484,-3.428771065191,
    278.75257706612));
#2527 = CARTESIAN_POINT('',(-27.78487109666,-3.464421018063,
    278.56538858397));
#2528 = CARTESIAN_POINT('',(-27.78188335152,-3.488138939964,
    278.3772517317));
#2529 = CARTESIAN_POINT('',(-27.78038876617,-3.5,278.18863511307));
#2530 = CARTESIAN_POINT('',(-27.78038876617,-3.5,277.74706138848));
#2531 = CARTESIAN_POINT('',(-27.78307566714,-3.478673698189,
    277.49420322537));
#2532 = CARTESIAN_POINT('',(-27.78844597073,-3.436047096601,
    277.24250165076));
#2533 = CARTESIAN_POINT('',(-27.79642727894,-3.371867536379,
    276.99306380412));
#2534 = CARTESIAN_POINT('',(-27.80687206999,-3.285641917879,
    276.74716232275));
#2535 = CARTESIAN_POINT('',(-27.81953514938,-3.17667302676,
    276.50637380481));
#2536 = CARTESIAN_POINT('',(-27.84594662901,-2.935176525392,
    276.08076905687));
#2537 = CARTESIAN_POINT('',(-27.85910661938,-2.810246548412,
    275.89349737694));
#2538 = CARTESIAN_POINT('',(-27.87330272252,-2.668810935017,
    275.71208903094));
#2539 = CARTESIAN_POINT('',(-27.88825810308,-2.510334170026,
    275.53797791807));
#2540 = CARTESIAN_POINT('',(-27.90360784578,-2.334306074901,
    275.3729169091));
#2541 = CARTESIAN_POINT('',(-27.91888746923,-2.140316853964,
    275.21905069992));
#2542 = CARTESIAN_POINT('',(-27.94896594878,-1.70456091618,
    274.93141072379));
#2543 = CARTESIAN_POINT('',(-27.96386312791,-1.458350474379,
    274.79755301845));
#2544 = CARTESIAN_POINT('',(-27.97730660011,-1.19180857974,
    274.68330358049));
#2545 = CARTESIAN_POINT('',(-27.98832226246,-0.908277755806,
    274.59342349714));
#2546 = CARTESIAN_POINT('',(-27.99605997974,-0.61193123652,
    274.53151980124));
#2547 = CARTESIAN_POINT('',(-28.,-0.307505545079,274.5));
#2548 = CARTESIAN_POINT('',(-28.,1.33226762955E-15,274.5));
#2549 = PCURVE('',#2079,#2550);
#2550 = DEFINITIONAL_REPRESENTATION('',(#2551),#2626);
#2551 = B_SPLINE_CURVE_WITH_KNOTS('',7,(#2552,#2553,#2554,#2555,#2556,
    #2557,#2558,#2559,#2560,#2561,#2562,#2563,#2564,#2565,#2566,#2567,
    #2568,#2569,#2570,#2571,#2572,#2573,#2574,#2575,#2576,#2577,#2578,
    #2579,#2580,#2581,#2582,#2583,#2584,#2585,#2586,#2587,#2588,#2589,
    #2590,#2591,#2592,#2593,#2594,#2595,#2596,#2597,#2598,#2599,#2600,
    #2601,#2602,#2603,#2604,#2605,#2606,#2607,#2608,#2609,#2610,#2611,
    #2612,#2613,#2614,#2615,#2616,#2617,#2618,#2619,#2620,#2621,#2622,
    #2623,#2624,#2625),.UNSPECIFIED.,.T.,.F.,(8,6,6,6,6,6,6,6,6,6,6,6,8)
  ,(0.,8.0497384067E-02,0.180545815895,0.249921847775,0.342947355542,
    0.419370436014,0.499900019344,0.58042960267,0.680518054118,
    0.749921836582,0.842984554781,0.91943820464,1.),.UNSPECIFIED.);
#2552 = CARTESIAN_POINT('',(3.14159265359,9.5));
#2553 = CARTESIAN_POINT('',(3.130610312677,9.5));
#2554 = CARTESIAN_POINT('',(3.1197379656,9.531519801342));
#2555 = CARTESIAN_POINT('',(3.109152003111,9.59342349709));
#2556 = CARTESIAN_POINT('',(3.099019591793,9.683303580331));
#2557 = CARTESIAN_POINT('',(3.089488930676,9.797553018438));
#2558 = CARTESIAN_POINT('',(3.080679937476,9.931410723997));
#2559 = CARTESIAN_POINT('',(3.062728060495,10.262421144162));
#2560 = CARTESIAN_POINT('',(3.053892971363,10.46946137007));
#2561 = CARTESIAN_POINT('',(3.046150606277,10.694236540738));
#2562 = CARTESIAN_POINT('',(3.039462843819,10.932338751416));
#2563 = CARTESIAN_POINT('',(3.033786503119,11.180420428641));
#2564 = CARTESIAN_POINT('',(3.029081493514,11.435935086099));
#2565 = CARTESIAN_POINT('',(3.022705668185,11.877981717674));
#2566 = CARTESIAN_POINT('',(3.020546254387,12.061688684697));
#2567 = CARTESIAN_POINT('',(3.018828678992,12.247422933878));
#2568 = CARTESIAN_POINT('',(3.017545545696,12.434611416026));
#2569 = CARTESIAN_POINT('',(3.016691779952,12.622748268296));
#2570 = CARTESIAN_POINT('',(3.016264822422,12.811364886928));
#2571 = CARTESIAN_POINT('',(3.016264822422,13.252938611513));
#2572 = CARTESIAN_POINT('',(3.017032497914,13.505796774625));
#2573 = CARTESIAN_POINT('',(3.018566908691,13.757498349234));
#2574 = CARTESIAN_POINT('',(3.020876691295,14.006936195876));
#2575 = CARTESIAN_POINT('',(3.023978653043,14.25283767724));
#2576 = CARTESIAN_POINT('',(3.027896500103,14.493626195187));
#2577 = CARTESIAN_POINT('',(3.036572802455,14.919230943208));
#2578 = CARTESIAN_POINT('',(3.041059237962,15.106502622961));
#2579 = CARTESIAN_POINT('',(3.046135787906,15.287910969004));
#2580 = CARTESIAN_POINT('',(3.051820615111,15.462022082));
#2581 = CARTESIAN_POINT('',(3.058130876337,15.627083090947));
#2582 = CARTESIAN_POINT('',(3.06508019454,15.780949300014));
#2583 = CARTESIAN_POINT('',(3.080679937487,16.068589276206));
#2584 = CARTESIAN_POINT('',(3.089488930679,16.202446981544));
#2585 = CARTESIAN_POINT('',(3.099019591783,16.316696419507));
#2586 = CARTESIAN_POINT('',(3.109152003098,16.406576502854));
#2587 = CARTESIAN_POINT('',(3.119737965601,16.468480198753));
#2588 = CARTESIAN_POINT('',(3.130610312694,16.5));
#2589 = CARTESIAN_POINT('',(3.152574994485,16.5));
#2590 = CARTESIAN_POINT('',(3.163447341579,16.468480198755));
#2591 = CARTESIAN_POINT('',(3.174033304082,16.40657650285));
#2592 = CARTESIAN_POINT('',(3.184165715396,16.316696419505));
#2593 = CARTESIAN_POINT('',(3.1936963765,16.202446981553));
#2594 = CARTESIAN_POINT('',(3.202505369693,16.068589276199));
#2595 = CARTESIAN_POINT('',(3.220457246685,15.737578855837));
#2596 = CARTESIAN_POINT('',(3.229292335816,15.53053862993));
#2597 = CARTESIAN_POINT('',(3.237034700903,15.305763459261));
#2598 = CARTESIAN_POINT('',(3.24372246336,15.067661248585));
#2599 = CARTESIAN_POINT('',(3.24939880406,14.819579571358));
#2600 = CARTESIAN_POINT('',(3.254103813666,14.564064913901));
#2601 = CARTESIAN_POINT('',(3.260479638995,14.122018282327));
#2602 = CARTESIAN_POINT('',(3.262639052793,13.938311315303));
#2603 = CARTESIAN_POINT('',(3.264356628188,13.752577066122));
#2604 = CARTESIAN_POINT('',(3.265639761484,13.565388583974));
#2605 = CARTESIAN_POINT('',(3.266493527227,13.377251731704));
#2606 = CARTESIAN_POINT('',(3.266920484758,13.188635113072));
#2607 = CARTESIAN_POINT('',(3.266920484758,12.747061388487));
#2608 = CARTESIAN_POINT('',(3.266152809266,12.494203225375));
#2609 = CARTESIAN_POINT('',(3.264618398488,12.242501650766));
#2610 = CARTESIAN_POINT('',(3.262308615885,11.993063804125));
#2611 = CARTESIAN_POINT('',(3.259206654137,11.747162322759));
#2612 = CARTESIAN_POINT('',(3.255288807077,11.506373804814));
#2613 = CARTESIAN_POINT('',(3.246612504726,11.080769056878));
#2614 = CARTESIAN_POINT('',(3.242126069216,10.893497376943));
#2615 = CARTESIAN_POINT('',(3.237049519271,10.712089030946));
#2616 = CARTESIAN_POINT('',(3.23136469207,10.537977918071));
#2617 = CARTESIAN_POINT('',(3.225054430846,10.372916909108));
#2618 = CARTESIAN_POINT('',(3.218105112636,10.219050699922));
#2619 = CARTESIAN_POINT('',(3.202505369693,9.931410723797));
#2620 = CARTESIAN_POINT('',(3.1936963765,9.797553018453));
#2621 = CARTESIAN_POINT('',(3.184165715397,9.683303580494));
#2622 = CARTESIAN_POINT('',(3.174033304081,9.593423497148));
#2623 = CARTESIAN_POINT('',(3.163447341579,9.531519801246));
#2624 = CARTESIAN_POINT('',(3.152574994485,9.5));
#2625 = CARTESIAN_POINT('',(3.14159265359,9.5));
#2626 = ( GEOMETRIC_REPRESENTATION_CONTEXT(2) 
PARAMETRIC_REPRESENTATION_CONTEXT() REPRESENTATION_CONTEXT('2D SPACE',''
  ) );
#2627 = PCURVE('',#2330,#2628);
#2628 = DEFINITIONAL_REPRESENTATION('',(#2629),#2704);
#2629 = B_SPLINE_CURVE_WITH_KNOTS('',7,(#2630,#2631,#2632,#2633,#2634,
    #2635,#2636,#2637,#2638,#2639,#2640,#2641,#2642,#2643,#2644,#2645,
    #2646,#2647,#2648,#2649,#2650,#2651,#2652,#2653,#2654,#2655,#2656,
    #2657,#2658,#2659,#2660,#2661,#2662,#2663,#2664,#2665,#2666,#2667,
    #2668,#2669,#2670,#2671,#2672,#2673,#2674,#2675,#2676,#2677,#2678,
    #2679,#2680,#2681,#2682,#2683,#2684,#2685,#2686,#2687,#2688,#2689,
    #2690,#2691,#2692,#2693,#2694,#2695,#2696,#2697,#2698,#2699,#2700,
    #2701,#2702,#2703),.UNSPECIFIED.,.F.,.F.,(8,6,6,6,6,6,6,6,6,6,6,6,8)
  ,(0.,8.0497384067E-02,0.180545815895,0.249921847775,0.342947355542,
    0.419370436014,0.499900019344,0.58042960267,0.680518054118,
    0.749921836582,0.842984554781,0.91943820464,1.),.UNSPECIFIED.);
#2630 = CARTESIAN_POINT('',(0.,2.5));
#2631 = CARTESIAN_POINT('',(8.785872729994E-02,2.5));
#2632 = CARTESIAN_POINT('',(0.174837454448,2.503940020272));
#2633 = CARTESIAN_POINT('',(0.260615820316,2.511677737528));
#2634 = CARTESIAN_POINT('',(0.344847392354,2.522693399866));
#2635 = CARTESIAN_POINT('',(0.427119147774,2.536136872086));
#2636 = CARTESIAN_POINT('',(0.506897030172,2.551034051239));
#2637 = CARTESIAN_POINT('',(0.678570517132,2.58564777318));
#2638 = CARTESIAN_POINT('',(0.769953670562,2.605908169049));
#2639 = CARTESIAN_POINT('',(0.858213195354,2.62598448427));
#2640 = CARTESIAN_POINT('',(0.943836647216,2.64490911809));
#2641 = CARTESIAN_POINT('',(1.027278164558,2.662014859864));
#2642 = CARTESIAN_POINT('',(1.108958607904,2.676838636401));
#2643 = CARTESIAN_POINT('',(1.245039846926,2.697549883083));
#2644 = CARTESIAN_POINT('',(1.300139927379,2.704785458622));
#2645 = CARTESIAN_POINT('',(1.354751555603,2.710669825156));
#2646 = CARTESIAN_POINT('',(1.409000985566,2.715128903338));
#2647 = CARTESIAN_POINT('',(1.463010216603,2.718116648479));
#2648 = CARTESIAN_POINT('',(1.516900580203,2.719611233822));
#2649 = CARTESIAN_POINT('',(1.643064501513,2.719611233822));
#2650 = CARTESIAN_POINT('',(1.7153099206,2.716924332854));
#2651 = CARTESIAN_POINT('',(1.78784036449,2.711554029267));
#2652 = CARTESIAN_POINT('',(1.860956949702,2.703572721051));
#2653 = CARTESIAN_POINT('',(1.934958673331,2.693127930002));
#2654 = CARTESIAN_POINT('',(2.0101590898,2.68046485062));
#2655 = CARTESIAN_POINT('',(2.149972365201,2.65405337098));
#2656 = CARTESIAN_POINT('',(2.214124478032,2.640893380619));
#2657 = CARTESIAN_POINT('',(2.279555774163,2.626697277479));
#2658 = CARTESIAN_POINT('',(2.346460642621,2.611741896909));
#2659 = CARTESIAN_POINT('',(2.415040373992,2.596392154204));
#2660 = CARTESIAN_POINT('',(2.485515553369,2.581112530771));
#2661 = CARTESIAN_POINT('',(2.634695623523,2.551034051218));
#2662 = CARTESIAN_POINT('',(2.714473505835,2.536136872085));
#2663 = CARTESIAN_POINT('',(2.796745261149,2.522693399886));
#2664 = CARTESIAN_POINT('',(2.880976833174,2.511677737536));
#2665 = CARTESIAN_POINT('',(2.966755199143,2.50394002026));
#2666 = CARTESIAN_POINT('',(3.053733926423,2.5));
#2667 = CARTESIAN_POINT('',(3.229451380753,2.5));
#2668 = CARTESIAN_POINT('',(3.31643010804,2.50394002026));
#2669 = CARTESIAN_POINT('',(3.402208474007,2.511677737537));
#2670 = CARTESIAN_POINT('',(3.486440046029,2.522693399886));
#2671 = CARTESIAN_POINT('',(3.568711801341,2.536136872084));
#2672 = CARTESIAN_POINT('',(3.64848968366,2.551034051218));
#2673 = CARTESIAN_POINT('',(3.820163170722,2.58564777318));
#2674 = CARTESIAN_POINT('',(3.911546324152,2.605908169049));
#2675 = CARTESIAN_POINT('',(3.999805848944,2.62598448427));
#2676 = CARTESIAN_POINT('',(4.085429300806,2.64490911809));
#2677 = CARTESIAN_POINT('',(4.168870818148,2.662014859864));
#2678 = CARTESIAN_POINT('',(4.250551261494,2.676838636401));
#2679 = CARTESIAN_POINT('',(4.386632500516,2.697549883083));
#2680 = CARTESIAN_POINT('',(4.441732580969,2.704785458622));
#2681 = CARTESIAN_POINT('',(4.496344209193,2.710669825156));
#2682 = CARTESIAN_POINT('',(4.550593639156,2.715128903338));
#2683 = CARTESIAN_POINT('',(4.604602870193,2.718116648479));
#2684 = CARTESIAN_POINT('',(4.658493233793,2.719611233822));
#2685 = CARTESIAN_POINT('',(4.784657155103,2.719611233822));
#2686 = CARTESIAN_POINT('',(4.85690257419,2.716924332854));
#2687 = CARTESIAN_POINT('',(4.92943301808,2.711554029267));
#2688 = CARTESIAN_POINT('',(5.002549603292,2.703572721051));
#2689 = CARTESIAN_POINT('',(5.076551326921,2.693127930002));
#2690 = CARTESIAN_POINT('',(5.15175174339,2.68046485062));
#2691 = CARTESIAN_POINT('',(5.291565018762,2.654053370986));
#2692 = CARTESIAN_POINT('',(5.355717131649,2.640893380614));
#2693 = CARTESIAN_POINT('',(5.421148427779,2.626697277474));
#2694 = CARTESIAN_POINT('',(5.488053296188,2.611741896913));
#2695 = CARTESIAN_POINT('',(5.556633027548,2.596392154211));
#2696 = CARTESIAN_POINT('',(5.627108206992,2.581112530765));
#2697 = CARTESIAN_POINT('',(5.776288277111,2.551034051218));
#2698 = CARTESIAN_POINT('',(5.856066159426,2.536136872085));
#2699 = CARTESIAN_POINT('',(5.938337914739,2.522693399886));
#2700 = CARTESIAN_POINT('',(6.022569486764,2.511677737536));
#2701 = CARTESIAN_POINT('',(6.108347852731,2.50394002026));
#2702 = CARTESIAN_POINT('',(6.195326580014,2.5));
#2703 = CARTESIAN_POINT('',(6.28318530718,2.5));
#2704 = ( GEOMETRIC_REPRESENTATION_CONTEXT(2) 
PARAMETRIC_REPRESENTATION_CONTEXT() REPRESENTATION_CONTEXT('2D SPACE',''
  ) );
#2705 = ADVANCED_FACE('',(#2706),#2156,.F.);
#2706 = FACE_BOUND('',#2707,.F.);
#2707 = EDGE_LOOP('',(#2708));
#2708 = ORIENTED_EDGE('',*,*,#2141,.T.);
#2709 = ADVANCED_FACE('',(#2710),#2330,.F.);
#2710 = FACE_BOUND('',#2711,.F.);
#2711 = EDGE_LOOP('',(#2712,#2713,#2734,#2735));
#2712 = ORIENTED_EDGE('',*,*,#2172,.F.);
#2713 = ORIENTED_EDGE('',*,*,#2714,.F.);
#2714 = EDGE_CURVE('',#2471,#2173,#2715,.T.);
#2715 = SEAM_CURVE('',#2716,(#2720,#2727),.PCURVE_S1.);
#2716 = LINE('',#2717,#2718);
#2717 = CARTESIAN_POINT('',(-30.5,-8.572527594031E-16,274.5));
#2718 = VECTOR('',#2719,1.);
#2719 = DIRECTION('',(1.,0.,2.22044604925E-16));
#2720 = PCURVE('',#2330,#2721);
#2721 = DEFINITIONAL_REPRESENTATION('',(#2722),#2726);
#2722 = LINE('',#2723,#2724);
#2723 = CARTESIAN_POINT('',(6.28318530718,-0.));
#2724 = VECTOR('',#2725,1.);
#2725 = DIRECTION('',(0.,1.));
#2726 = ( GEOMETRIC_REPRESENTATION_CONTEXT(2) 
PARAMETRIC_REPRESENTATION_CONTEXT() REPRESENTATION_CONTEXT('2D SPACE',''
  ) );
#2727 = PCURVE('',#2330,#2728);
#2728 = DEFINITIONAL_REPRESENTATION('',(#2729),#2733);
#2729 = LINE('',#2730,#2731);
#2730 = CARTESIAN_POINT('',(0.,-0.));
#2731 = VECTOR('',#2732,1.);
#2732 = DIRECTION('',(0.,1.));
#2733 = ( GEOMETRIC_REPRESENTATION_CONTEXT(2) 
PARAMETRIC_REPRESENTATION_CONTEXT() REPRESENTATION_CONTEXT('2D SPACE',''
  ) );
#2734 = ORIENTED_EDGE('',*,*,#2470,.T.);
#2735 = ORIENTED_EDGE('',*,*,#2714,.T.);
#2736 = ADVANCED_FACE('',(#2737),#2454,.T.);
#2737 = FACE_BOUND('',#2738,.T.);
#2738 = EDGE_LOOP('',(#2739));
#2739 = ORIENTED_EDGE('',*,*,#2439,.T.);
#2740 = ( GEOMETRIC_REPRESENTATION_CONTEXT(3) 
GLOBAL_UNCERTAINTY_ASSIGNED_CONTEXT((#2744)) 
GLOBAL_UNIT_ASSIGNED_CONTEXT((#2741,#2742,#2743)) REPRESENTATION_CONTEXT
('Context #1','3D Context with UNIT and UNCERTAINTY') );
#2741 = ( LENGTH_UNIT() NAMED_UNIT(*) SI_UNIT(.MILLI.,.METRE.) );
#2742 = ( NAMED_UNIT(*) PLANE_ANGLE_UNIT() SI_UNIT($,.RADIAN.) );
#2743 = ( NAMED_UNIT(*) SI_UNIT($,.STERADIAN.) SOLID_ANGLE_UNIT() );
#2744 = UNCERTAINTY_MEASURE_WITH_UNIT(LENGTH_MEASURE(1.E-07),#2741,
  'distance_accuracy_value','confusion accuracy');
#2745 = CONTEXT_DEPENDENT_SHAPE_REPRESENTATION(#2746,#2748);
#2746 = ( REPRESENTATION_RELATIONSHIP('','',#1363,#10) 
REPRESENTATION_RELATIONSHIP_WITH_TRANSFORMATION(#2747) 
SHAPE_REPRESENTATION_RELATIONSHIP() );
#2747 = ITEM_DEFINED_TRANSFORMATION('','',#11,#19);
#2748 = PRODUCT_DEFINITION_SHAPE('Placement','Placement of an item',
  #2749);
#2749 = NEXT_ASSEMBLY_USAGE_OCCURRENCE('2','=>[0:1:1:3]','',#5,#1358,$);
#2750 = PRODUCT_RELATED_PRODUCT_CATEGORY('part',$,(#1360));
#2751 = SHAPE_DEFINITION_REPRESENTATION(#2752,#2758);
#2752 = PRODUCT_DEFINITION_SHAPE('','',#2753);
#2753 = PRODUCT_DEFINITION('design','',#2754,#2757);
#2754 = PRODUCT_DEFINITION_FORMATION('','',#2755);
#2755 = PRODUCT('COMPOUND','COMPOUND','',(#2756));
#2756 = PRODUCT_CONTEXT('',#2,'mechanical');
#2757 = PRODUCT_DEFINITION_CONTEXT('part definition',#2,'design');
#2758 = ADVANCED_BREP_SHAPE_REPRESENTATION('',(#11,#2759),#2857);
#2759 = MANIFOLD_SOLID_BREP('',#2760);
#2760 = CLOSED_SHELL('',(#2761,#2849,#2853));
#2761 = ADVANCED_FACE('',(#2762),#2775,.T.);
#2762 = FACE_BOUND('',#2763,.T.);
#2763 = EDGE_LOOP('',(#2764,#2798,#2821,#2848));
#2764 = ORIENTED_EDGE('',*,*,#2765,.F.);
#2765 = EDGE_CURVE('',#2766,#2766,#2768,.T.);
#2766 = VERTEX_POINT('',#2767);
#2767 = CARTESIAN_POINT('',(28.5,-6.98048675514E-15,5.));
#2768 = SURFACE_CURVE('',#2769,(#2774,#2786),.PCURVE_S1.);
#2769 = CIRCLE('',#2770,28.5);
#2770 = AXIS2_PLACEMENT_3D('',#2771,#2772,#2773);
#2771 = CARTESIAN_POINT('',(0.,0.,5.));
#2772 = DIRECTION('',(0.,0.,1.));
#2773 = DIRECTION('',(1.,0.,-0.));
#2774 = PCURVE('',#2775,#2780);
#2775 = CYLINDRICAL_SURFACE('',#2776,28.5);
#2776 = AXIS2_PLACEMENT_3D('',#2777,#2778,#2779);
#2777 = CARTESIAN_POINT('',(0.,0.,-5.));
#2778 = DIRECTION('',(0.,0.,1.));
#2779 = DIRECTION('',(1.,0.,-0.));
#2780 = DEFINITIONAL_REPRESENTATION('',(#2781),#2785);
#2781 = LINE('',#2782,#2783);
#2782 = CARTESIAN_POINT('',(0.,10.));
#2783 = VECTOR('',#2784,1.);
#2784 = DIRECTION('',(1.,0.));
#2785 = ( GEOMETRIC_REPRESENTATION_CONTEXT(2) 
PARAMETRIC_REPRESENTATION_CONTEXT() REPRESENTATION_CONTEXT('2D SPACE',''
  ) );
#2786 = PCURVE('',#2787,#2792);
#2787 = PLANE('',#2788);
#2788 = AXIS2_PLACEMENT_3D('',#2789,#2790,#2791);
#2789 = CARTESIAN_POINT('',(0.,0.,5.));
#2790 = DIRECTION('',(0.,0.,1.));
#2791 = DIRECTION('',(1.,0.,-0.));
#2792 = DEFINITIONAL_REPRESENTATION('',(#2793),#2797);
#2793 = CIRCLE('',#2794,28.5);
#2794 = AXIS2_PLACEMENT_2D('',#2795,#2796);
#2795 = CARTESIAN_POINT('',(0.,0.));
#2796 = DIRECTION('',(1.,0.));
#2797 = ( GEOMETRIC_REPRESENTATION_CONTEXT(2) 
PARAMETRIC_REPRESENTATION_CONTEXT() REPRESENTATION_CONTEXT('2D SPACE',''
  ) );
#2798 = ORIENTED_EDGE('',*,*,#2799,.F.);
#2799 = EDGE_CURVE('',#2800,#2766,#2802,.T.);
#2800 = VERTEX_POINT('',#2801);
#2801 = CARTESIAN_POINT('',(28.5,-6.98048675514E-15,-5.));
#2802 = SEAM_CURVE('',#2803,(#2807,#2814),.PCURVE_S1.);
#2803 = LINE('',#2804,#2805);
#2804 = CARTESIAN_POINT('',(28.5,-6.98048675514E-15,-5.));
#2805 = VECTOR('',#2806,1.);
#2806 = DIRECTION('',(0.,0.,1.));
#2807 = PCURVE('',#2775,#2808);
#2808 = DEFINITIONAL_REPRESENTATION('',(#2809),#2813);
#2809 = LINE('',#2810,#2811);
#2810 = CARTESIAN_POINT('',(6.28318530718,-0.));
#2811 = VECTOR('',#2812,1.);
#2812 = DIRECTION('',(0.,1.));
#2813 = ( GEOMETRIC_REPRESENTATION_CONTEXT(2) 
PARAMETRIC_REPRESENTATION_CONTEXT() REPRESENTATION_CONTEXT('2D SPACE',''
  ) );
#2814 = PCURVE('',#2775,#2815);
#2815 = DEFINITIONAL_REPRESENTATION('',(#2816),#2820);
#2816 = LINE('',#2817,#2818);
#2817 = CARTESIAN_POINT('',(0.,-0.));
#2818 = VECTOR('',#2819,1.);
#2819 = DIRECTION('',(0.,1.));
#2820 = ( GEOMETRIC_REPRESENTATION_CONTEXT(2) 
PARAMETRIC_REPRESENTATION_CONTEXT() REPRESENTATION_CONTEXT('2D SPACE',''
  ) );
#2821 = ORIENTED_EDGE('',*,*,#2822,.T.);
#2822 = EDGE_CURVE('',#2800,#2800,#2823,.T.);
#2823 = SURFACE_CURVE('',#2824,(#2829,#2836),.PCURVE_S1.);
#2824 = CIRCLE('',#2825,28.5);
#2825 = AXIS2_PLACEMENT_3D('',#2826,#2827,#2828);
#2826 = CARTESIAN_POINT('',(0.,0.,-5.));
#2827 = DIRECTION('',(0.,0.,1.));
#2828 = DIRECTION('',(1.,0.,-0.));
#2829 = PCURVE('',#2775,#2830);
#2830 = DEFINITIONAL_REPRESENTATION('',(#2831),#2835);
#2831 = LINE('',#2832,#2833);
#2832 = CARTESIAN_POINT('',(0.,0.));
#2833 = VECTOR('',#2834,1.);
#2834 = DIRECTION('',(1.,0.));
#2835 = ( GEOMETRIC_REPRESENTATION_CONTEXT(2) 
PARAMETRIC_REPRESENTATION_CONTEXT() REPRESENTATION_CONTEXT('2D SPACE',''
  ) );
#2836 = PCURVE('',#2837,#2842);
#2837 = PLANE('',#2838);
#2838 = AXIS2_PLACEMENT_3D('',#2839,#2840,#2841);
#2839 = CARTESIAN_POINT('',(0.,0.,-5.));
#2840 = DIRECTION('',(0.,0.,1.));
#2841 = DIRECTION('',(1.,0.,-0.));
#2842 = DEFINITIONAL_REPRESENTATION('',(#2843),#2847);
#2843 = CIRCLE('',#2844,28.5);
#2844 = AXIS2_PLACEMENT_2D('',#2845,#2846);
#2845 = CARTESIAN_POINT('',(0.,0.));
#2846 = DIRECTION('',(1.,0.));
#2847 = ( GEOMETRIC_REPRESENTATION_CONTEXT(2) 
PARAMETRIC_REPRESENTATION_CONTEXT() REPRESENTATION_CONTEXT('2D SPACE',''
  ) );
#2848 = ORIENTED_EDGE('',*,*,#2799,.T.);
#2849 = ADVANCED_FACE('',(#2850),#2787,.T.);
#2850 = FACE_BOUND('',#2851,.T.);
#2851 = EDGE_LOOP('',(#2852));
#2852 = ORIENTED_EDGE('',*,*,#2765,.T.);
#2853 = ADVANCED_FACE('',(#2854),#2837,.F.);
#2854 = FACE_BOUND('',#2855,.T.);
#2855 = EDGE_LOOP('',(#2856));
#2856 = ORIENTED_EDGE('',*,*,#2822,.F.);
#2857 = ( GEOMETRIC_REPRESENTATION_CONTEXT(3) 
GLOBAL_UNCERTAINTY_ASSIGNED_CONTEXT((#2861)) 
GLOBAL_UNIT_ASSIGNED_CONTEXT((#2858,#2859,#2860)) REPRESENTATION_CONTEXT
('Context #1','3D Context with UNIT and UNCERTAINTY') );
#2858 = ( LENGTH_UNIT() NAMED_UNIT(*) SI_UNIT(.MILLI.,.METRE.) );
#2859 = ( NAMED_UNIT(*) PLANE_ANGLE_UNIT() SI_UNIT($,.RADIAN.) );
#2860 = ( NAMED_UNIT(*) SI_UNIT($,.STERADIAN.) SOLID_ANGLE_UNIT() );
#2861 = UNCERTAINTY_MEASURE_WITH_UNIT(LENGTH_MEASURE(1.E-07),#2858,
  'distance_accuracy_value','confusion accuracy');
#2862 = CONTEXT_DEPENDENT_SHAPE_REPRESENTATION(#2863,#2865);
#2863 = ( REPRESENTATION_RELATIONSHIP('','',#2758,#10) 
REPRESENTATION_RELATIONSHIP_WITH_TRANSFORMATION(#2864) 
SHAPE_REPRESENTATION_RELATIONSHIP() );
#2864 = ITEM_DEFINED_TRANSFORMATION('','',#11,#23);
#2865 = PRODUCT_DEFINITION_SHAPE('Placement','Placement of an item',
  #2866);
#2866 = NEXT_ASSEMBLY_USAGE_OCCURRENCE('3','=>[0:1:1:4]','',#5,#2753,$);
#2867 = PRODUCT_RELATED_PRODUCT_CATEGORY('part',$,(#2755));
#2868 = SHAPE_DEFINITION_REPRESENTATION(#2869,#2875);
#2869 = PRODUCT_DEFINITION_SHAPE('','',#2870);
#2870 = PRODUCT_DEFINITION('design','',#2871,#2874);
#2871 = PRODUCT_DEFINITION_FORMATION('','',#2872);
#2872 = PRODUCT('COMPOUND','COMPOUND','',(#2873));
#2873 = PRODUCT_CONTEXT('',#2,'mechanical');
#2874 = PRODUCT_DEFINITION_CONTEXT('part definition',#2,'design');
#2875 = ADVANCED_BREP_SHAPE_REPRESENTATION('',(#11,#2876),#5660);
#2876 = MANIFOLD_SOLID_BREP('',#2877);
#2877 = CLOSED_SHELL('',(#2878,#3323,#3482,#3641,#3696,#3751,#3806,#3861
    ,#3916,#3971,#4026,#4081,#4136,#4191,#4246,#4281,#4285,#4289,#4293,
    #4514,#4518,#4522,#4526,#4530,#4565,#4569,#4624,#4679,#4734,#4789,
    #4844,#4899,#4954,#5009,#5064,#5099,#5103,#5107,#5111,#5115,#5150,
    #5154,#5158,#5193,#5455,#5513,#5568,#5603,#5633));
#2878 = ADVANCED_FACE('',(#2879,#2966),#2893,.T.);
#2879 = FACE_BOUND('',#2880,.T.);
#2880 = EDGE_LOOP('',(#2881,#2911,#2938,#2939));
#2881 = ORIENTED_EDGE('',*,*,#2882,.T.);
#2882 = EDGE_CURVE('',#2883,#2885,#2887,.T.);
#2883 = VERTEX_POINT('',#2884);
#2884 = CARTESIAN_POINT('',(45.,-1.102182119233E-14,33.));
#2885 = VERTEX_POINT('',#2886);
#2886 = CARTESIAN_POINT('',(45.,-1.102182119233E-14,63.));
#2887 = SEAM_CURVE('',#2888,(#2892,#2904),.PCURVE_S1.);
#2888 = LINE('',#2889,#2890);
#2889 = CARTESIAN_POINT('',(45.,-1.102182119233E-14,33.));
#2890 = VECTOR('',#2891,1.);
#2891 = DIRECTION('',(0.,0.,1.));
#2892 = PCURVE('',#2893,#2898);
#2893 = CYLINDRICAL_SURFACE('',#2894,45.);
#2894 = AXIS2_PLACEMENT_3D('',#2895,#2896,#2897);
#2895 = CARTESIAN_POINT('',(0.,0.,33.));
#2896 = DIRECTION('',(0.,0.,1.));
#2897 = DIRECTION('',(1.,0.,-0.));
#2898 = DEFINITIONAL_REPRESENTATION('',(#2899),#2903);
#2899 = LINE('',#2900,#2901);
#2900 = CARTESIAN_POINT('',(6.28318530718,-0.));
#2901 = VECTOR('',#2902,1.);
#2902 = DIRECTION('',(0.,1.));
#2903 = ( GEOMETRIC_REPRESENTATION_CONTEXT(2) 
PARAMETRIC_REPRESENTATION_CONTEXT() REPRESENTATION_CONTEXT('2D SPACE',''
  ) );
#2904 = PCURVE('',#2893,#2905);
#2905 = DEFINITIONAL_REPRESENTATION('',(#2906),#2910);
#2906 = LINE('',#2907,#2908);
#2907 = CARTESIAN_POINT('',(0.,-0.));
#2908 = VECTOR('',#2909,1.);
#2909 = DIRECTION('',(0.,1.));
#2910 = ( GEOMETRIC_REPRESENTATION_CONTEXT(2) 
PARAMETRIC_REPRESENTATION_CONTEXT() REPRESENTATION_CONTEXT('2D SPACE',''
  ) );
#2911 = ORIENTED_EDGE('',*,*,#2912,.F.);
#2912 = EDGE_CURVE('',#2885,#2885,#2913,.T.);
#2913 = SURFACE_CURVE('',#2914,(#2919,#2926),.PCURVE_S1.);
#2914 = CIRCLE('',#2915,45.);
#2915 = AXIS2_PLACEMENT_3D('',#2916,#2917,#2918);
#2916 = CARTESIAN_POINT('',(0.,0.,63.));
#2917 = DIRECTION('',(0.,0.,1.));
#2918 = DIRECTION('',(1.,0.,-0.));
#2919 = PCURVE('',#2893,#2920);
#2920 = DEFINITIONAL_REPRESENTATION('',(#2921),#2925);
#2921 = LINE('',#2922,#2923);
#2922 = CARTESIAN_POINT('',(0.,30.));
#2923 = VECTOR('',#2924,1.);
#2924 = DIRECTION('',(1.,0.));
#2925 = ( GEOMETRIC_REPRESENTATION_CONTEXT(2) 
PARAMETRIC_REPRESENTATION_CONTEXT() REPRESENTATION_CONTEXT('2D SPACE',''
  ) );
#2926 = PCURVE('',#2927,#2932);
#2927 = PLANE('',#2928);
#2928 = AXIS2_PLACEMENT_3D('',#2929,#2930,#2931);
#2929 = CARTESIAN_POINT('',(0.,0.,63.));
#2930 = DIRECTION('',(0.,0.,1.));
#2931 = DIRECTION('',(1.,0.,-0.));
#2932 = DEFINITIONAL_REPRESENTATION('',(#2933),#2937);
#2933 = CIRCLE('',#2934,45.);
#2934 = AXIS2_PLACEMENT_2D('',#2935,#2936);
#2935 = CARTESIAN_POINT('',(0.,0.));
#2936 = DIRECTION('',(1.,0.));
#2937 = ( GEOMETRIC_REPRESENTATION_CONTEXT(2) 
PARAMETRIC_REPRESENTATION_CONTEXT() REPRESENTATION_CONTEXT('2D SPACE',''
  ) );
#2938 = ORIENTED_EDGE('',*,*,#2882,.F.);
#2939 = ORIENTED_EDGE('',*,*,#2940,.T.);
#2940 = EDGE_CURVE('',#2883,#2883,#2941,.T.);
#2941 = SURFACE_CURVE('',#2942,(#2947,#2954),.PCURVE_S1.);
#2942 = CIRCLE('',#2943,45.);
#2943 = AXIS2_PLACEMENT_3D('',#2944,#2945,#2946);
#2944 = CARTESIAN_POINT('',(0.,0.,33.));
#2945 = DIRECTION('',(0.,0.,1.));
#2946 = DIRECTION('',(1.,0.,-0.));
#2947 = PCURVE('',#2893,#2948);
#2948 = DEFINITIONAL_REPRESENTATION('',(#2949),#2953);
#2949 = LINE('',#2950,#2951);
#2950 = CARTESIAN_POINT('',(0.,0.));
#2951 = VECTOR('',#2952,1.);
#2952 = DIRECTION('',(1.,0.));
#2953 = ( GEOMETRIC_REPRESENTATION_CONTEXT(2) 
PARAMETRIC_REPRESENTATION_CONTEXT() REPRESENTATION_CONTEXT('2D SPACE',''
  ) );
#2954 = PCURVE('',#2955,#2960);
#2955 = PLANE('',#2956);
#2956 = AXIS2_PLACEMENT_3D('',#2957,#2958,#2959);
#2957 = CARTESIAN_POINT('',(0.,0.,33.));
#2958 = DIRECTION('',(0.,0.,1.));
#2959 = DIRECTION('',(1.,0.,-0.));
#2960 = DEFINITIONAL_REPRESENTATION('',(#2961),#2965);
#2961 = CIRCLE('',#2962,45.);
#2962 = AXIS2_PLACEMENT_2D('',#2963,#2964);
#2963 = CARTESIAN_POINT('',(0.,0.));
#2964 = DIRECTION('',(1.,0.));
#2965 = ( GEOMETRIC_REPRESENTATION_CONTEXT(2) 
PARAMETRIC_REPRESENTATION_CONTEXT() REPRESENTATION_CONTEXT('2D SPACE',''
  ) );
#2966 = FACE_BOUND('',#2967,.T.);
#2967 = EDGE_LOOP('',(#2968));
#2968 = ORIENTED_EDGE('',*,*,#2969,.T.);
#2969 = EDGE_CURVE('',#2970,#2970,#2972,.T.);
#2970 = VERTEX_POINT('',#2971);
#2971 = CARTESIAN_POINT('',(-45.,-2.449293598295E-15,42.));
#2972 = SURFACE_CURVE('',#2973,(#3086,#3202),.PCURVE_S1.);
#2973 = B_SPLINE_CURVE_WITH_KNOTS('',6,(#2974,#2975,#2976,#2977,#2978,
    #2979,#2980,#2981,#2982,#2983,#2984,#2985,#2986,#2987,#2988,#2989,
    #2990,#2991,#2992,#2993,#2994,#2995,#2996,#2997,#2998,#2999,#3000,
    #3001,#3002,#3003,#3004,#3005,#3006,#3007,#3008,#3009,#3010,#3011,
    #3012,#3013,#3014,#3015,#3016,#3017,#3018,#3019,#3020,#3021,#3022,
    #3023,#3024,#3025,#3026,#3027,#3028,#3029,#3030,#3031,#3032,#3033,
    #3034,#3035,#3036,#3037,#3038,#3039,#3040,#3041,#3042,#3043,#3044,
    #3045,#3046,#3047,#3048,#3049,#3050,#3051,#3052,#3053,#3054,#3055,
    #3056,#3057,#3058,#3059,#3060,#3061,#3062,#3063,#3064,#3065,#3066,
    #3067,#3068,#3069,#3070,#3071,#3072,#3073,#3074,#3075,#3076,#3077,
    #3078,#3079,#3080,#3081,#3082,#3083,#3084,#3085),.UNSPECIFIED.,.T.,
  .F.,(7,5,5,5,5,5,5,5,5,5,5,5,5,5,5,5,5,5,5,5,5,5,7),(0.,
    4.440577038907E-02,7.297921323595E-02,0.112548011003,0.145901087516,
    0.192974108727,0.250025254858,0.326991549364,0.387515880198,
    0.427091580872,0.470768591178,0.500052392557,0.529336306871,
    0.573013428668,0.61258923079,0.645948211328,0.750064679538,
    0.807095331841,0.854151431581,0.88749251778,0.927047091454,
    0.95561026225,1.),.UNSPECIFIED.);
#2974 = CARTESIAN_POINT('',(-45.,1.7763568394E-15,42.));
#2975 = CARTESIAN_POINT('',(-45.,0.56838116088,42.));
#2976 = CARTESIAN_POINT('',(-44.99138522739,1.135563624222,
    42.038766991741));
#2977 = CARTESIAN_POINT('',(-44.97422324587,1.695799510327,
    42.115993484275));
#2978 = CARTESIAN_POINT('',(-44.94915225334,2.243429984284,
    42.229890465867));
#2979 = CARTESIAN_POINT('',(-44.91734829246,2.773147578941,
    42.377224426622));
#2980 = CARTESIAN_POINT('',(-44.85643593814,3.606548996079,
    42.666612937169));
#2981 = CARTESIAN_POINT('',(-44.83037560922,3.923947121656,
    42.791981321911));
#2982 = CARTESIAN_POINT('',(-44.80242424313,4.231974266768,
    42.928518946929));
#2983 = CARTESIAN_POINT('',(-44.77291136061,4.530230065818,
    43.075317183962));
#2984 = CARTESIAN_POINT('',(-44.74216533685,4.818382250762,
    43.231452386303));
#2985 = CARTESIAN_POINT('',(-44.6666569166,5.480844810973,
    43.623829566815));
#2986 = CARTESIAN_POINT('',(-44.62104200187,5.845741401327,
    43.867836840013));
#2987 = CARTESIAN_POINT('',(-44.574411506,6.190911093896,44.125984947787
    ));
#2988 = CARTESIAN_POINT('',(-44.52743555534,6.516540261441,
    44.396489212731));
#2989 = CARTESIAN_POINT('',(-44.48069994199,6.822907632463,
    44.677771263942));
#2990 = CARTESIAN_POINT('',(-44.39593488908,7.352630172422,
    45.213428241993));
#2991 = CARTESIAN_POINT('',(-44.35768118507,7.581528533564,
    45.465152216681));
#2992 = CARTESIAN_POINT('',(-44.3202317533,7.797305120469,
    45.722849740587));
#2993 = CARTESIAN_POINT('',(-44.28383602574,8.00021824899,
    45.985858982443));
#2994 = CARTESIAN_POINT('',(-44.24870820802,8.190519975145,
    46.253607234811));
#2995 = CARTESIAN_POINT('',(-44.16749973425,8.619587773741,
    46.909504174356));
#2996 = CARTESIAN_POINT('',(-44.12285577015,8.84609870665,
    47.301890520187));
#2997 = CARTESIAN_POINT('',(-44.08162219669,9.048620037587,
    47.701332468191));
#2998 = CARTESIAN_POINT('',(-44.04420768055,9.227716911237,
    48.106643643854));
#2999 = CARTESIAN_POINT('',(-44.01092764131,9.383864992572,
    48.516829467121));
#3000 = CARTESIAN_POINT('',(-43.94699749036,9.679299634227,
    49.433024711912));
#3001 = CARTESIAN_POINT('',(-43.91840233705,9.807987321214,49.9408878651
    ));
#3002 = CARTESIAN_POINT('',(-43.89668028311,9.904093474286,
    50.452934858996));
#3003 = CARTESIAN_POINT('',(-43.88210929888,9.96802871846,
    50.967699814827));
#3004 = CARTESIAN_POINT('',(-43.87482193696,10.,51.483832959265));
#3005 = CARTESIAN_POINT('',(-43.87482193696,10.,52.696348227272));
#3006 = CARTESIAN_POINT('',(-43.88808435361,9.941811515301,
    53.392542265654));
#3007 = CARTESIAN_POINT('',(-43.91459739709,9.825485290341,
    54.085384395811));
#3008 = CARTESIAN_POINT('',(-43.95391647952,9.650304499183,
    54.77161580922));
#3009 = CARTESIAN_POINT('',(-44.00513890304,9.414889171753,
    55.447440072336));
#3010 = CARTESIAN_POINT('',(-44.1151486346,8.883174673548,
    56.627509926203));
#3011 = CARTESIAN_POINT('',(-44.16998060894,8.610633016248,57.1375482802
    ));
#3012 = CARTESIAN_POINT('',(-44.23048968665,8.298535328484,
    57.636054240522));
#3013 = CARTESIAN_POINT('',(-44.29571521926,7.945484553231,58.1203780253
    ));
#3014 = CARTESIAN_POINT('',(-44.36436304617,7.54993220019,
    58.587059371834));
#3015 = CARTESIAN_POINT('',(-44.48069994199,6.822907632468,
    59.322228736052));
#3016 = CARTESIAN_POINT('',(-44.52743555534,6.51654026144,59.60351078727
    ));
#3017 = CARTESIAN_POINT('',(-44.574411506,6.190911093891,59.874015052217
    ));
#3018 = CARTESIAN_POINT('',(-44.62104200187,5.845741401325,
    60.132163159987));
#3019 = CARTESIAN_POINT('',(-44.6666569166,5.480844810979,
    60.376170433182));
#3020 = CARTESIAN_POINT('',(-44.75889315891,4.671623044428,
    60.855473225881));
#3021 = CARTESIAN_POINT('',(-44.8052180164,4.222205785172,
    61.087707054249));
#3022 = CARTESIAN_POINT('',(-44.84826918287,3.749284299739,
    61.296911283368));
#3023 = CARTESIAN_POINT('',(-44.88679533816,3.254677755987,
    61.479582467587));
#3024 = CARTESIAN_POINT('',(-44.91961257991,2.740614328718,
    61.632516959984));
#3025 = CARTESIAN_POINT('',(-44.96321514219,1.853726253586,
    61.833458913355));
#3026 = CARTESIAN_POINT('',(-44.9776801927,1.490531929058,
    61.899356673602));
#3027 = CARTESIAN_POINT('',(-44.98877357416,1.121781274628,
    61.949484085175));
#3028 = CARTESIAN_POINT('',(-44.99625631849,0.749234722141,
    61.983151794479));
#3029 = CARTESIAN_POINT('',(-45.,0.374701240709,62.));
#3030 = CARTESIAN_POINT('',(-45.,-0.374702685773,62.));
#3031 = CARTESIAN_POINT('',(-44.99625628949,-0.749236171097,
    61.983151664561));
#3032 = CARTESIAN_POINT('',(-44.98877354187,-1.121782005682,
    61.949483938303));
#3033 = CARTESIAN_POINT('',(-44.9776801877,-1.490531848763,
    61.899356649402));
#3034 = CARTESIAN_POINT('',(-44.96321516482,-1.853725793331,
    61.833459017635));
#3035 = CARTESIAN_POINT('',(-44.9196125802,-2.740614322894,
    61.632516961304));
#3036 = CARTESIAN_POINT('',(-44.88679533753,-3.254677764551,
    61.479582464466));
#3037 = CARTESIAN_POINT('',(-44.84826918298,-3.749284300318,
    61.296911284016));
#3038 = CARTESIAN_POINT('',(-44.80521801709,-4.222205776884,
    61.087707057675));
#3039 = CARTESIAN_POINT('',(-44.75889315839,-4.671623049011,
    60.855473223166));
#3040 = CARTESIAN_POINT('',(-44.6666569166,-5.480844810972,
    60.376170433186));
#3041 = CARTESIAN_POINT('',(-44.62104200187,-5.845741401327,
    60.132163159987));
#3042 = CARTESIAN_POINT('',(-44.574411506,-6.190911093897,
    59.874015052212));
#3043 = CARTESIAN_POINT('',(-44.52743555534,-6.516540261441,
    59.603510787268));
#3044 = CARTESIAN_POINT('',(-44.48069994199,-6.822907632463,
    59.322228736058));
#3045 = CARTESIAN_POINT('',(-44.39593488913,-7.352630172129,
    58.786571758304));
#3046 = CARTESIAN_POINT('',(-44.35768118508,-7.581528533557,
    58.534847783383));
#3047 = CARTESIAN_POINT('',(-44.32023175326,-7.797305120679,
    58.277150259159));
#3048 = CARTESIAN_POINT('',(-44.28383602572,-8.000218249106,
    58.014141017356));
#3049 = CARTESIAN_POINT('',(-44.24870820805,-8.190519975007,
    57.7463927654));
#3050 = CARTESIAN_POINT('',(-44.10991998119,-8.92381240379,
    56.625441108332));
#3051 = CARTESIAN_POINT('',(-44.01887368999,-9.359045179151,
    55.734533138963));
#3052 = CARTESIAN_POINT('',(-43.94760849718,-9.680639158761,
    54.817291313746));
#3053 = CARTESIAN_POINT('',(-43.89910901503,-9.893443678953,
    53.883901173647));
#3054 = CARTESIAN_POINT('',(-43.87482193696,-10.,52.942326826921));
#3055 = CARTESIAN_POINT('',(-43.87482193696,-10.,51.48383272554));
#3056 = CARTESIAN_POINT('',(-43.88210930448,-9.968028695009,
    50.967699517913));
#3057 = CARTESIAN_POINT('',(-43.89668029572,-9.904093417543,
    50.452934616245));
#3058 = CARTESIAN_POINT('',(-43.91840234437,-9.807987287018,
    49.940887800703));
#3059 = CARTESIAN_POINT('',(-43.94699748062,-9.679299679248,
    49.43302485153));
#3060 = CARTESIAN_POINT('',(-44.010927642,-9.383864989405,
    48.516829457299));
#3061 = CARTESIAN_POINT('',(-44.04420767913,-9.227716918277,
    48.106643659165));
#3062 = CARTESIAN_POINT('',(-44.0816221969,-9.048620036275,
    47.701332468496));
#3063 = CARTESIAN_POINT('',(-44.12285577167,-8.846098698991,
    47.301890505018));
#3064 = CARTESIAN_POINT('',(-44.16749973312,-8.619587779734,
    46.909504183517));
#3065 = CARTESIAN_POINT('',(-44.24870820803,-8.190519975111,
    46.253607234758));
#3066 = CARTESIAN_POINT('',(-44.28383602573,-8.000218249019,
    45.985858982494));
#3067 = CARTESIAN_POINT('',(-44.32023175329,-7.797305120521,
    45.722849740651));
#3068 = CARTESIAN_POINT('',(-44.35768118507,-7.581528533563,
    45.465152216665));
#3069 = CARTESIAN_POINT('',(-44.3959348891,-7.352630172349,
    45.213428241918));
#3070 = CARTESIAN_POINT('',(-44.48069994285,-6.822907627104,
    44.677771258524));
#3071 = CARTESIAN_POINT('',(-44.52743555398,-6.516540271371,
    44.396489220669));
#3072 = CARTESIAN_POINT('',(-44.57441150598,-6.190911093014,
    44.125984948306));
#3073 = CARTESIAN_POINT('',(-44.62104200323,-5.845741390979,
    43.867836832318));
#3074 = CARTESIAN_POINT('',(-44.66665691578,-5.480844818227,
    43.623829571111));
#3075 = CARTESIAN_POINT('',(-44.74216533685,-4.818382250768,
    43.231452386307));
#3076 = CARTESIAN_POINT('',(-44.77291136061,-4.530230065816,
    43.07531718396));
#3077 = CARTESIAN_POINT('',(-44.80242424313,-4.231974266762,
    42.928518946926));
#3078 = CARTESIAN_POINT('',(-44.83037560922,-3.923947121653,
    42.791981321911));
#3079 = CARTESIAN_POINT('',(-44.85643593814,-3.606548996086,
    42.666612937172));
#3080 = CARTESIAN_POINT('',(-44.91734823492,-2.77314836631,
    42.377224700026));
#3081 = CARTESIAN_POINT('',(-44.94915224757,-2.243430356715,
    42.229890480947));
#3082 = CARTESIAN_POINT('',(-44.97422330806,-1.695798723406,
    42.115993202443));
#3083 = CARTESIAN_POINT('',(-44.99138529006,-1.135561698318,
    42.038766710199));
#3084 = CARTESIAN_POINT('',(-45.,-0.568379093617,42.));
#3085 = CARTESIAN_POINT('',(-45.,1.7763568394E-15,42.));
#3086 = PCURVE('',#2893,#3087);
#3087 = DEFINITIONAL_REPRESENTATION('',(#3088),#3201);
#3088 = B_SPLINE_CURVE_WITH_KNOTS('',6,(#3089,#3090,#3091,#3092,#3093,
    #3094,#3095,#3096,#3097,#3098,#3099,#3100,#3101,#3102,#3103,#3104,
    #3105,#3106,#3107,#3108,#3109,#3110,#3111,#3112,#3113,#3114,#3115,
    #3116,#3117,#3118,#3119,#3120,#3121,#3122,#3123,#3124,#3125,#3126,
    #3127,#3128,#3129,#3130,#3131,#3132,#3133,#3134,#3135,#3136,#3137,
    #3138,#3139,#3140,#3141,#3142,#3143,#3144,#3145,#3146,#3147,#3148,
    #3149,#3150,#3151,#3152,#3153,#3154,#3155,#3156,#3157,#3158,#3159,
    #3160,#3161,#3162,#3163,#3164,#3165,#3166,#3167,#3168,#3169,#3170,
    #3171,#3172,#3173,#3174,#3175,#3176,#3177,#3178,#3179,#3180,#3181,
    #3182,#3183,#3184,#3185,#3186,#3187,#3188,#3189,#3190,#3191,#3192,
    #3193,#3194,#3195,#3196,#3197,#3198,#3199,#3200),.UNSPECIFIED.,.T.,
  .F.,(7,5,5,5,5,5,5,5,5,5,5,5,5,5,5,5,5,5,5,5,5,5,7),(0.,
    4.440577038907E-02,7.297921323595E-02,0.112548011003,0.145901087516,
    0.192974108727,0.250025254858,0.326991549364,0.387515880198,
    0.427091580872,0.470768591178,0.500052392557,0.529336306871,
    0.573013428668,0.61258923079,0.645948211328,0.750064679538,
    0.807095331841,0.854151431581,0.88749251778,0.927047091454,
    0.95561026225,1.),.UNSPECIFIED.);
#3089 = CARTESIAN_POINT('',(3.14159265359,9.));
#3090 = CARTESIAN_POINT('',(3.128961961126,9.));
#3091 = CARTESIAN_POINT('',(3.116357904888,9.038766991741));
#3092 = CARTESIAN_POINT('',(3.103904599021,9.115993484275));
#3093 = CARTESIAN_POINT('',(3.091724206714,9.229890465867));
#3094 = CARTESIAN_POINT('',(3.079932500812,9.377224426622));
#3095 = CARTESIAN_POINT('',(3.061363068383,9.666612937169));
#3096 = CARTESIAN_POINT('',(3.05428632683,9.791981321911));
#3097 = CARTESIAN_POINT('',(3.047413518353,9.928518946929));
#3098 = CARTESIAN_POINT('',(3.040753547569,10.075317183962));
#3099 = CARTESIAN_POINT('',(3.034313983612,10.231452386303));
#3100 = CARTESIAN_POINT('',(3.019497273573,10.623829566815));
#3101 = CARTESIAN_POINT('',(3.011325830339,10.867836840013));
#3102 = CARTESIAN_POINT('',(3.003586242315,11.125984947787));
#3103 = CARTESIAN_POINT('',(2.996275506108,11.396489212731));
#3104 = CARTESIAN_POINT('',(2.989388765833,11.677771263942));
#3105 = CARTESIAN_POINT('',(2.977467396214,12.213428241993));
#3106 = CARTESIAN_POINT('',(2.972310344885,12.465152216681));
#3107 = CARTESIAN_POINT('',(2.967443759224,12.722849740587));
#3108 = CARTESIAN_POINT('',(2.962862709365,12.985858982443));
#3109 = CARTESIAN_POINT('',(2.958562382702,13.253607234811));
#3110 = CARTESIAN_POINT('',(2.948858266432,13.909504174356));
#3111 = CARTESIAN_POINT('',(2.943727998277,14.301890520187));
#3112 = CARTESIAN_POINT('',(2.939135304812,14.701332468191));
#3113 = CARTESIAN_POINT('',(2.935069504275,15.106643643854));
#3114 = CARTESIAN_POINT('',(2.93152163005,15.516829467121));
#3115 = CARTESIAN_POINT('',(2.924804462375,16.433024711912));
#3116 = CARTESIAN_POINT('',(2.921875027866,16.9408878651));
#3117 = CARTESIAN_POINT('',(2.91968547638,17.452934858996));
#3118 = CARTESIAN_POINT('',(2.918228252936,17.967699814827));
#3119 = CARTESIAN_POINT('',(2.917499561288,18.483832959265));
#3120 = CARTESIAN_POINT('',(2.917499561288,19.696348227272));
#3121 = CARTESIAN_POINT('',(2.918825800975,20.392542265654));
#3122 = CARTESIAN_POINT('',(2.921477116801,21.085384395811));
#3123 = CARTESIAN_POINT('',(2.92546686328,21.77161580922));
#3124 = CARTESIAN_POINT('',(2.930820439068,22.447440072336));
#3125 = CARTESIAN_POINT('',(2.942886562417,23.627509926203));
#3126 = CARTESIAN_POINT('',(2.949064295497,24.1375482802));
#3127 = CARTESIAN_POINT('',(2.956128695136,24.636054240522));
#3128 = CARTESIAN_POINT('',(2.964106442367,25.1203780253));
#3129 = CARTESIAN_POINT('',(2.973027127541,25.587059371834));
#3130 = CARTESIAN_POINT('',(2.989388765833,26.322228736052));
#3131 = CARTESIAN_POINT('',(2.996275506108,26.60351078727));
#3132 = CARTESIAN_POINT('',(3.003586242315,26.874015052217));
#3133 = CARTESIAN_POINT('',(3.01132583034,27.132163159987));
#3134 = CARTESIAN_POINT('',(3.019497273573,27.376170433182));
#3135 = CARTESIAN_POINT('',(3.037596416065,27.855473225881));
#3136 = CARTESIAN_POINT('',(3.047635808117,28.087707054249));
#3137 = CARTESIAN_POINT('',(3.058187425448,28.296911283368));
#3138 = CARTESIAN_POINT('',(3.06921045587,28.479582467587));
#3139 = CARTESIAN_POINT('',(3.080656107975,28.632516959984));
#3140 = CARTESIAN_POINT('',(3.100388535898,28.833458913355));
#3141 = CARTESIAN_POINT('',(3.108465569754,28.899356673602));
#3142 = CARTESIAN_POINT('',(3.116663140059,28.949484085175));
#3143 = CARTESIAN_POINT('',(3.124942994117,28.983151794479));
#3144 = CARTESIAN_POINT('',(3.133265959352,29.));
#3145 = CARTESIAN_POINT('',(3.14991937994,29.));
#3146 = CARTESIAN_POINT('',(3.158242345263,28.983151664561));
#3147 = CARTESIAN_POINT('',(3.166522183377,28.949483938303));
#3148 = CARTESIAN_POINT('',(3.174719735649,28.899356649402));
#3149 = CARTESIAN_POINT('',(3.182796761041,28.833459017635));
#3150 = CARTESIAN_POINT('',(3.202529199075,28.632516961304));
#3151 = CARTESIAN_POINT('',(3.2139748515,28.479582464466));
#3152 = CARTESIAN_POINT('',(3.224997881744,28.296911284016));
#3153 = CARTESIAN_POINT('',(3.235549498878,28.087707057675));
#3154 = CARTESIAN_POINT('',(3.245588891218,27.855473223166));
#3155 = CARTESIAN_POINT('',(3.263688033607,27.376170433186));
#3156 = CARTESIAN_POINT('',(3.27185947684,27.132163159987));
#3157 = CARTESIAN_POINT('',(3.279599064865,26.874015052212));
#3158 = CARTESIAN_POINT('',(3.286909801072,26.603510787268));
#3159 = CARTESIAN_POINT('',(3.293796541346,26.322228736058));
#3160 = CARTESIAN_POINT('',(3.305717910959,25.786571758304));
#3161 = CARTESIAN_POINT('',(3.310874962294,25.534847783383));
#3162 = CARTESIAN_POINT('',(3.31574154796,25.277150259159));
#3163 = CARTESIAN_POINT('',(3.320322597817,25.014141017356));
#3164 = CARTESIAN_POINT('',(3.324622924474,24.7463927654));
#3165 = CARTESIAN_POINT('',(3.341207611119,23.625441108332));
#3166 = CARTESIAN_POINT('',(3.351087005204,22.734533138963));
#3167 = CARTESIAN_POINT('',(3.358406886328,21.817291313746));
#3168 = CARTESIAN_POINT('',(3.363257088572,20.883901173647));
#3169 = CARTESIAN_POINT('',(3.365685745891,19.942326826921));
#3170 = CARTESIAN_POINT('',(3.365685745891,18.48383272554));
#3171 = CARTESIAN_POINT('',(3.364957053708,17.967699517913));
#3172 = CARTESIAN_POINT('',(3.363499829508,17.452934616245));
#3173 = CARTESIAN_POINT('',(3.361310278536,16.940887800703));
#3174 = CARTESIAN_POINT('',(3.358380845828,16.43302485153));
#3175 = CARTESIAN_POINT('',(3.351663677058,15.516829457299));
#3176 = CARTESIAN_POINT('',(3.348115803064,15.106643659165));
#3177 = CARTESIAN_POINT('',(3.344050002338,14.701332468496));
#3178 = CARTESIAN_POINT('',(3.339457308729,14.301890505018));
#3179 = CARTESIAN_POINT('',(3.334327040883,13.909504183517));
#3180 = CARTESIAN_POINT('',(3.324622924476,13.253607234758));
#3181 = CARTESIAN_POINT('',(3.320322597815,12.985858982494));
#3182 = CARTESIAN_POINT('',(3.315741547957,12.722849740651));
#3183 = CARTESIAN_POINT('',(3.310874962294,12.465152216665));
#3184 = CARTESIAN_POINT('',(3.305717910964,12.213428241918));
#3185 = CARTESIAN_POINT('',(3.293796541226,11.677771258524));
#3186 = CARTESIAN_POINT('',(3.286909801295,11.396489220669));
#3187 = CARTESIAN_POINT('',(3.279599064845,11.125984948306));
#3188 = CARTESIAN_POINT('',(3.271859476608,10.867836832318));
#3189 = CARTESIAN_POINT('',(3.263688033769,10.623829571111));
#3190 = CARTESIAN_POINT('',(3.248871323567,10.231452386307));
#3191 = CARTESIAN_POINT('',(3.24243175961,10.07531718396));
#3192 = CARTESIAN_POINT('',(3.235771788826,9.928518946926));
#3193 = CARTESIAN_POINT('',(3.228898980349,9.791981321911));
#3194 = CARTESIAN_POINT('',(3.221822238797,9.666612937172));
#3195 = CARTESIAN_POINT('',(3.203252823912,9.377224700026));
#3196 = CARTESIAN_POINT('',(3.191461108729,9.229890480947));
#3197 = CARTESIAN_POINT('',(3.179280690631,9.115993202443));
#3198 = CARTESIAN_POINT('',(3.166827359494,9.038766710199));
#3199 = CARTESIAN_POINT('',(3.154223300115,9.));
#3200 = CARTESIAN_POINT('',(3.14159265359,9.));
#3201 = ( GEOMETRIC_REPRESENTATION_CONTEXT(2) 
PARAMETRIC_REPRESENTATION_CONTEXT() REPRESENTATION_CONTEXT('2D SPACE',''
  ) );
#3202 = PCURVE('',#3203,#3208);
#3203 = CYLINDRICAL_SURFACE('',#3204,10.);
#3204 = AXIS2_PLACEMENT_3D('',#3205,#3206,#3207);
#3205 = CARTESIAN_POINT('',(-55.,0.,52.));
#3206 = DIRECTION('',(1.,0.,2.22044604925E-16));
#3207 = DIRECTION('',(2.22044604925E-16,0.,-1.));
#3208 = DEFINITIONAL_REPRESENTATION('',(#3209),#3322);
#3209 = B_SPLINE_CURVE_WITH_KNOTS('',6,(#3210,#3211,#3212,#3213,#3214,
    #3215,#3216,#3217,#3218,#3219,#3220,#3221,#3222,#3223,#3224,#3225,
    #3226,#3227,#3228,#3229,#3230,#3231,#3232,#3233,#3234,#3235,#3236,
    #3237,#3238,#3239,#3240,#3241,#3242,#3243,#3244,#3245,#3246,#3247,
    #3248,#3249,#3250,#3251,#3252,#3253,#3254,#3255,#3256,#3257,#3258,
    #3259,#3260,#3261,#3262,#3263,#3264,#3265,#3266,#3267,#3268,#3269,
    #3270,#3271,#3272,#3273,#3274,#3275,#3276,#3277,#3278,#3279,#3280,
    #3281,#3282,#3283,#3284,#3285,#3286,#3287,#3288,#3289,#3290,#3291,
    #3292,#3293,#3294,#3295,#3296,#3297,#3298,#3299,#3300,#3301,#3302,
    #3303,#3304,#3305,#3306,#3307,#3308,#3309,#3310,#3311,#3312,#3313,
    #3314,#3315,#3316,#3317,#3318,#3319,#3320,#3321),.UNSPECIFIED.,.F.,
  .F.,(7,5,5,5,5,5,5,5,5,5,5,5,5,5,5,5,5,5,5,5,5,5,7),(0.,
    4.440577038907E-02,7.297921323595E-02,0.112548011003,0.145901087516,
    0.192974108727,0.250025254858,0.326991549364,0.387515880198,
    0.427091580872,0.470768591178,0.500052392557,0.529336306871,
    0.573013428668,0.61258923079,0.645948211328,0.750064679538,
    0.807095331841,0.854151431581,0.88749251778,0.927047091454,
    0.95561026225,1.),.UNSPECIFIED.);
#3210 = CARTESIAN_POINT('',(0.,10.));
#3211 = CARTESIAN_POINT('',(5.6838116088E-02,10.));
#3212 = CARTESIAN_POINT('',(0.113556357258,10.008614772605));
#3213 = CARTESIAN_POINT('',(0.169910491155,10.025776754128));
#3214 = CARTESIAN_POINT('',(0.225658007858,10.050847746654));
#3215 = CARTESIAN_POINT('',(0.280531705906,10.082651707531));
#3216 = CARTESIAN_POINT('',(0.368753224376,10.143564061858));
#3217 = CARTESIAN_POINT('',(0.402849247126,10.169624390772));
#3218 = CARTESIAN_POINT('',(0.436500549334,10.197575756863));
#3219 = CARTESIAN_POINT('',(0.469704203911,10.227088639383));
#3220 = CARTESIAN_POINT('',(0.502453765353,10.257834663144));
#3221 = CARTESIAN_POINT('',(0.579448342789,10.333343083391));
#3222 = CARTESIAN_POINT('',(0.623279180821,10.378957998124));
#3223 = CARTESIAN_POINT('',(0.666293979072,10.425588493999));
#3224 = CARTESIAN_POINT('',(0.708547715524,10.472564444656));
#3225 = CARTESIAN_POINT('',(0.750090224204,10.519300058006));
#3226 = CARTESIAN_POINT('',(0.825425101085,10.604065110911));
#3227 = CARTESIAN_POINT('',(0.859418707229,10.642318814925));
#3228 = CARTESIAN_POINT('',(0.892987974148,10.679768246696));
#3229 = CARTESIAN_POINT('',(0.926167888422,10.716163974257));
#3230 = CARTESIAN_POINT('',(0.958992127039,10.751291791975));
#3231 = CARTESIAN_POINT('',(1.037369417825,10.832500265744));
#3232 = CARTESIAN_POINT('',(1.082606243292,10.877144229846));
#3233 = CARTESIAN_POINT('',(1.127293778458,10.918377803304));
#3234 = CARTESIAN_POINT('',(1.171513899794,10.955792319443));
#3235 = CARTESIAN_POINT('',(1.215345127552,10.989072358685));
#3236 = CARTESIAN_POINT('',(1.311610144773,11.053002509637));
#3237 = CARTESIAN_POINT('',(1.363895089386,11.081597662942));
#3238 = CARTESIAN_POINT('',(1.415842221082,11.103319716885));
#3239 = CARTESIAN_POINT('',(1.467566347846,11.117890701116));
#3240 = CARTESIAN_POINT('',(1.519179622721,11.125178063039));
#3241 = CARTESIAN_POINT('',(1.640431149522,11.125178063039));
#3242 = CARTESIAN_POINT('',(1.710050635687,11.111915646389));
#3243 = CARTESIAN_POINT('',(1.77994224806,11.08540260291));
#3244 = CARTESIAN_POINT('',(1.850388389841,11.046083520476));
#3245 = CARTESIAN_POINT('',(1.921675922827,10.994861096956));
#3246 = CARTESIAN_POINT('',(2.0511087304,10.884851365392));
#3247 = CARTESIAN_POINT('',(2.108805915428,10.830019391051));
#3248 = CARTESIAN_POINT('',(2.167410802549,10.769510313346));
#3249 = CARTESIAN_POINT('',(2.227111500659,10.704284780736));
#3250 = CARTESIAN_POINT('',(2.288108100906,10.63563695383));
#3251 = CARTESIAN_POINT('',(2.391502429385,10.519300058007));
#3252 = CARTESIAN_POINT('',(2.433044938066,10.472564444656));
#3253 = CARTESIAN_POINT('',(2.475298674519,10.425588493998));
#3254 = CARTESIAN_POINT('',(2.518313472769,10.378957998124));
#3255 = CARTESIAN_POINT('',(2.5621443108,10.333343083392));
#3256 = CARTESIAN_POINT('',(2.656195947391,10.241106841087));
#3257 = CARTESIAN_POINT('',(2.706698821654,10.194781983593));
#3258 = CARTESIAN_POINT('',(2.75826691272,10.151730817128));
#3259 = CARTESIAN_POINT('',(2.81083155271,10.113204661831));
#3260 = CARTESIAN_POINT('',(2.864346636533,10.080387420081));
#3261 = CARTESIAN_POINT('',(2.955283324753,10.036784857802));
#3262 = CARTESIAN_POINT('',(2.99216110908,10.022319807293));
#3263 = CARTESIAN_POINT('',(3.0293198282,10.011226425837));
#3264 = CARTESIAN_POINT('',(3.06666918239,10.003743681504));
#3265 = CARTESIAN_POINT('',(3.104122529519,10.));
#3266 = CARTESIAN_POINT('',(3.179062922167,10.));
#3267 = CARTESIAN_POINT('',(3.216516269744,10.003743710508));
#3268 = CARTESIAN_POINT('',(3.253865553075,10.01122645813));
#3269 = CARTESIAN_POINT('',(3.291024190864,10.022319812294));
#3270 = CARTESIAN_POINT('',(3.327901935234,10.036784835174));
#3271 = CARTESIAN_POINT('',(3.418838670049,10.080387419795));
#3272 = CARTESIAN_POINT('',(3.47235375539,10.113204662466));
#3273 = CARTESIAN_POINT('',(3.52491839449,10.151730817019));
#3274 = CARTESIAN_POINT('',(3.57648648462,10.194781982907));
#3275 = CARTESIAN_POINT('',(3.626989360321,10.241106841609));
#3276 = CARTESIAN_POINT('',(3.721040996379,10.333343083391));
#3277 = CARTESIAN_POINT('',(3.764871834411,10.378957998124));
#3278 = CARTESIAN_POINT('',(3.807886632662,10.425588493999));
#3279 = CARTESIAN_POINT('',(3.850140369114,10.472564444657));
#3280 = CARTESIAN_POINT('',(3.891682877794,10.519300058006));
#3281 = CARTESIAN_POINT('',(3.967017754634,10.604065110864));
#3282 = CARTESIAN_POINT('',(4.001011360814,10.64231881492));
#3283 = CARTESIAN_POINT('',(4.03458062777,10.679768246732));
#3284 = CARTESIAN_POINT('',(4.067760542034,10.71616397428));
#3285 = CARTESIAN_POINT('',(4.100584780604,10.751291791949));
#3286 = CARTESIAN_POINT('',(4.234534413063,10.890080018805));
#3287 = CARTESIAN_POINT('',(4.332916777496,10.981126310005));
#3288 = CARTESIAN_POINT('',(4.42915631917,11.052391502811));
#3289 = CARTESIAN_POINT('',(4.523998162059,11.100890984967));
#3290 = CARTESIAN_POINT('',(4.618156297693,11.125178063039));
#3291 = CARTESIAN_POINT('',(4.764005707831,11.125178063039));
#3292 = CARTESIAN_POINT('',(4.815618988847,11.117890695514));
#3293 = CARTESIAN_POINT('',(4.867343110947,11.103319704275));
#3294 = CARTESIAN_POINT('',(4.919290224894,11.081597655627));
#3295 = CARTESIAN_POINT('',(4.971575147737,11.053002519379));
#3296 = CARTESIAN_POINT('',(5.06784018066,10.989072357999));
#3297 = CARTESIAN_POINT('',(5.111671405687,10.955792320861));
#3298 = CARTESIAN_POINT('',(5.155891528751,10.918377803096));
#3299 = CARTESIAN_POINT('',(5.200579065599,10.87714422833));
#3300 = CARTESIAN_POINT('',(5.24581588826,10.832500266878));
#3301 = CARTESIAN_POINT('',(5.324193180147,10.751291791968));
#3302 = CARTESIAN_POINT('',(5.357017418752,10.716163974263));
#3303 = CARTESIAN_POINT('',(5.390197333024,10.679768246705));
#3304 = CARTESIAN_POINT('',(5.423766599952,10.642318814924));
#3305 = CARTESIAN_POINT('',(5.457760206105,10.604065110899));
#3306 = CARTESIAN_POINT('',(5.533095083738,10.519300057149));
#3307 = CARTESIAN_POINT('',(5.574637590376,10.47256444602));
#3308 = CARTESIAN_POINT('',(5.616891328146,10.425588494012));
#3309 = CARTESIAN_POINT('',(5.659906127656,10.378957996767));
#3310 = CARTESIAN_POINT('',(5.703736963547,10.333343084218));
#3311 = CARTESIAN_POINT('',(5.780731541826,10.257834663145));
#3312 = CARTESIAN_POINT('',(5.813481103269,10.227088639383));
#3313 = CARTESIAN_POINT('',(5.846684757846,10.197575756862));
#3314 = CARTESIAN_POINT('',(5.880336060054,10.169624390772));
#3315 = CARTESIAN_POINT('',(5.914432082802,10.143564061859));
#3316 = CARTESIAN_POINT('',(6.002653517925,10.082651765079));
#3317 = CARTESIAN_POINT('',(6.057527263637,10.050847752421));
#3318 = CARTESIAN_POINT('',(6.113274898329,10.025776691939));
#3319 = CARTESIAN_POINT('',(6.169629142509,10.008614709931));
#3320 = CARTESIAN_POINT('',(6.226347397818,10.));
#3321 = CARTESIAN_POINT('',(6.28318530718,10.));
#3322 = ( GEOMETRIC_REPRESENTATION_CONTEXT(2) 
PARAMETRIC_REPRESENTATION_CONTEXT() REPRESENTATION_CONTEXT('2D SPACE',''
  ) );
#3323 = ADVANCED_FACE('',(#3324,#3327,#3358,#3389,#3420,#3451),#2955,.F.
  );
#3324 = FACE_BOUND('',#3325,.F.);
#3325 = EDGE_LOOP('',(#3326));
#3326 = ORIENTED_EDGE('',*,*,#2940,.T.);
#3327 = FACE_BOUND('',#3328,.F.);
#3328 = EDGE_LOOP('',(#3329));
#3329 = ORIENTED_EDGE('',*,*,#3330,.F.);
#3330 = EDGE_CURVE('',#3331,#3331,#3333,.T.);
#3331 = VERTEX_POINT('',#3332);
#3332 = CARTESIAN_POINT('',(-14.6625,-36.,33.));
#3333 = SURFACE_CURVE('',#3334,(#3339,#3346),.PCURVE_S1.);
#3334 = CIRCLE('',#3335,1.65);
#3335 = AXIS2_PLACEMENT_3D('',#3336,#3337,#3338);
#3336 = CARTESIAN_POINT('',(-16.3125,-36.,33.));
#3337 = DIRECTION('',(0.,0.,1.));
#3338 = DIRECTION('',(1.,0.,-0.));
#3339 = PCURVE('',#2955,#3340);
#3340 = DEFINITIONAL_REPRESENTATION('',(#3341),#3345);
#3341 = CIRCLE('',#3342,1.65);
#3342 = AXIS2_PLACEMENT_2D('',#3343,#3344);
#3343 = CARTESIAN_POINT('',(-16.3125,-36.));
#3344 = DIRECTION('',(1.,0.));
#3345 = ( GEOMETRIC_REPRESENTATION_CONTEXT(2) 
PARAMETRIC_REPRESENTATION_CONTEXT() REPRESENTATION_CONTEXT('2D SPACE',''
  ) );
#3346 = PCURVE('',#3347,#3352);
#3347 = CYLINDRICAL_SURFACE('',#3348,1.65);
#3348 = AXIS2_PLACEMENT_3D('',#3349,#3350,#3351);
#3349 = CARTESIAN_POINT('',(-16.3125,-36.,32.));
#3350 = DIRECTION('',(0.,0.,1.));
#3351 = DIRECTION('',(1.,0.,-0.));
#3352 = DEFINITIONAL_REPRESENTATION('',(#3353),#3357);
#3353 = LINE('',#3354,#3355);
#3354 = CARTESIAN_POINT('',(0.,1.));
#3355 = VECTOR('',#3356,1.);
#3356 = DIRECTION('',(1.,0.));
#3357 = ( GEOMETRIC_REPRESENTATION_CONTEXT(2) 
PARAMETRIC_REPRESENTATION_CONTEXT() REPRESENTATION_CONTEXT('2D SPACE',''
  ) );
#3358 = FACE_BOUND('',#3359,.F.);
#3359 = EDGE_LOOP('',(#3360));
#3360 = ORIENTED_EDGE('',*,*,#3361,.F.);
#3361 = EDGE_CURVE('',#3362,#3362,#3364,.T.);
#3362 = VERTEX_POINT('',#3363);
#3363 = CARTESIAN_POINT('',(17.9625,-36.,33.));
#3364 = SURFACE_CURVE('',#3365,(#3370,#3377),.PCURVE_S1.);
#3365 = CIRCLE('',#3366,1.65);
#3366 = AXIS2_PLACEMENT_3D('',#3367,#3368,#3369);
#3367 = CARTESIAN_POINT('',(16.3125,-36.,33.));
#3368 = DIRECTION('',(0.,0.,1.));
#3369 = DIRECTION('',(1.,0.,-0.));
#3370 = PCURVE('',#2955,#3371);
#3371 = DEFINITIONAL_REPRESENTATION('',(#3372),#3376);
#3372 = CIRCLE('',#3373,1.65);
#3373 = AXIS2_PLACEMENT_2D('',#3374,#3375);
#3374 = CARTESIAN_POINT('',(16.3125,-36.));
#3375 = DIRECTION('',(1.,0.));
#3376 = ( GEOMETRIC_REPRESENTATION_CONTEXT(2) 
PARAMETRIC_REPRESENTATION_CONTEXT() REPRESENTATION_CONTEXT('2D SPACE',''
  ) );
#3377 = PCURVE('',#3378,#3383);
#3378 = CYLINDRICAL_SURFACE('',#3379,1.65);
#3379 = AXIS2_PLACEMENT_3D('',#3380,#3381,#3382);
#3380 = CARTESIAN_POINT('',(16.3125,-36.,32.));
#3381 = DIRECTION('',(0.,0.,1.));
#3382 = DIRECTION('',(1.,0.,-0.));
#3383 = DEFINITIONAL_REPRESENTATION('',(#3384),#3388);
#3384 = LINE('',#3385,#3386);
#3385 = CARTESIAN_POINT('',(0.,1.));
#3386 = VECTOR('',#3387,1.);
#3387 = DIRECTION('',(1.,0.));
#3388 = ( GEOMETRIC_REPRESENTATION_CONTEXT(2) 
PARAMETRIC_REPRESENTATION_CONTEXT() REPRESENTATION_CONTEXT('2D SPACE',''
  ) );
#3389 = FACE_BOUND('',#3390,.F.);
#3390 = EDGE_LOOP('',(#3391));
#3391 = ORIENTED_EDGE('',*,*,#3392,.F.);
#3392 = EDGE_CURVE('',#3393,#3393,#3395,.T.);
#3393 = VERTEX_POINT('',#3394);
#3394 = CARTESIAN_POINT('',(-14.6625,36.,33.));
#3395 = SURFACE_CURVE('',#3396,(#3401,#3408),.PCURVE_S1.);
#3396 = CIRCLE('',#3397,1.65);
#3397 = AXIS2_PLACEMENT_3D('',#3398,#3399,#3400);
#3398 = CARTESIAN_POINT('',(-16.3125,36.,33.));
#3399 = DIRECTION('',(0.,0.,1.));
#3400 = DIRECTION('',(1.,0.,-0.));
#3401 = PCURVE('',#2955,#3402);
#3402 = DEFINITIONAL_REPRESENTATION('',(#3403),#3407);
#3403 = CIRCLE('',#3404,1.65);
#3404 = AXIS2_PLACEMENT_2D('',#3405,#3406);
#3405 = CARTESIAN_POINT('',(-16.3125,36.));
#3406 = DIRECTION('',(1.,0.));
#3407 = ( GEOMETRIC_REPRESENTATION_CONTEXT(2) 
PARAMETRIC_REPRESENTATION_CONTEXT() REPRESENTATION_CONTEXT('2D SPACE',''
  ) );
#3408 = PCURVE('',#3409,#3414);
#3409 = CYLINDRICAL_SURFACE('',#3410,1.65);
#3410 = AXIS2_PLACEMENT_3D('',#3411,#3412,#3413);
#3411 = CARTESIAN_POINT('',(-16.3125,36.,32.));
#3412 = DIRECTION('',(0.,0.,1.));
#3413 = DIRECTION('',(1.,0.,-0.));
#3414 = DEFINITIONAL_REPRESENTATION('',(#3415),#3419);
#3415 = LINE('',#3416,#3417);
#3416 = CARTESIAN_POINT('',(0.,1.));
#3417 = VECTOR('',#3418,1.);
#3418 = DIRECTION('',(1.,0.));
#3419 = ( GEOMETRIC_REPRESENTATION_CONTEXT(2) 
PARAMETRIC_REPRESENTATION_CONTEXT() REPRESENTATION_CONTEXT('2D SPACE',''
  ) );
#3420 = FACE_BOUND('',#3421,.F.);
#3421 = EDGE_LOOP('',(#3422));
#3422 = ORIENTED_EDGE('',*,*,#3423,.F.);
#3423 = EDGE_CURVE('',#3424,#3424,#3426,.T.);
#3424 = VERTEX_POINT('',#3425);
#3425 = CARTESIAN_POINT('',(36.2,-8.866442825827E-15,33.));
#3426 = SURFACE_CURVE('',#3427,(#3432,#3439),.PCURVE_S1.);
#3427 = CIRCLE('',#3428,36.2);
#3428 = AXIS2_PLACEMENT_3D('',#3429,#3430,#3431);
#3429 = CARTESIAN_POINT('',(0.,0.,33.));
#3430 = DIRECTION('',(0.,0.,1.));
#3431 = DIRECTION('',(1.,0.,-0.));
#3432 = PCURVE('',#2955,#3433);
#3433 = DEFINITIONAL_REPRESENTATION('',(#3434),#3438);
#3434 = CIRCLE('',#3435,36.2);
#3435 = AXIS2_PLACEMENT_2D('',#3436,#3437);
#3436 = CARTESIAN_POINT('',(0.,0.));
#3437 = DIRECTION('',(1.,0.));
#3438 = ( GEOMETRIC_REPRESENTATION_CONTEXT(2) 
PARAMETRIC_REPRESENTATION_CONTEXT() REPRESENTATION_CONTEXT('2D SPACE',''
  ) );
#3439 = PCURVE('',#3440,#3445);
#3440 = CYLINDRICAL_SURFACE('',#3441,36.2);
#3441 = AXIS2_PLACEMENT_3D('',#3442,#3443,#3444);
#3442 = CARTESIAN_POINT('',(0.,0.,32.));
#3443 = DIRECTION('',(0.,0.,1.));
#3444 = DIRECTION('',(1.,0.,-0.));
#3445 = DEFINITIONAL_REPRESENTATION('',(#3446),#3450);
#3446 = LINE('',#3447,#3448);
#3447 = CARTESIAN_POINT('',(0.,1.));
#3448 = VECTOR('',#3449,1.);
#3449 = DIRECTION('',(1.,0.));
#3450 = ( GEOMETRIC_REPRESENTATION_CONTEXT(2) 
PARAMETRIC_REPRESENTATION_CONTEXT() REPRESENTATION_CONTEXT('2D SPACE',''
  ) );
#3451 = FACE_BOUND('',#3452,.F.);
#3452 = EDGE_LOOP('',(#3453));
#3453 = ORIENTED_EDGE('',*,*,#3454,.F.);
#3454 = EDGE_CURVE('',#3455,#3455,#3457,.T.);
#3455 = VERTEX_POINT('',#3456);
#3456 = CARTESIAN_POINT('',(17.9625,36.,33.));
#3457 = SURFACE_CURVE('',#3458,(#3463,#3470),.PCURVE_S1.);
#3458 = CIRCLE('',#3459,1.65);
#3459 = AXIS2_PLACEMENT_3D('',#3460,#3461,#3462);
#3460 = CARTESIAN_POINT('',(16.3125,36.,33.));
#3461 = DIRECTION('',(0.,0.,1.));
#3462 = DIRECTION('',(1.,0.,-0.));
#3463 = PCURVE('',#2955,#3464);
#3464 = DEFINITIONAL_REPRESENTATION('',(#3465),#3469);
#3465 = CIRCLE('',#3466,1.65);
#3466 = AXIS2_PLACEMENT_2D('',#3467,#3468);
#3467 = CARTESIAN_POINT('',(16.3125,36.));
#3468 = DIRECTION('',(1.,0.));
#3469 = ( GEOMETRIC_REPRESENTATION_CONTEXT(2) 
PARAMETRIC_REPRESENTATION_CONTEXT() REPRESENTATION_CONTEXT('2D SPACE',''
  ) );
#3470 = PCURVE('',#3471,#3476);
#3471 = CYLINDRICAL_SURFACE('',#3472,1.65);
#3472 = AXIS2_PLACEMENT_3D('',#3473,#3474,#3475);
#3473 = CARTESIAN_POINT('',(16.3125,36.,32.));
#3474 = DIRECTION('',(0.,0.,1.));
#3475 = DIRECTION('',(1.,0.,-0.));
#3476 = DEFINITIONAL_REPRESENTATION('',(#3477),#3481);
#3477 = LINE('',#3478,#3479);
#3478 = CARTESIAN_POINT('',(0.,1.));
#3479 = VECTOR('',#3480,1.);
#3480 = DIRECTION('',(1.,0.));
#3481 = ( GEOMETRIC_REPRESENTATION_CONTEXT(2) 
PARAMETRIC_REPRESENTATION_CONTEXT() REPRESENTATION_CONTEXT('2D SPACE',''
  ) );
#3482 = ADVANCED_FACE('',(#3483,#3486,#3517,#3548,#3579,#3610),#2927,.T.
  );
#3483 = FACE_BOUND('',#3484,.T.);
#3484 = EDGE_LOOP('',(#3485));
#3485 = ORIENTED_EDGE('',*,*,#2912,.T.);
#3486 = FACE_BOUND('',#3487,.T.);
#3487 = EDGE_LOOP('',(#3488));
#3488 = ORIENTED_EDGE('',*,*,#3489,.F.);
#3489 = EDGE_CURVE('',#3490,#3490,#3492,.T.);
#3490 = VERTEX_POINT('',#3491);
#3491 = CARTESIAN_POINT('',(-26.18427124746,-28.28427124746,63.));
#3492 = SURFACE_CURVE('',#3493,(#3498,#3505),.PCURVE_S1.);
#3493 = CIRCLE('',#3494,2.1);
#3494 = AXIS2_PLACEMENT_3D('',#3495,#3496,#3497);
#3495 = CARTESIAN_POINT('',(-28.28427124746,-28.28427124746,63.));
#3496 = DIRECTION('',(0.,0.,1.));
#3497 = DIRECTION('',(1.,0.,-0.));
#3498 = PCURVE('',#2927,#3499);
#3499 = DEFINITIONAL_REPRESENTATION('',(#3500),#3504);
#3500 = CIRCLE('',#3501,2.1);
#3501 = AXIS2_PLACEMENT_2D('',#3502,#3503);
#3502 = CARTESIAN_POINT('',(-28.28427124746,-28.28427124746));
#3503 = DIRECTION('',(1.,0.));
#3504 = ( GEOMETRIC_REPRESENTATION_CONTEXT(2) 
PARAMETRIC_REPRESENTATION_CONTEXT() REPRESENTATION_CONTEXT('2D SPACE',''
  ) );
#3505 = PCURVE('',#3506,#3511);
#3506 = CYLINDRICAL_SURFACE('',#3507,2.1);
#3507 = AXIS2_PLACEMENT_3D('',#3508,#3509,#3510);
#3508 = CARTESIAN_POINT('',(-28.28427124746,-28.28427124746,51.));
#3509 = DIRECTION('',(0.,0.,1.));
#3510 = DIRECTION('',(1.,0.,-0.));
#3511 = DEFINITIONAL_REPRESENTATION('',(#3512),#3516);
#3512 = LINE('',#3513,#3514);
#3513 = CARTESIAN_POINT('',(0.,12.));
#3514 = VECTOR('',#3515,1.);
#3515 = DIRECTION('',(1.,0.));
#3516 = ( GEOMETRIC_REPRESENTATION_CONTEXT(2) 
PARAMETRIC_REPRESENTATION_CONTEXT() REPRESENTATION_CONTEXT('2D SPACE',''
  ) );
#3517 = FACE_BOUND('',#3518,.T.);
#3518 = EDGE_LOOP('',(#3519));
#3519 = ORIENTED_EDGE('',*,*,#3520,.F.);
#3520 = EDGE_CURVE('',#3521,#3521,#3523,.T.);
#3521 = VERTEX_POINT('',#3522);
#3522 = CARTESIAN_POINT('',(30.384271247462,-28.28427124746,63.));
#3523 = SURFACE_CURVE('',#3524,(#3529,#3536),.PCURVE_S1.);
#3524 = CIRCLE('',#3525,2.1);
#3525 = AXIS2_PLACEMENT_3D('',#3526,#3527,#3528);
#3526 = CARTESIAN_POINT('',(28.284271247462,-28.28427124746,63.));
#3527 = DIRECTION('',(0.,0.,1.));
#3528 = DIRECTION('',(1.,0.,-0.));
#3529 = PCURVE('',#2927,#3530);
#3530 = DEFINITIONAL_REPRESENTATION('',(#3531),#3535);
#3531 = CIRCLE('',#3532,2.1);
#3532 = AXIS2_PLACEMENT_2D('',#3533,#3534);
#3533 = CARTESIAN_POINT('',(28.284271247462,-28.28427124746));
#3534 = DIRECTION('',(1.,0.));
#3535 = ( GEOMETRIC_REPRESENTATION_CONTEXT(2) 
PARAMETRIC_REPRESENTATION_CONTEXT() REPRESENTATION_CONTEXT('2D SPACE',''
  ) );
#3536 = PCURVE('',#3537,#3542);
#3537 = CYLINDRICAL_SURFACE('',#3538,2.1);
#3538 = AXIS2_PLACEMENT_3D('',#3539,#3540,#3541);
#3539 = CARTESIAN_POINT('',(28.284271247462,-28.28427124746,51.));
#3540 = DIRECTION('',(0.,0.,1.));
#3541 = DIRECTION('',(1.,0.,-0.));
#3542 = DEFINITIONAL_REPRESENTATION('',(#3543),#3547);
#3543 = LINE('',#3544,#3545);
#3544 = CARTESIAN_POINT('',(0.,12.));
#3545 = VECTOR('',#3546,1.);
#3546 = DIRECTION('',(1.,0.));
#3547 = ( GEOMETRIC_REPRESENTATION_CONTEXT(2) 
PARAMETRIC_REPRESENTATION_CONTEXT() REPRESENTATION_CONTEXT('2D SPACE',''
  ) );
#3548 = FACE_BOUND('',#3549,.T.);
#3549 = EDGE_LOOP('',(#3550));
#3550 = ORIENTED_EDGE('',*,*,#3551,.F.);
#3551 = EDGE_CURVE('',#3552,#3552,#3554,.T.);
#3552 = VERTEX_POINT('',#3553);
#3553 = CARTESIAN_POINT('',(-26.18427124746,28.284271247462,63.));
#3554 = SURFACE_CURVE('',#3555,(#3560,#3567),.PCURVE_S1.);
#3555 = CIRCLE('',#3556,2.1);
#3556 = AXIS2_PLACEMENT_3D('',#3557,#3558,#3559);
#3557 = CARTESIAN_POINT('',(-28.28427124746,28.284271247462,63.));
#3558 = DIRECTION('',(0.,0.,1.));
#3559 = DIRECTION('',(1.,0.,-0.));
#3560 = PCURVE('',#2927,#3561);
#3561 = DEFINITIONAL_REPRESENTATION('',(#3562),#3566);
#3562 = CIRCLE('',#3563,2.1);
#3563 = AXIS2_PLACEMENT_2D('',#3564,#3565);
#3564 = CARTESIAN_POINT('',(-28.28427124746,28.284271247462));
#3565 = DIRECTION('',(1.,0.));
#3566 = ( GEOMETRIC_REPRESENTATION_CONTEXT(2) 
PARAMETRIC_REPRESENTATION_CONTEXT() REPRESENTATION_CONTEXT('2D SPACE',''
  ) );
#3567 = PCURVE('',#3568,#3573);
#3568 = CYLINDRICAL_SURFACE('',#3569,2.1);
#3569 = AXIS2_PLACEMENT_3D('',#3570,#3571,#3572);
#3570 = CARTESIAN_POINT('',(-28.28427124746,28.284271247462,51.));
#3571 = DIRECTION('',(0.,0.,1.));
#3572 = DIRECTION('',(1.,0.,-0.));
#3573 = DEFINITIONAL_REPRESENTATION('',(#3574),#3578);
#3574 = LINE('',#3575,#3576);
#3575 = CARTESIAN_POINT('',(0.,12.));
#3576 = VECTOR('',#3577,1.);
#3577 = DIRECTION('',(1.,0.));
#3578 = ( GEOMETRIC_REPRESENTATION_CONTEXT(2) 
PARAMETRIC_REPRESENTATION_CONTEXT() REPRESENTATION_CONTEXT('2D SPACE',''
  ) );
#3579 = FACE_BOUND('',#3580,.T.);
#3580 = EDGE_LOOP('',(#3581));
#3581 = ORIENTED_EDGE('',*,*,#3582,.F.);
#3582 = EDGE_CURVE('',#3583,#3583,#3585,.T.);
#3583 = VERTEX_POINT('',#3584);
#3584 = CARTESIAN_POINT('',(32.75,-8.021436534415E-15,63.));
#3585 = SURFACE_CURVE('',#3586,(#3591,#3598),.PCURVE_S1.);
#3586 = CIRCLE('',#3587,32.75);
#3587 = AXIS2_PLACEMENT_3D('',#3588,#3589,#3590);
#3588 = CARTESIAN_POINT('',(0.,0.,63.));
#3589 = DIRECTION('',(0.,0.,1.));
#3590 = DIRECTION('',(1.,0.,-0.));
#3591 = PCURVE('',#2927,#3592);
#3592 = DEFINITIONAL_REPRESENTATION('',(#3593),#3597);
#3593 = CIRCLE('',#3594,32.75);
#3594 = AXIS2_PLACEMENT_2D('',#3595,#3596);
#3595 = CARTESIAN_POINT('',(0.,0.));
#3596 = DIRECTION('',(1.,0.));
#3597 = ( GEOMETRIC_REPRESENTATION_CONTEXT(2) 
PARAMETRIC_REPRESENTATION_CONTEXT() REPRESENTATION_CONTEXT('2D SPACE',''
  ) );
#3598 = PCURVE('',#3599,#3604);
#3599 = CYLINDRICAL_SURFACE('',#3600,32.75);
#3600 = AXIS2_PLACEMENT_3D('',#3601,#3602,#3603);
#3601 = CARTESIAN_POINT('',(0.,0.,61.));
#3602 = DIRECTION('',(0.,0.,1.));
#3603 = DIRECTION('',(1.,0.,-0.));
#3604 = DEFINITIONAL_REPRESENTATION('',(#3605),#3609);
#3605 = LINE('',#3606,#3607);
#3606 = CARTESIAN_POINT('',(0.,2.));
#3607 = VECTOR('',#3608,1.);
#3608 = DIRECTION('',(1.,0.));
#3609 = ( GEOMETRIC_REPRESENTATION_CONTEXT(2) 
PARAMETRIC_REPRESENTATION_CONTEXT() REPRESENTATION_CONTEXT('2D SPACE',''
  ) );
#3610 = FACE_BOUND('',#3611,.T.);
#3611 = EDGE_LOOP('',(#3612));
#3612 = ORIENTED_EDGE('',*,*,#3613,.F.);
#3613 = EDGE_CURVE('',#3614,#3614,#3616,.T.);
#3614 = VERTEX_POINT('',#3615);
#3615 = CARTESIAN_POINT('',(30.384271247462,28.284271247462,63.));
#3616 = SURFACE_CURVE('',#3617,(#3622,#3629),.PCURVE_S1.);
#3617 = CIRCLE('',#3618,2.1);
#3618 = AXIS2_PLACEMENT_3D('',#3619,#3620,#3621);
#3619 = CARTESIAN_POINT('',(28.284271247462,28.284271247462,63.));
#3620 = DIRECTION('',(0.,0.,1.));
#3621 = DIRECTION('',(1.,0.,-0.));
#3622 = PCURVE('',#2927,#3623);
#3623 = DEFINITIONAL_REPRESENTATION('',(#3624),#3628);
#3624 = CIRCLE('',#3625,2.1);
#3625 = AXIS2_PLACEMENT_2D('',#3626,#3627);
#3626 = CARTESIAN_POINT('',(28.284271247462,28.284271247462));
#3627 = DIRECTION('',(1.,0.));
#3628 = ( GEOMETRIC_REPRESENTATION_CONTEXT(2) 
PARAMETRIC_REPRESENTATION_CONTEXT() REPRESENTATION_CONTEXT('2D SPACE',''
  ) );
#3629 = PCURVE('',#3630,#3635);
#3630 = CYLINDRICAL_SURFACE('',#3631,2.1);
#3631 = AXIS2_PLACEMENT_3D('',#3632,#3633,#3634);
#3632 = CARTESIAN_POINT('',(28.284271247462,28.284271247462,51.));
#3633 = DIRECTION('',(0.,0.,1.));
#3634 = DIRECTION('',(1.,0.,-0.));
#3635 = DEFINITIONAL_REPRESENTATION('',(#3636),#3640);
#3636 = LINE('',#3637,#3638);
#3637 = CARTESIAN_POINT('',(0.,12.));
#3638 = VECTOR('',#3639,1.);
#3639 = DIRECTION('',(1.,0.));
#3640 = ( GEOMETRIC_REPRESENTATION_CONTEXT(2) 
PARAMETRIC_REPRESENTATION_CONTEXT() REPRESENTATION_CONTEXT('2D SPACE',''
  ) );
#3641 = ADVANCED_FACE('',(#3642),#3203,.T.);
#3642 = FACE_BOUND('',#3643,.T.);
#3643 = EDGE_LOOP('',(#3644,#3645,#3668,#3695));
#3644 = ORIENTED_EDGE('',*,*,#2969,.F.);
#3645 = ORIENTED_EDGE('',*,*,#3646,.F.);
#3646 = EDGE_CURVE('',#3647,#2970,#3649,.T.);
#3647 = VERTEX_POINT('',#3648);
#3648 = CARTESIAN_POINT('',(-55.,-2.449293598295E-15,42.));
#3649 = SEAM_CURVE('',#3650,(#3654,#3661),.PCURVE_S1.);
#3650 = LINE('',#3651,#3652);
#3651 = CARTESIAN_POINT('',(-55.,-2.449293598295E-15,42.));
#3652 = VECTOR('',#3653,1.);
#3653 = DIRECTION('',(1.,0.,2.22044604925E-16));
#3654 = PCURVE('',#3203,#3655);
#3655 = DEFINITIONAL_REPRESENTATION('',(#3656),#3660);
#3656 = LINE('',#3657,#3658);
#3657 = CARTESIAN_POINT('',(6.28318530718,-0.));
#3658 = VECTOR('',#3659,1.);
#3659 = DIRECTION('',(0.,1.));
#3660 = ( GEOMETRIC_REPRESENTATION_CONTEXT(2) 
PARAMETRIC_REPRESENTATION_CONTEXT() REPRESENTATION_CONTEXT('2D SPACE',''
  ) );
#3661 = PCURVE('',#3203,#3662);
#3662 = DEFINITIONAL_REPRESENTATION('',(#3663),#3667);
#3663 = LINE('',#3664,#3665);
#3664 = CARTESIAN_POINT('',(0.,-0.));
#3665 = VECTOR('',#3666,1.);
#3666 = DIRECTION('',(0.,1.));
#3667 = ( GEOMETRIC_REPRESENTATION_CONTEXT(2) 
PARAMETRIC_REPRESENTATION_CONTEXT() REPRESENTATION_CONTEXT('2D SPACE',''
  ) );
#3668 = ORIENTED_EDGE('',*,*,#3669,.T.);
#3669 = EDGE_CURVE('',#3647,#3647,#3670,.T.);
#3670 = SURFACE_CURVE('',#3671,(#3676,#3683),.PCURVE_S1.);
#3671 = CIRCLE('',#3672,10.);
#3672 = AXIS2_PLACEMENT_3D('',#3673,#3674,#3675);
#3673 = CARTESIAN_POINT('',(-55.,0.,52.));
#3674 = DIRECTION('',(1.,-0.,2.22044604925E-16));
#3675 = DIRECTION('',(2.22044604925E-16,0.,-1.));
#3676 = PCURVE('',#3203,#3677);
#3677 = DEFINITIONAL_REPRESENTATION('',(#3678),#3682);
#3678 = LINE('',#3679,#3680);
#3679 = CARTESIAN_POINT('',(0.,0.));
#3680 = VECTOR('',#3681,1.);
#3681 = DIRECTION('',(1.,0.));
#3682 = ( GEOMETRIC_REPRESENTATION_CONTEXT(2) 
PARAMETRIC_REPRESENTATION_CONTEXT() REPRESENTATION_CONTEXT('2D SPACE',''
  ) );
#3683 = PCURVE('',#3684,#3689);
#3684 = PLANE('',#3685);
#3685 = AXIS2_PLACEMENT_3D('',#3686,#3687,#3688);
#3686 = CARTESIAN_POINT('',(-55.,0.,52.));
#3687 = DIRECTION('',(1.,0.,2.22044604925E-16));
#3688 = DIRECTION('',(2.22044604925E-16,0.,-1.));
#3689 = DEFINITIONAL_REPRESENTATION('',(#3690),#3694);
#3690 = CIRCLE('',#3691,10.);
#3691 = AXIS2_PLACEMENT_2D('',#3692,#3693);
#3692 = CARTESIAN_POINT('',(0.,0.));
#3693 = DIRECTION('',(1.,0.));
#3694 = ( GEOMETRIC_REPRESENTATION_CONTEXT(2) 
PARAMETRIC_REPRESENTATION_CONTEXT() REPRESENTATION_CONTEXT('2D SPACE',''
  ) );
#3695 = ORIENTED_EDGE('',*,*,#3646,.T.);
#3696 = ADVANCED_FACE('',(#3697),#3347,.F.);
#3697 = FACE_BOUND('',#3698,.F.);
#3698 = EDGE_LOOP('',(#3699,#3722,#3749,#3750));
#3699 = ORIENTED_EDGE('',*,*,#3700,.T.);
#3700 = EDGE_CURVE('',#3331,#3701,#3703,.T.);
#3701 = VERTEX_POINT('',#3702);
#3702 = CARTESIAN_POINT('',(-14.6625,-36.,43.));
#3703 = SEAM_CURVE('',#3704,(#3708,#3715),.PCURVE_S1.);
#3704 = LINE('',#3705,#3706);
#3705 = CARTESIAN_POINT('',(-14.6625,-36.,32.));
#3706 = VECTOR('',#3707,1.);
#3707 = DIRECTION('',(0.,0.,1.));
#3708 = PCURVE('',#3347,#3709);
#3709 = DEFINITIONAL_REPRESENTATION('',(#3710),#3714);
#3710 = LINE('',#3711,#3712);
#3711 = CARTESIAN_POINT('',(6.28318530718,-0.));
#3712 = VECTOR('',#3713,1.);
#3713 = DIRECTION('',(0.,1.));
#3714 = ( GEOMETRIC_REPRESENTATION_CONTEXT(2) 
PARAMETRIC_REPRESENTATION_CONTEXT() REPRESENTATION_CONTEXT('2D SPACE',''
  ) );
#3715 = PCURVE('',#3347,#3716);
#3716 = DEFINITIONAL_REPRESENTATION('',(#3717),#3721);
#3717 = LINE('',#3718,#3719);
#3718 = CARTESIAN_POINT('',(0.,-0.));
#3719 = VECTOR('',#3720,1.);
#3720 = DIRECTION('',(0.,1.));
#3721 = ( GEOMETRIC_REPRESENTATION_CONTEXT(2) 
PARAMETRIC_REPRESENTATION_CONTEXT() REPRESENTATION_CONTEXT('2D SPACE',''
  ) );
#3722 = ORIENTED_EDGE('',*,*,#3723,.F.);
#3723 = EDGE_CURVE('',#3701,#3701,#3724,.T.);
#3724 = SURFACE_CURVE('',#3725,(#3730,#3737),.PCURVE_S1.);
#3725 = CIRCLE('',#3726,1.65);
#3726 = AXIS2_PLACEMENT_3D('',#3727,#3728,#3729);
#3727 = CARTESIAN_POINT('',(-16.3125,-36.,43.));
#3728 = DIRECTION('',(0.,0.,1.));
#3729 = DIRECTION('',(1.,0.,-0.));
#3730 = PCURVE('',#3347,#3731);
#3731 = DEFINITIONAL_REPRESENTATION('',(#3732),#3736);
#3732 = LINE('',#3733,#3734);
#3733 = CARTESIAN_POINT('',(0.,11.));
#3734 = VECTOR('',#3735,1.);
#3735 = DIRECTION('',(1.,0.));
#3736 = ( GEOMETRIC_REPRESENTATION_CONTEXT(2) 
PARAMETRIC_REPRESENTATION_CONTEXT() REPRESENTATION_CONTEXT('2D SPACE',''
  ) );
#3737 = PCURVE('',#3738,#3743);
#3738 = PLANE('',#3739);
#3739 = AXIS2_PLACEMENT_3D('',#3740,#3741,#3742);
#3740 = CARTESIAN_POINT('',(-16.3125,-36.,43.));
#3741 = DIRECTION('',(0.,0.,1.));
#3742 = DIRECTION('',(1.,0.,-0.));
#3743 = DEFINITIONAL_REPRESENTATION('',(#3744),#3748);
#3744 = CIRCLE('',#3745,1.65);
#3745 = AXIS2_PLACEMENT_2D('',#3746,#3747);
#3746 = CARTESIAN_POINT('',(0.,0.));
#3747 = DIRECTION('',(1.,0.));
#3748 = ( GEOMETRIC_REPRESENTATION_CONTEXT(2) 
PARAMETRIC_REPRESENTATION_CONTEXT() REPRESENTATION_CONTEXT('2D SPACE',''
  ) );
#3749 = ORIENTED_EDGE('',*,*,#3700,.F.);
#3750 = ORIENTED_EDGE('',*,*,#3330,.T.);
#3751 = ADVANCED_FACE('',(#3752),#3378,.F.);
#3752 = FACE_BOUND('',#3753,.F.);
#3753 = EDGE_LOOP('',(#3754,#3777,#3804,#3805));
#3754 = ORIENTED_EDGE('',*,*,#3755,.T.);
#3755 = EDGE_CURVE('',#3362,#3756,#3758,.T.);
#3756 = VERTEX_POINT('',#3757);
#3757 = CARTESIAN_POINT('',(17.9625,-36.,43.));
#3758 = SEAM_CURVE('',#3759,(#3763,#3770),.PCURVE_S1.);
#3759 = LINE('',#3760,#3761);
#3760 = CARTESIAN_POINT('',(17.9625,-36.,32.));
#3761 = VECTOR('',#3762,1.);
#3762 = DIRECTION('',(0.,0.,1.));
#3763 = PCURVE('',#3378,#3764);
#3764 = DEFINITIONAL_REPRESENTATION('',(#3765),#3769);
#3765 = LINE('',#3766,#3767);
#3766 = CARTESIAN_POINT('',(6.28318530718,-0.));
#3767 = VECTOR('',#3768,1.);
#3768 = DIRECTION('',(0.,1.));
#3769 = ( GEOMETRIC_REPRESENTATION_CONTEXT(2) 
PARAMETRIC_REPRESENTATION_CONTEXT() REPRESENTATION_CONTEXT('2D SPACE',''
  ) );
#3770 = PCURVE('',#3378,#3771);
#3771 = DEFINITIONAL_REPRESENTATION('',(#3772),#3776);
#3772 = LINE('',#3773,#3774);
#3773 = CARTESIAN_POINT('',(0.,-0.));
#3774 = VECTOR('',#3775,1.);
#3775 = DIRECTION('',(0.,1.));
#3776 = ( GEOMETRIC_REPRESENTATION_CONTEXT(2) 
PARAMETRIC_REPRESENTATION_CONTEXT() REPRESENTATION_CONTEXT('2D SPACE',''
  ) );
#3777 = ORIENTED_EDGE('',*,*,#3778,.F.);
#3778 = EDGE_CURVE('',#3756,#3756,#3779,.T.);
#3779 = SURFACE_CURVE('',#3780,(#3785,#3792),.PCURVE_S1.);
#3780 = CIRCLE('',#3781,1.65);
#3781 = AXIS2_PLACEMENT_3D('',#3782,#3783,#3784);
#3782 = CARTESIAN_POINT('',(16.3125,-36.,43.));
#3783 = DIRECTION('',(0.,0.,1.));
#3784 = DIRECTION('',(1.,0.,-0.));
#3785 = PCURVE('',#3378,#3786);
#3786 = DEFINITIONAL_REPRESENTATION('',(#3787),#3791);
#3787 = LINE('',#3788,#3789);
#3788 = CARTESIAN_POINT('',(0.,11.));
#3789 = VECTOR('',#3790,1.);
#3790 = DIRECTION('',(1.,0.));
#3791 = ( GEOMETRIC_REPRESENTATION_CONTEXT(2) 
PARAMETRIC_REPRESENTATION_CONTEXT() REPRESENTATION_CONTEXT('2D SPACE',''
  ) );
#3792 = PCURVE('',#3793,#3798);
#3793 = PLANE('',#3794);
#3794 = AXIS2_PLACEMENT_3D('',#3795,#3796,#3797);
#3795 = CARTESIAN_POINT('',(16.3125,-36.,43.));
#3796 = DIRECTION('',(0.,0.,1.));
#3797 = DIRECTION('',(1.,0.,-0.));
#3798 = DEFINITIONAL_REPRESENTATION('',(#3799),#3803);
#3799 = CIRCLE('',#3800,1.65);
#3800 = AXIS2_PLACEMENT_2D('',#3801,#3802);
#3801 = CARTESIAN_POINT('',(0.,0.));
#3802 = DIRECTION('',(1.,0.));
#3803 = ( GEOMETRIC_REPRESENTATION_CONTEXT(2) 
PARAMETRIC_REPRESENTATION_CONTEXT() REPRESENTATION_CONTEXT('2D SPACE',''
  ) );
#3804 = ORIENTED_EDGE('',*,*,#3755,.F.);
#3805 = ORIENTED_EDGE('',*,*,#3361,.T.);
#3806 = ADVANCED_FACE('',(#3807),#3409,.F.);
#3807 = FACE_BOUND('',#3808,.F.);
#3808 = EDGE_LOOP('',(#3809,#3832,#3859,#3860));
#3809 = ORIENTED_EDGE('',*,*,#3810,.T.);
#3810 = EDGE_CURVE('',#3393,#3811,#3813,.T.);
#3811 = VERTEX_POINT('',#3812);
#3812 = CARTESIAN_POINT('',(-14.6625,36.,43.));
#3813 = SEAM_CURVE('',#3814,(#3818,#3825),.PCURVE_S1.);
#3814 = LINE('',#3815,#3816);
#3815 = CARTESIAN_POINT('',(-14.6625,36.,32.));
#3816 = VECTOR('',#3817,1.);
#3817 = DIRECTION('',(0.,0.,1.));
#3818 = PCURVE('',#3409,#3819);
#3819 = DEFINITIONAL_REPRESENTATION('',(#3820),#3824);
#3820 = LINE('',#3821,#3822);
#3821 = CARTESIAN_POINT('',(6.28318530718,-0.));
#3822 = VECTOR('',#3823,1.);
#3823 = DIRECTION('',(0.,1.));
#3824 = ( GEOMETRIC_REPRESENTATION_CONTEXT(2) 
PARAMETRIC_REPRESENTATION_CONTEXT() REPRESENTATION_CONTEXT('2D SPACE',''
  ) );
#3825 = PCURVE('',#3409,#3826);
#3826 = DEFINITIONAL_REPRESENTATION('',(#3827),#3831);
#3827 = LINE('',#3828,#3829);
#3828 = CARTESIAN_POINT('',(0.,-0.));
#3829 = VECTOR('',#3830,1.);
#3830 = DIRECTION('',(0.,1.));
#3831 = ( GEOMETRIC_REPRESENTATION_CONTEXT(2) 
PARAMETRIC_REPRESENTATION_CONTEXT() REPRESENTATION_CONTEXT('2D SPACE',''
  ) );
#3832 = ORIENTED_EDGE('',*,*,#3833,.F.);
#3833 = EDGE_CURVE('',#3811,#3811,#3834,.T.);
#3834 = SURFACE_CURVE('',#3835,(#3840,#3847),.PCURVE_S1.);
#3835 = CIRCLE('',#3836,1.65);
#3836 = AXIS2_PLACEMENT_3D('',#3837,#3838,#3839);
#3837 = CARTESIAN_POINT('',(-16.3125,36.,43.));
#3838 = DIRECTION('',(0.,0.,1.));
#3839 = DIRECTION('',(1.,0.,-0.));
#3840 = PCURVE('',#3409,#3841);
#3841 = DEFINITIONAL_REPRESENTATION('',(#3842),#3846);
#3842 = LINE('',#3843,#3844);
#3843 = CARTESIAN_POINT('',(0.,11.));
#3844 = VECTOR('',#3845,1.);
#3845 = DIRECTION('',(1.,0.));
#3846 = ( GEOMETRIC_REPRESENTATION_CONTEXT(2) 
PARAMETRIC_REPRESENTATION_CONTEXT() REPRESENTATION_CONTEXT('2D SPACE',''
  ) );
#3847 = PCURVE('',#3848,#3853);
#3848 = PLANE('',#3849);
#3849 = AXIS2_PLACEMENT_3D('',#3850,#3851,#3852);
#3850 = CARTESIAN_POINT('',(-16.3125,36.,43.));
#3851 = DIRECTION('',(0.,0.,1.));
#3852 = DIRECTION('',(1.,0.,-0.));
#3853 = DEFINITIONAL_REPRESENTATION('',(#3854),#3858);
#3854 = CIRCLE('',#3855,1.65);
#3855 = AXIS2_PLACEMENT_2D('',#3856,#3857);
#3856 = CARTESIAN_POINT('',(0.,0.));
#3857 = DIRECTION('',(1.,0.));
#3858 = ( GEOMETRIC_REPRESENTATION_CONTEXT(2) 
PARAMETRIC_REPRESENTATION_CONTEXT() REPRESENTATION_CONTEXT('2D SPACE',''
  ) );
#3859 = ORIENTED_EDGE('',*,*,#3810,.F.);
#3860 = ORIENTED_EDGE('',*,*,#3392,.T.);
#3861 = ADVANCED_FACE('',(#3862),#3440,.F.);
#3862 = FACE_BOUND('',#3863,.F.);
#3863 = EDGE_LOOP('',(#3864,#3887,#3914,#3915));
#3864 = ORIENTED_EDGE('',*,*,#3865,.T.);
#3865 = EDGE_CURVE('',#3424,#3866,#3868,.T.);
#3866 = VERTEX_POINT('',#3867);
#3867 = CARTESIAN_POINT('',(36.2,-8.866442825827E-15,35.));
#3868 = SEAM_CURVE('',#3869,(#3873,#3880),.PCURVE_S1.);
#3869 = LINE('',#3870,#3871);
#3870 = CARTESIAN_POINT('',(36.2,-8.866442825827E-15,32.));
#3871 = VECTOR('',#3872,1.);
#3872 = DIRECTION('',(0.,0.,1.));
#3873 = PCURVE('',#3440,#3874);
#3874 = DEFINITIONAL_REPRESENTATION('',(#3875),#3879);
#3875 = LINE('',#3876,#3877);
#3876 = CARTESIAN_POINT('',(6.28318530718,-0.));
#3877 = VECTOR('',#3878,1.);
#3878 = DIRECTION('',(0.,1.));
#3879 = ( GEOMETRIC_REPRESENTATION_CONTEXT(2) 
PARAMETRIC_REPRESENTATION_CONTEXT() REPRESENTATION_CONTEXT('2D SPACE',''
  ) );
#3880 = PCURVE('',#3440,#3881);
#3881 = DEFINITIONAL_REPRESENTATION('',(#3882),#3886);
#3882 = LINE('',#3883,#3884);
#3883 = CARTESIAN_POINT('',(0.,-0.));
#3884 = VECTOR('',#3885,1.);
#3885 = DIRECTION('',(0.,1.));
#3886 = ( GEOMETRIC_REPRESENTATION_CONTEXT(2) 
PARAMETRIC_REPRESENTATION_CONTEXT() REPRESENTATION_CONTEXT('2D SPACE',''
  ) );
#3887 = ORIENTED_EDGE('',*,*,#3888,.F.);
#3888 = EDGE_CURVE('',#3866,#3866,#3889,.T.);
#3889 = SURFACE_CURVE('',#3890,(#3895,#3902),.PCURVE_S1.);
#3890 = CIRCLE('',#3891,36.2);
#3891 = AXIS2_PLACEMENT_3D('',#3892,#3893,#3894);
#3892 = CARTESIAN_POINT('',(0.,0.,35.));
#3893 = DIRECTION('',(0.,0.,1.));
#3894 = DIRECTION('',(1.,0.,-0.));
#3895 = PCURVE('',#3440,#3896);
#3896 = DEFINITIONAL_REPRESENTATION('',(#3897),#3901);
#3897 = LINE('',#3898,#3899);
#3898 = CARTESIAN_POINT('',(0.,3.));
#3899 = VECTOR('',#3900,1.);
#3900 = DIRECTION('',(1.,0.));
#3901 = ( GEOMETRIC_REPRESENTATION_CONTEXT(2) 
PARAMETRIC_REPRESENTATION_CONTEXT() REPRESENTATION_CONTEXT('2D SPACE',''
  ) );
#3902 = PCURVE('',#3903,#3908);
#3903 = PLANE('',#3904);
#3904 = AXIS2_PLACEMENT_3D('',#3905,#3906,#3907);
#3905 = CARTESIAN_POINT('',(0.,0.,35.));
#3906 = DIRECTION('',(0.,0.,1.));
#3907 = DIRECTION('',(1.,0.,-0.));
#3908 = DEFINITIONAL_REPRESENTATION('',(#3909),#3913);
#3909 = CIRCLE('',#3910,36.2);
#3910 = AXIS2_PLACEMENT_2D('',#3911,#3912);
#3911 = CARTESIAN_POINT('',(0.,0.));
#3912 = DIRECTION('',(1.,0.));
#3913 = ( GEOMETRIC_REPRESENTATION_CONTEXT(2) 
PARAMETRIC_REPRESENTATION_CONTEXT() REPRESENTATION_CONTEXT('2D SPACE',''
  ) );
#3914 = ORIENTED_EDGE('',*,*,#3865,.F.);
#3915 = ORIENTED_EDGE('',*,*,#3423,.T.);
#3916 = ADVANCED_FACE('',(#3917),#3471,.F.);
#3917 = FACE_BOUND('',#3918,.F.);
#3918 = EDGE_LOOP('',(#3919,#3942,#3969,#3970));
#3919 = ORIENTED_EDGE('',*,*,#3920,.T.);
#3920 = EDGE_CURVE('',#3455,#3921,#3923,.T.);
#3921 = VERTEX_POINT('',#3922);
#3922 = CARTESIAN_POINT('',(17.9625,36.,43.));
#3923 = SEAM_CURVE('',#3924,(#3928,#3935),.PCURVE_S1.);
#3924 = LINE('',#3925,#3926);
#3925 = CARTESIAN_POINT('',(17.9625,36.,32.));
#3926 = VECTOR('',#3927,1.);
#3927 = DIRECTION('',(0.,0.,1.));
#3928 = PCURVE('',#3471,#3929);
#3929 = DEFINITIONAL_REPRESENTATION('',(#3930),#3934);
#3930 = LINE('',#3931,#3932);
#3931 = CARTESIAN_POINT('',(6.28318530718,-0.));
#3932 = VECTOR('',#3933,1.);
#3933 = DIRECTION('',(0.,1.));
#3934 = ( GEOMETRIC_REPRESENTATION_CONTEXT(2) 
PARAMETRIC_REPRESENTATION_CONTEXT() REPRESENTATION_CONTEXT('2D SPACE',''
  ) );
#3935 = PCURVE('',#3471,#3936);
#3936 = DEFINITIONAL_REPRESENTATION('',(#3937),#3941);
#3937 = LINE('',#3938,#3939);
#3938 = CARTESIAN_POINT('',(0.,-0.));
#3939 = VECTOR('',#3940,1.);
#3940 = DIRECTION('',(0.,1.));
#3941 = ( GEOMETRIC_REPRESENTATION_CONTEXT(2) 
PARAMETRIC_REPRESENTATION_CONTEXT() REPRESENTATION_CONTEXT('2D SPACE',''
  ) );
#3942 = ORIENTED_EDGE('',*,*,#3943,.F.);
#3943 = EDGE_CURVE('',#3921,#3921,#3944,.T.);
#3944 = SURFACE_CURVE('',#3945,(#3950,#3957),.PCURVE_S1.);
#3945 = CIRCLE('',#3946,1.65);
#3946 = AXIS2_PLACEMENT_3D('',#3947,#3948,#3949);
#3947 = CARTESIAN_POINT('',(16.3125,36.,43.));
#3948 = DIRECTION('',(0.,0.,1.));
#3949 = DIRECTION('',(1.,0.,-0.));
#3950 = PCURVE('',#3471,#3951);
#3951 = DEFINITIONAL_REPRESENTATION('',(#3952),#3956);
#3952 = LINE('',#3953,#3954);
#3953 = CARTESIAN_POINT('',(0.,11.));
#3954 = VECTOR('',#3955,1.);
#3955 = DIRECTION('',(1.,0.));
#3956 = ( GEOMETRIC_REPRESENTATION_CONTEXT(2) 
PARAMETRIC_REPRESENTATION_CONTEXT() REPRESENTATION_CONTEXT('2D SPACE',''
  ) );
#3957 = PCURVE('',#3958,#3963);
#3958 = PLANE('',#3959);
#3959 = AXIS2_PLACEMENT_3D('',#3960,#3961,#3962);
#3960 = CARTESIAN_POINT('',(16.3125,36.,43.));
#3961 = DIRECTION('',(0.,0.,1.));
#3962 = DIRECTION('',(1.,0.,-0.));
#3963 = DEFINITIONAL_REPRESENTATION('',(#3964),#3968);
#3964 = CIRCLE('',#3965,1.65);
#3965 = AXIS2_PLACEMENT_2D('',#3966,#3967);
#3966 = CARTESIAN_POINT('',(0.,0.));
#3967 = DIRECTION('',(1.,0.));
#3968 = ( GEOMETRIC_REPRESENTATION_CONTEXT(2) 
PARAMETRIC_REPRESENTATION_CONTEXT() REPRESENTATION_CONTEXT('2D SPACE',''
  ) );
#3969 = ORIENTED_EDGE('',*,*,#3920,.F.);
#3970 = ORIENTED_EDGE('',*,*,#3454,.T.);
#3971 = ADVANCED_FACE('',(#3972),#3506,.F.);
#3972 = FACE_BOUND('',#3973,.F.);
#3973 = EDGE_LOOP('',(#3974,#3975,#3998,#4025));
#3974 = ORIENTED_EDGE('',*,*,#3489,.F.);
#3975 = ORIENTED_EDGE('',*,*,#3976,.F.);
#3976 = EDGE_CURVE('',#3977,#3490,#3979,.T.);
#3977 = VERTEX_POINT('',#3978);
#3978 = CARTESIAN_POINT('',(-26.18427124746,-28.28427124746,51.));
#3979 = SEAM_CURVE('',#3980,(#3984,#3991),.PCURVE_S1.);
#3980 = LINE('',#3981,#3982);
#3981 = CARTESIAN_POINT('',(-26.18427124746,-28.28427124746,51.));
#3982 = VECTOR('',#3983,1.);
#3983 = DIRECTION('',(0.,0.,1.));
#3984 = PCURVE('',#3506,#3985);
#3985 = DEFINITIONAL_REPRESENTATION('',(#3986),#3990);
#3986 = LINE('',#3987,#3988);
#3987 = CARTESIAN_POINT('',(6.28318530718,-0.));
#3988 = VECTOR('',#3989,1.);
#3989 = DIRECTION('',(0.,1.));
#3990 = ( GEOMETRIC_REPRESENTATION_CONTEXT(2) 
PARAMETRIC_REPRESENTATION_CONTEXT() REPRESENTATION_CONTEXT('2D SPACE',''
  ) );
#3991 = PCURVE('',#3506,#3992);
#3992 = DEFINITIONAL_REPRESENTATION('',(#3993),#3997);
#3993 = LINE('',#3994,#3995);
#3994 = CARTESIAN_POINT('',(0.,-0.));
#3995 = VECTOR('',#3996,1.);
#3996 = DIRECTION('',(0.,1.));
#3997 = ( GEOMETRIC_REPRESENTATION_CONTEXT(2) 
PARAMETRIC_REPRESENTATION_CONTEXT() REPRESENTATION_CONTEXT('2D SPACE',''
  ) );
#3998 = ORIENTED_EDGE('',*,*,#3999,.T.);
#3999 = EDGE_CURVE('',#3977,#3977,#4000,.T.);
#4000 = SURFACE_CURVE('',#4001,(#4006,#4013),.PCURVE_S1.);
#4001 = CIRCLE('',#4002,2.1);
#4002 = AXIS2_PLACEMENT_3D('',#4003,#4004,#4005);
#4003 = CARTESIAN_POINT('',(-28.28427124746,-28.28427124746,51.));
#4004 = DIRECTION('',(0.,0.,1.));
#4005 = DIRECTION('',(1.,0.,-0.));
#4006 = PCURVE('',#3506,#4007);
#4007 = DEFINITIONAL_REPRESENTATION('',(#4008),#4012);
#4008 = LINE('',#4009,#4010);
#4009 = CARTESIAN_POINT('',(0.,0.));
#4010 = VECTOR('',#4011,1.);
#4011 = DIRECTION('',(1.,0.));
#4012 = ( GEOMETRIC_REPRESENTATION_CONTEXT(2) 
PARAMETRIC_REPRESENTATION_CONTEXT() REPRESENTATION_CONTEXT('2D SPACE',''
  ) );
#4013 = PCURVE('',#4014,#4019);
#4014 = PLANE('',#4015);
#4015 = AXIS2_PLACEMENT_3D('',#4016,#4017,#4018);
#4016 = CARTESIAN_POINT('',(-28.28427124746,-28.28427124746,51.));
#4017 = DIRECTION('',(0.,0.,1.));
#4018 = DIRECTION('',(1.,0.,-0.));
#4019 = DEFINITIONAL_REPRESENTATION('',(#4020),#4024);
#4020 = CIRCLE('',#4021,2.1);
#4021 = AXIS2_PLACEMENT_2D('',#4022,#4023);
#4022 = CARTESIAN_POINT('',(0.,0.));
#4023 = DIRECTION('',(1.,0.));
#4024 = ( GEOMETRIC_REPRESENTATION_CONTEXT(2) 
PARAMETRIC_REPRESENTATION_CONTEXT() REPRESENTATION_CONTEXT('2D SPACE',''
  ) );
#4025 = ORIENTED_EDGE('',*,*,#3976,.T.);
#4026 = ADVANCED_FACE('',(#4027),#3537,.F.);
#4027 = FACE_BOUND('',#4028,.F.);
#4028 = EDGE_LOOP('',(#4029,#4030,#4053,#4080));
#4029 = ORIENTED_EDGE('',*,*,#3520,.F.);
#4030 = ORIENTED_EDGE('',*,*,#4031,.F.);
#4031 = EDGE_CURVE('',#4032,#3521,#4034,.T.);
#4032 = VERTEX_POINT('',#4033);
#4033 = CARTESIAN_POINT('',(30.384271247462,-28.28427124746,51.));
#4034 = SEAM_CURVE('',#4035,(#4039,#4046),.PCURVE_S1.);
#4035 = LINE('',#4036,#4037);
#4036 = CARTESIAN_POINT('',(30.384271247462,-28.28427124746,51.));
#4037 = VECTOR('',#4038,1.);
#4038 = DIRECTION('',(0.,0.,1.));
#4039 = PCURVE('',#3537,#4040);
#4040 = DEFINITIONAL_REPRESENTATION('',(#4041),#4045);
#4041 = LINE('',#4042,#4043);
#4042 = CARTESIAN_POINT('',(6.28318530718,-0.));
#4043 = VECTOR('',#4044,1.);
#4044 = DIRECTION('',(0.,1.));
#4045 = ( GEOMETRIC_REPRESENTATION_CONTEXT(2) 
PARAMETRIC_REPRESENTATION_CONTEXT() REPRESENTATION_CONTEXT('2D SPACE',''
  ) );
#4046 = PCURVE('',#3537,#4047);
#4047 = DEFINITIONAL_REPRESENTATION('',(#4048),#4052);
#4048 = LINE('',#4049,#4050);
#4049 = CARTESIAN_POINT('',(0.,-0.));
#4050 = VECTOR('',#4051,1.);
#4051 = DIRECTION('',(0.,1.));
#4052 = ( GEOMETRIC_REPRESENTATION_CONTEXT(2) 
PARAMETRIC_REPRESENTATION_CONTEXT() REPRESENTATION_CONTEXT('2D SPACE',''
  ) );
#4053 = ORIENTED_EDGE('',*,*,#4054,.T.);
#4054 = EDGE_CURVE('',#4032,#4032,#4055,.T.);
#4055 = SURFACE_CURVE('',#4056,(#4061,#4068),.PCURVE_S1.);
#4056 = CIRCLE('',#4057,2.1);
#4057 = AXIS2_PLACEMENT_3D('',#4058,#4059,#4060);
#4058 = CARTESIAN_POINT('',(28.284271247462,-28.28427124746,51.));
#4059 = DIRECTION('',(0.,0.,1.));
#4060 = DIRECTION('',(1.,0.,-0.));
#4061 = PCURVE('',#3537,#4062);
#4062 = DEFINITIONAL_REPRESENTATION('',(#4063),#4067);
#4063 = LINE('',#4064,#4065);
#4064 = CARTESIAN_POINT('',(0.,0.));
#4065 = VECTOR('',#4066,1.);
#4066 = DIRECTION('',(1.,0.));
#4067 = ( GEOMETRIC_REPRESENTATION_CONTEXT(2) 
PARAMETRIC_REPRESENTATION_CONTEXT() REPRESENTATION_CONTEXT('2D SPACE',''
  ) );
#4068 = PCURVE('',#4069,#4074);
#4069 = PLANE('',#4070);
#4070 = AXIS2_PLACEMENT_3D('',#4071,#4072,#4073);
#4071 = CARTESIAN_POINT('',(28.284271247462,-28.28427124746,51.));
#4072 = DIRECTION('',(0.,0.,1.));
#4073 = DIRECTION('',(1.,0.,-0.));
#4074 = DEFINITIONAL_REPRESENTATION('',(#4075),#4079);
#4075 = CIRCLE('',#4076,2.1);
#4076 = AXIS2_PLACEMENT_2D('',#4077,#4078);
#4077 = CARTESIAN_POINT('',(0.,0.));
#4078 = DIRECTION('',(1.,0.));
#4079 = ( GEOMETRIC_REPRESENTATION_CONTEXT(2) 
PARAMETRIC_REPRESENTATION_CONTEXT() REPRESENTATION_CONTEXT('2D SPACE',''
  ) );
#4080 = ORIENTED_EDGE('',*,*,#4031,.T.);
#4081 = ADVANCED_FACE('',(#4082),#3568,.F.);
#4082 = FACE_BOUND('',#4083,.F.);
#4083 = EDGE_LOOP('',(#4084,#4085,#4108,#4135));
#4084 = ORIENTED_EDGE('',*,*,#3551,.F.);
#4085 = ORIENTED_EDGE('',*,*,#4086,.F.);
#4086 = EDGE_CURVE('',#4087,#3552,#4089,.T.);
#4087 = VERTEX_POINT('',#4088);
#4088 = CARTESIAN_POINT('',(-26.18427124746,28.284271247462,51.));
#4089 = SEAM_CURVE('',#4090,(#4094,#4101),.PCURVE_S1.);
#4090 = LINE('',#4091,#4092);
#4091 = CARTESIAN_POINT('',(-26.18427124746,28.284271247462,51.));
#4092 = VECTOR('',#4093,1.);
#4093 = DIRECTION('',(0.,0.,1.));
#4094 = PCURVE('',#3568,#4095);
#4095 = DEFINITIONAL_REPRESENTATION('',(#4096),#4100);
#4096 = LINE('',#4097,#4098);
#4097 = CARTESIAN_POINT('',(6.28318530718,-0.));
#4098 = VECTOR('',#4099,1.);
#4099 = DIRECTION('',(0.,1.));
#4100 = ( GEOMETRIC_REPRESENTATION_CONTEXT(2) 
PARAMETRIC_REPRESENTATION_CONTEXT() REPRESENTATION_CONTEXT('2D SPACE',''
  ) );
#4101 = PCURVE('',#3568,#4102);
#4102 = DEFINITIONAL_REPRESENTATION('',(#4103),#4107);
#4103 = LINE('',#4104,#4105);
#4104 = CARTESIAN_POINT('',(0.,-0.));
#4105 = VECTOR('',#4106,1.);
#4106 = DIRECTION('',(0.,1.));
#4107 = ( GEOMETRIC_REPRESENTATION_CONTEXT(2) 
PARAMETRIC_REPRESENTATION_CONTEXT() REPRESENTATION_CONTEXT('2D SPACE',''
  ) );
#4108 = ORIENTED_EDGE('',*,*,#4109,.T.);
#4109 = EDGE_CURVE('',#4087,#4087,#4110,.T.);
#4110 = SURFACE_CURVE('',#4111,(#4116,#4123),.PCURVE_S1.);
#4111 = CIRCLE('',#4112,2.1);
#4112 = AXIS2_PLACEMENT_3D('',#4113,#4114,#4115);
#4113 = CARTESIAN_POINT('',(-28.28427124746,28.284271247462,51.));
#4114 = DIRECTION('',(0.,0.,1.));
#4115 = DIRECTION('',(1.,0.,-0.));
#4116 = PCURVE('',#3568,#4117);
#4117 = DEFINITIONAL_REPRESENTATION('',(#4118),#4122);
#4118 = LINE('',#4119,#4120);
#4119 = CARTESIAN_POINT('',(0.,0.));
#4120 = VECTOR('',#4121,1.);
#4121 = DIRECTION('',(1.,0.));
#4122 = ( GEOMETRIC_REPRESENTATION_CONTEXT(2) 
PARAMETRIC_REPRESENTATION_CONTEXT() REPRESENTATION_CONTEXT('2D SPACE',''
  ) );
#4123 = PCURVE('',#4124,#4129);
#4124 = PLANE('',#4125);
#4125 = AXIS2_PLACEMENT_3D('',#4126,#4127,#4128);
#4126 = CARTESIAN_POINT('',(-28.28427124746,28.284271247462,51.));
#4127 = DIRECTION('',(0.,0.,1.));
#4128 = DIRECTION('',(1.,0.,-0.));
#4129 = DEFINITIONAL_REPRESENTATION('',(#4130),#4134);
#4130 = CIRCLE('',#4131,2.1);
#4131 = AXIS2_PLACEMENT_2D('',#4132,#4133);
#4132 = CARTESIAN_POINT('',(0.,0.));
#4133 = DIRECTION('',(1.,0.));
#4134 = ( GEOMETRIC_REPRESENTATION_CONTEXT(2) 
PARAMETRIC_REPRESENTATION_CONTEXT() REPRESENTATION_CONTEXT('2D SPACE',''
  ) );
#4135 = ORIENTED_EDGE('',*,*,#4086,.T.);
#4136 = ADVANCED_FACE('',(#4137),#3599,.F.);
#4137 = FACE_BOUND('',#4138,.F.);
#4138 = EDGE_LOOP('',(#4139,#4140,#4163,#4190));
#4139 = ORIENTED_EDGE('',*,*,#3582,.F.);
#4140 = ORIENTED_EDGE('',*,*,#4141,.F.);
#4141 = EDGE_CURVE('',#4142,#3583,#4144,.T.);
#4142 = VERTEX_POINT('',#4143);
#4143 = CARTESIAN_POINT('',(32.75,-8.021436534415E-15,61.));
#4144 = SEAM_CURVE('',#4145,(#4149,#4156),.PCURVE_S1.);
#4145 = LINE('',#4146,#4147);
#4146 = CARTESIAN_POINT('',(32.75,-8.021436534415E-15,61.));
#4147 = VECTOR('',#4148,1.);
#4148 = DIRECTION('',(0.,0.,1.));
#4149 = PCURVE('',#3599,#4150);
#4150 = DEFINITIONAL_REPRESENTATION('',(#4151),#4155);
#4151 = LINE('',#4152,#4153);
#4152 = CARTESIAN_POINT('',(6.28318530718,-0.));
#4153 = VECTOR('',#4154,1.);
#4154 = DIRECTION('',(0.,1.));
#4155 = ( GEOMETRIC_REPRESENTATION_CONTEXT(2) 
PARAMETRIC_REPRESENTATION_CONTEXT() REPRESENTATION_CONTEXT('2D SPACE',''
  ) );
#4156 = PCURVE('',#3599,#4157);
#4157 = DEFINITIONAL_REPRESENTATION('',(#4158),#4162);
#4158 = LINE('',#4159,#4160);
#4159 = CARTESIAN_POINT('',(0.,-0.));
#4160 = VECTOR('',#4161,1.);
#4161 = DIRECTION('',(0.,1.));
#4162 = ( GEOMETRIC_REPRESENTATION_CONTEXT(2) 
PARAMETRIC_REPRESENTATION_CONTEXT() REPRESENTATION_CONTEXT('2D SPACE',''
  ) );
#4163 = ORIENTED_EDGE('',*,*,#4164,.T.);
#4164 = EDGE_CURVE('',#4142,#4142,#4165,.T.);
#4165 = SURFACE_CURVE('',#4166,(#4171,#4178),.PCURVE_S1.);
#4166 = CIRCLE('',#4167,32.75);
#4167 = AXIS2_PLACEMENT_3D('',#4168,#4169,#4170);
#4168 = CARTESIAN_POINT('',(0.,0.,61.));
#4169 = DIRECTION('',(0.,0.,1.));
#4170 = DIRECTION('',(1.,0.,-0.));
#4171 = PCURVE('',#3599,#4172);
#4172 = DEFINITIONAL_REPRESENTATION('',(#4173),#4177);
#4173 = LINE('',#4174,#4175);
#4174 = CARTESIAN_POINT('',(0.,0.));
#4175 = VECTOR('',#4176,1.);
#4176 = DIRECTION('',(1.,0.));
#4177 = ( GEOMETRIC_REPRESENTATION_CONTEXT(2) 
PARAMETRIC_REPRESENTATION_CONTEXT() REPRESENTATION_CONTEXT('2D SPACE',''
  ) );
#4178 = PCURVE('',#4179,#4184);
#4179 = PLANE('',#4180);
#4180 = AXIS2_PLACEMENT_3D('',#4181,#4182,#4183);
#4181 = CARTESIAN_POINT('',(0.,0.,61.));
#4182 = DIRECTION('',(0.,0.,1.));
#4183 = DIRECTION('',(1.,0.,-0.));
#4184 = DEFINITIONAL_REPRESENTATION('',(#4185),#4189);
#4185 = CIRCLE('',#4186,32.75);
#4186 = AXIS2_PLACEMENT_2D('',#4187,#4188);
#4187 = CARTESIAN_POINT('',(0.,0.));
#4188 = DIRECTION('',(1.,0.));
#4189 = ( GEOMETRIC_REPRESENTATION_CONTEXT(2) 
PARAMETRIC_REPRESENTATION_CONTEXT() REPRESENTATION_CONTEXT('2D SPACE',''
  ) );
#4190 = ORIENTED_EDGE('',*,*,#4141,.T.);
#4191 = ADVANCED_FACE('',(#4192),#3630,.F.);
#4192 = FACE_BOUND('',#4193,.F.);
#4193 = EDGE_LOOP('',(#4194,#4195,#4218,#4245));
#4194 = ORIENTED_EDGE('',*,*,#3613,.F.);
#4195 = ORIENTED_EDGE('',*,*,#4196,.F.);
#4196 = EDGE_CURVE('',#4197,#3614,#4199,.T.);
#4197 = VERTEX_POINT('',#4198);
#4198 = CARTESIAN_POINT('',(30.384271247462,28.284271247462,51.));
#4199 = SEAM_CURVE('',#4200,(#4204,#4211),.PCURVE_S1.);
#4200 = LINE('',#4201,#4202);
#4201 = CARTESIAN_POINT('',(30.384271247462,28.284271247462,51.));
#4202 = VECTOR('',#4203,1.);
#4203 = DIRECTION('',(0.,0.,1.));
#4204 = PCURVE('',#3630,#4205);
#4205 = DEFINITIONAL_REPRESENTATION('',(#4206),#4210);
#4206 = LINE('',#4207,#4208);
#4207 = CARTESIAN_POINT('',(6.28318530718,-0.));
#4208 = VECTOR('',#4209,1.);
#4209 = DIRECTION('',(0.,1.));
#4210 = ( GEOMETRIC_REPRESENTATION_CONTEXT(2) 
PARAMETRIC_REPRESENTATION_CONTEXT() REPRESENTATION_CONTEXT('2D SPACE',''
  ) );
#4211 = PCURVE('',#3630,#4212);
#4212 = DEFINITIONAL_REPRESENTATION('',(#4213),#4217);
#4213 = LINE('',#4214,#4215);
#4214 = CARTESIAN_POINT('',(0.,-0.));
#4215 = VECTOR('',#4216,1.);
#4216 = DIRECTION('',(0.,1.));
#4217 = ( GEOMETRIC_REPRESENTATION_CONTEXT(2) 
PARAMETRIC_REPRESENTATION_CONTEXT() REPRESENTATION_CONTEXT('2D SPACE',''
  ) );
#4218 = ORIENTED_EDGE('',*,*,#4219,.T.);
#4219 = EDGE_CURVE('',#4197,#4197,#4220,.T.);
#4220 = SURFACE_CURVE('',#4221,(#4226,#4233),.PCURVE_S1.);
#4221 = CIRCLE('',#4222,2.1);
#4222 = AXIS2_PLACEMENT_3D('',#4223,#4224,#4225);
#4223 = CARTESIAN_POINT('',(28.284271247462,28.284271247462,51.));
#4224 = DIRECTION('',(0.,0.,1.));
#4225 = DIRECTION('',(1.,0.,-0.));
#4226 = PCURVE('',#3630,#4227);
#4227 = DEFINITIONAL_REPRESENTATION('',(#4228),#4232);
#4228 = LINE('',#4229,#4230);
#4229 = CARTESIAN_POINT('',(0.,0.));
#4230 = VECTOR('',#4231,1.);
#4231 = DIRECTION('',(1.,0.));
#4232 = ( GEOMETRIC_REPRESENTATION_CONTEXT(2) 
PARAMETRIC_REPRESENTATION_CONTEXT() REPRESENTATION_CONTEXT('2D SPACE',''
  ) );
#4233 = PCURVE('',#4234,#4239);
#4234 = PLANE('',#4235);
#4235 = AXIS2_PLACEMENT_3D('',#4236,#4237,#4238);
#4236 = CARTESIAN_POINT('',(28.284271247462,28.284271247462,51.));
#4237 = DIRECTION('',(0.,0.,1.));
#4238 = DIRECTION('',(1.,0.,-0.));
#4239 = DEFINITIONAL_REPRESENTATION('',(#4240),#4244);
#4240 = CIRCLE('',#4241,2.1);
#4241 = AXIS2_PLACEMENT_2D('',#4242,#4243);
#4242 = CARTESIAN_POINT('',(0.,0.));
#4243 = DIRECTION('',(1.,0.));
#4244 = ( GEOMETRIC_REPRESENTATION_CONTEXT(2) 
PARAMETRIC_REPRESENTATION_CONTEXT() REPRESENTATION_CONTEXT('2D SPACE',''
  ) );
#4245 = ORIENTED_EDGE('',*,*,#4196,.T.);
#4246 = ADVANCED_FACE('',(#4247,#4250),#3684,.F.);
#4247 = FACE_BOUND('',#4248,.F.);
#4248 = EDGE_LOOP('',(#4249));
#4249 = ORIENTED_EDGE('',*,*,#3669,.T.);
#4250 = FACE_BOUND('',#4251,.F.);
#4251 = EDGE_LOOP('',(#4252));
#4252 = ORIENTED_EDGE('',*,*,#4253,.F.);
#4253 = EDGE_CURVE('',#4254,#4254,#4256,.T.);
#4254 = VERTEX_POINT('',#4255);
#4255 = CARTESIAN_POINT('',(-55.,-1.616533774875E-15,45.4));
#4256 = SURFACE_CURVE('',#4257,(#4262,#4269),.PCURVE_S1.);
#4257 = CIRCLE('',#4258,6.6);
#4258 = AXIS2_PLACEMENT_3D('',#4259,#4260,#4261);
#4259 = CARTESIAN_POINT('',(-55.,0.,52.));
#4260 = DIRECTION('',(1.,0.,2.22044604925E-16));
#4261 = DIRECTION('',(2.22044604925E-16,0.,-1.));
#4262 = PCURVE('',#3684,#4263);
#4263 = DEFINITIONAL_REPRESENTATION('',(#4264),#4268);
#4264 = CIRCLE('',#4265,6.6);
#4265 = AXIS2_PLACEMENT_2D('',#4266,#4267);
#4266 = CARTESIAN_POINT('',(0.,0.));
#4267 = DIRECTION('',(1.,0.));
#4268 = ( GEOMETRIC_REPRESENTATION_CONTEXT(2) 
PARAMETRIC_REPRESENTATION_CONTEXT() REPRESENTATION_CONTEXT('2D SPACE',''
  ) );
#4269 = PCURVE('',#4270,#4275);
#4270 = CYLINDRICAL_SURFACE('',#4271,6.6);
#4271 = AXIS2_PLACEMENT_3D('',#4272,#4273,#4274);
#4272 = CARTESIAN_POINT('',(-56.,0.,52.));
#4273 = DIRECTION('',(1.,0.,2.22044604925E-16));
#4274 = DIRECTION('',(2.22044604925E-16,0.,-1.));
#4275 = DEFINITIONAL_REPRESENTATION('',(#4276),#4280);
#4276 = LINE('',#4277,#4278);
#4277 = CARTESIAN_POINT('',(0.,1.));
#4278 = VECTOR('',#4279,1.);
#4279 = DIRECTION('',(1.,0.));
#4280 = ( GEOMETRIC_REPRESENTATION_CONTEXT(2) 
PARAMETRIC_REPRESENTATION_CONTEXT() REPRESENTATION_CONTEXT('2D SPACE',''
  ) );
#4281 = ADVANCED_FACE('',(#4282),#3738,.F.);
#4282 = FACE_BOUND('',#4283,.F.);
#4283 = EDGE_LOOP('',(#4284));
#4284 = ORIENTED_EDGE('',*,*,#3723,.T.);
#4285 = ADVANCED_FACE('',(#4286),#3793,.F.);
#4286 = FACE_BOUND('',#4287,.F.);
#4287 = EDGE_LOOP('',(#4288));
#4288 = ORIENTED_EDGE('',*,*,#3778,.T.);
#4289 = ADVANCED_FACE('',(#4290),#3848,.F.);
#4290 = FACE_BOUND('',#4291,.F.);
#4291 = EDGE_LOOP('',(#4292));
#4292 = ORIENTED_EDGE('',*,*,#3833,.T.);
#4293 = ADVANCED_FACE('',(#4294,#4297,#4328,#4359,#4390,#4421,#4452,
    #4483),#3903,.F.);
#4294 = FACE_BOUND('',#4295,.F.);
#4295 = EDGE_LOOP('',(#4296));
#4296 = ORIENTED_EDGE('',*,*,#3888,.T.);
#4297 = FACE_BOUND('',#4298,.F.);
#4298 = EDGE_LOOP('',(#4299));
#4299 = ORIENTED_EDGE('',*,*,#4300,.F.);
#4300 = EDGE_CURVE('',#4301,#4301,#4303,.T.);
#4301 = VERTEX_POINT('',#4302);
#4302 = CARTESIAN_POINT('',(1.25,-32.5,35.));
#4303 = SURFACE_CURVE('',#4304,(#4309,#4316),.PCURVE_S1.);
#4304 = CIRCLE('',#4305,1.25);
#4305 = AXIS2_PLACEMENT_3D('',#4306,#4307,#4308);
#4306 = CARTESIAN_POINT('',(-5.970153145843E-15,-32.5,35.));
#4307 = DIRECTION('',(0.,0.,1.));
#4308 = DIRECTION('',(1.,0.,-0.));
#4309 = PCURVE('',#3903,#4310);
#4310 = DEFINITIONAL_REPRESENTATION('',(#4311),#4315);
#4311 = CIRCLE('',#4312,1.25);
#4312 = AXIS2_PLACEMENT_2D('',#4313,#4314);
#4313 = CARTESIAN_POINT('',(-5.970153145843E-15,-32.5));
#4314 = DIRECTION('',(1.,0.));
#4315 = ( GEOMETRIC_REPRESENTATION_CONTEXT(2) 
PARAMETRIC_REPRESENTATION_CONTEXT() REPRESENTATION_CONTEXT('2D SPACE',''
  ) );
#4316 = PCURVE('',#4317,#4322);
#4317 = CYLINDRICAL_SURFACE('',#4318,1.25);
#4318 = AXIS2_PLACEMENT_3D('',#4319,#4320,#4321);
#4319 = CARTESIAN_POINT('',(-5.970153145843E-15,-32.5,34.9));
#4320 = DIRECTION('',(0.,0.,1.));
#4321 = DIRECTION('',(1.,0.,-0.));
#4322 = DEFINITIONAL_REPRESENTATION('',(#4323),#4327);
#4323 = LINE('',#4324,#4325);
#4324 = CARTESIAN_POINT('',(0.,9.999999999999E-02));
#4325 = VECTOR('',#4326,1.);
#4326 = DIRECTION('',(1.,0.));
#4327 = ( GEOMETRIC_REPRESENTATION_CONTEXT(2) 
PARAMETRIC_REPRESENTATION_CONTEXT() REPRESENTATION_CONTEXT('2D SPACE',''
  ) );
#4328 = FACE_BOUND('',#4329,.F.);
#4329 = EDGE_LOOP('',(#4330));
#4330 = ORIENTED_EDGE('',*,*,#4331,.F.);
#4331 = EDGE_CURVE('',#4332,#4332,#4334,.T.);
#4332 = VERTEX_POINT('',#4333);
#4333 = CARTESIAN_POINT('',(-26.89582562299,-16.25,35.));
#4334 = SURFACE_CURVE('',#4335,(#4340,#4347),.PCURVE_S1.);
#4335 = CIRCLE('',#4336,1.25);
#4336 = AXIS2_PLACEMENT_3D('',#4337,#4338,#4339);
#4337 = CARTESIAN_POINT('',(-28.14582562299,-16.25,35.));
#4338 = DIRECTION('',(0.,0.,1.));
#4339 = DIRECTION('',(1.,0.,-0.));
#4340 = PCURVE('',#3903,#4341);
#4341 = DEFINITIONAL_REPRESENTATION('',(#4342),#4346);
#4342 = CIRCLE('',#4343,1.25);
#4343 = AXIS2_PLACEMENT_2D('',#4344,#4345);
#4344 = CARTESIAN_POINT('',(-28.14582562299,-16.25));
#4345 = DIRECTION('',(1.,0.));
#4346 = ( GEOMETRIC_REPRESENTATION_CONTEXT(2) 
PARAMETRIC_REPRESENTATION_CONTEXT() REPRESENTATION_CONTEXT('2D SPACE',''
  ) );
#4347 = PCURVE('',#4348,#4353);
#4348 = CYLINDRICAL_SURFACE('',#4349,1.25);
#4349 = AXIS2_PLACEMENT_3D('',#4350,#4351,#4352);
#4350 = CARTESIAN_POINT('',(-28.14582562299,-16.25,34.9));
#4351 = DIRECTION('',(0.,0.,1.));
#4352 = DIRECTION('',(1.,0.,-0.));
#4353 = DEFINITIONAL_REPRESENTATION('',(#4354),#4358);
#4354 = LINE('',#4355,#4356);
#4355 = CARTESIAN_POINT('',(0.,9.999999999999E-02));
#4356 = VECTOR('',#4357,1.);
#4357 = DIRECTION('',(1.,0.));
#4358 = ( GEOMETRIC_REPRESENTATION_CONTEXT(2) 
PARAMETRIC_REPRESENTATION_CONTEXT() REPRESENTATION_CONTEXT('2D SPACE',''
  ) );
#4359 = FACE_BOUND('',#4360,.F.);
#4360 = EDGE_LOOP('',(#4361));
#4361 = ORIENTED_EDGE('',*,*,#4362,.F.);
#4362 = EDGE_CURVE('',#4363,#4363,#4365,.T.);
#4363 = VERTEX_POINT('',#4364);
#4364 = CARTESIAN_POINT('',(29.395825622994,-16.25,35.));
#4365 = SURFACE_CURVE('',#4366,(#4371,#4378),.PCURVE_S1.);
#4366 = CIRCLE('',#4367,1.25);
#4367 = AXIS2_PLACEMENT_3D('',#4368,#4369,#4370);
#4368 = CARTESIAN_POINT('',(28.145825622994,-16.25,35.));
#4369 = DIRECTION('',(0.,0.,1.));
#4370 = DIRECTION('',(1.,0.,-0.));
#4371 = PCURVE('',#3903,#4372);
#4372 = DEFINITIONAL_REPRESENTATION('',(#4373),#4377);
#4373 = CIRCLE('',#4374,1.25);
#4374 = AXIS2_PLACEMENT_2D('',#4375,#4376);
#4375 = CARTESIAN_POINT('',(28.145825622994,-16.25));
#4376 = DIRECTION('',(1.,0.));
#4377 = ( GEOMETRIC_REPRESENTATION_CONTEXT(2) 
PARAMETRIC_REPRESENTATION_CONTEXT() REPRESENTATION_CONTEXT('2D SPACE',''
  ) );
#4378 = PCURVE('',#4379,#4384);
#4379 = CYLINDRICAL_SURFACE('',#4380,1.25);
#4380 = AXIS2_PLACEMENT_3D('',#4381,#4382,#4383);
#4381 = CARTESIAN_POINT('',(28.145825622994,-16.25,34.9));
#4382 = DIRECTION('',(0.,0.,1.));
#4383 = DIRECTION('',(1.,0.,-0.));
#4384 = DEFINITIONAL_REPRESENTATION('',(#4385),#4389);
#4385 = LINE('',#4386,#4387);
#4386 = CARTESIAN_POINT('',(0.,9.999999999999E-02));
#4387 = VECTOR('',#4388,1.);
#4388 = DIRECTION('',(1.,0.));
#4389 = ( GEOMETRIC_REPRESENTATION_CONTEXT(2) 
PARAMETRIC_REPRESENTATION_CONTEXT() REPRESENTATION_CONTEXT('2D SPACE',''
  ) );
#4390 = FACE_BOUND('',#4391,.F.);
#4391 = EDGE_LOOP('',(#4392));
#4392 = ORIENTED_EDGE('',*,*,#4393,.F.);
#4393 = EDGE_CURVE('',#4394,#4394,#4396,.T.);
#4394 = VERTEX_POINT('',#4395);
#4395 = CARTESIAN_POINT('',(-26.89582562299,16.25,35.));
#4396 = SURFACE_CURVE('',#4397,(#4402,#4409),.PCURVE_S1.);
#4397 = CIRCLE('',#4398,1.25);
#4398 = AXIS2_PLACEMENT_3D('',#4399,#4400,#4401);
#4399 = CARTESIAN_POINT('',(-28.14582562299,16.25,35.));
#4400 = DIRECTION('',(0.,0.,1.));
#4401 = DIRECTION('',(1.,0.,-0.));
#4402 = PCURVE('',#3903,#4403);
#4403 = DEFINITIONAL_REPRESENTATION('',(#4404),#4408);
#4404 = CIRCLE('',#4405,1.25);
#4405 = AXIS2_PLACEMENT_2D('',#4406,#4407);
#4406 = CARTESIAN_POINT('',(-28.14582562299,16.25));
#4407 = DIRECTION('',(1.,0.));
#4408 = ( GEOMETRIC_REPRESENTATION_CONTEXT(2) 
PARAMETRIC_REPRESENTATION_CONTEXT() REPRESENTATION_CONTEXT('2D SPACE',''
  ) );
#4409 = PCURVE('',#4410,#4415);
#4410 = CYLINDRICAL_SURFACE('',#4411,1.25);
#4411 = AXIS2_PLACEMENT_3D('',#4412,#4413,#4414);
#4412 = CARTESIAN_POINT('',(-28.14582562299,16.25,34.9));
#4413 = DIRECTION('',(0.,0.,1.));
#4414 = DIRECTION('',(1.,0.,-0.));
#4415 = DEFINITIONAL_REPRESENTATION('',(#4416),#4420);
#4416 = LINE('',#4417,#4418);
#4417 = CARTESIAN_POINT('',(0.,9.999999999999E-02));
#4418 = VECTOR('',#4419,1.);
#4419 = DIRECTION('',(1.,0.));
#4420 = ( GEOMETRIC_REPRESENTATION_CONTEXT(2) 
PARAMETRIC_REPRESENTATION_CONTEXT() REPRESENTATION_CONTEXT('2D SPACE',''
  ) );
#4421 = FACE_BOUND('',#4422,.F.);
#4422 = EDGE_LOOP('',(#4423));
#4423 = ORIENTED_EDGE('',*,*,#4424,.F.);
#4424 = EDGE_CURVE('',#4425,#4425,#4427,.T.);
#4425 = VERTEX_POINT('',#4426);
#4426 = CARTESIAN_POINT('',(29.,-7.102951435055E-15,35.));
#4427 = SURFACE_CURVE('',#4428,(#4433,#4440),.PCURVE_S1.);
#4428 = CIRCLE('',#4429,29.);
#4429 = AXIS2_PLACEMENT_3D('',#4430,#4431,#4432);
#4430 = CARTESIAN_POINT('',(0.,0.,35.));
#4431 = DIRECTION('',(0.,0.,1.));
#4432 = DIRECTION('',(1.,0.,-0.));
#4433 = PCURVE('',#3903,#4434);
#4434 = DEFINITIONAL_REPRESENTATION('',(#4435),#4439);
#4435 = CIRCLE('',#4436,29.);
#4436 = AXIS2_PLACEMENT_2D('',#4437,#4438);
#4437 = CARTESIAN_POINT('',(0.,0.));
#4438 = DIRECTION('',(1.,0.));
#4439 = ( GEOMETRIC_REPRESENTATION_CONTEXT(2) 
PARAMETRIC_REPRESENTATION_CONTEXT() REPRESENTATION_CONTEXT('2D SPACE',''
  ) );
#4440 = PCURVE('',#4441,#4446);
#4441 = CYLINDRICAL_SURFACE('',#4442,29.);
#4442 = AXIS2_PLACEMENT_3D('',#4443,#4444,#4445);
#4443 = CARTESIAN_POINT('',(0.,0.,34.9));
#4444 = DIRECTION('',(0.,0.,1.));
#4445 = DIRECTION('',(1.,0.,-0.));
#4446 = DEFINITIONAL_REPRESENTATION('',(#4447),#4451);
#4447 = LINE('',#4448,#4449);
#4448 = CARTESIAN_POINT('',(0.,9.999999999999E-02));
#4449 = VECTOR('',#4450,1.);
#4450 = DIRECTION('',(1.,0.));
#4451 = ( GEOMETRIC_REPRESENTATION_CONTEXT(2) 
PARAMETRIC_REPRESENTATION_CONTEXT() REPRESENTATION_CONTEXT('2D SPACE',''
  ) );
#4452 = FACE_BOUND('',#4453,.F.);
#4453 = EDGE_LOOP('',(#4454));
#4454 = ORIENTED_EDGE('',*,*,#4455,.F.);
#4455 = EDGE_CURVE('',#4456,#4456,#4458,.T.);
#4456 = VERTEX_POINT('',#4457);
#4457 = CARTESIAN_POINT('',(29.395825622994,16.25,35.));
#4458 = SURFACE_CURVE('',#4459,(#4464,#4471),.PCURVE_S1.);
#4459 = CIRCLE('',#4460,1.25);
#4460 = AXIS2_PLACEMENT_3D('',#4461,#4462,#4463);
#4461 = CARTESIAN_POINT('',(28.145825622994,16.25,35.));
#4462 = DIRECTION('',(0.,0.,1.));
#4463 = DIRECTION('',(1.,0.,-0.));
#4464 = PCURVE('',#3903,#4465);
#4465 = DEFINITIONAL_REPRESENTATION('',(#4466),#4470);
#4466 = CIRCLE('',#4467,1.25);
#4467 = AXIS2_PLACEMENT_2D('',#4468,#4469);
#4468 = CARTESIAN_POINT('',(28.145825622994,16.25));
#4469 = DIRECTION('',(1.,0.));
#4470 = ( GEOMETRIC_REPRESENTATION_CONTEXT(2) 
PARAMETRIC_REPRESENTATION_CONTEXT() REPRESENTATION_CONTEXT('2D SPACE',''
  ) );
#4471 = PCURVE('',#4472,#4477);
#4472 = CYLINDRICAL_SURFACE('',#4473,1.25);
#4473 = AXIS2_PLACEMENT_3D('',#4474,#4475,#4476);
#4474 = CARTESIAN_POINT('',(28.145825622994,16.25,34.9));
#4475 = DIRECTION('',(0.,0.,1.));
#4476 = DIRECTION('',(1.,0.,-0.));
#4477 = DEFINITIONAL_REPRESENTATION('',(#4478),#4482);
#4478 = LINE('',#4479,#4480);
#4479 = CARTESIAN_POINT('',(0.,9.999999999999E-02));
#4480 = VECTOR('',#4481,1.);
#4481 = DIRECTION('',(1.,0.));
#4482 = ( GEOMETRIC_REPRESENTATION_CONTEXT(2) 
PARAMETRIC_REPRESENTATION_CONTEXT() REPRESENTATION_CONTEXT('2D SPACE',''
  ) );
#4483 = FACE_BOUND('',#4484,.F.);
#4484 = EDGE_LOOP('',(#4485));
#4485 = ORIENTED_EDGE('',*,*,#4486,.F.);
#4486 = EDGE_CURVE('',#4487,#4487,#4489,.T.);
#4487 = VERTEX_POINT('',#4488);
#4488 = CARTESIAN_POINT('',(1.25,32.5,35.));
#4489 = SURFACE_CURVE('',#4490,(#4495,#4502),.PCURVE_S1.);
#4490 = CIRCLE('',#4491,1.25);
#4491 = AXIS2_PLACEMENT_3D('',#4492,#4493,#4494);
#4492 = CARTESIAN_POINT('',(1.990051048614E-15,32.5,35.));
#4493 = DIRECTION('',(0.,0.,1.));
#4494 = DIRECTION('',(1.,0.,-0.));
#4495 = PCURVE('',#3903,#4496);
#4496 = DEFINITIONAL_REPRESENTATION('',(#4497),#4501);
#4497 = CIRCLE('',#4498,1.25);
#4498 = AXIS2_PLACEMENT_2D('',#4499,#4500);
#4499 = CARTESIAN_POINT('',(1.990051048614E-15,32.5));
#4500 = DIRECTION('',(1.,0.));
#4501 = ( GEOMETRIC_REPRESENTATION_CONTEXT(2) 
PARAMETRIC_REPRESENTATION_CONTEXT() REPRESENTATION_CONTEXT('2D SPACE',''
  ) );
#4502 = PCURVE('',#4503,#4508);
#4503 = CYLINDRICAL_SURFACE('',#4504,1.25);
#4504 = AXIS2_PLACEMENT_3D('',#4505,#4506,#4507);
#4505 = CARTESIAN_POINT('',(1.990051048614E-15,32.5,34.9));
#4506 = DIRECTION('',(0.,0.,1.));
#4507 = DIRECTION('',(1.,0.,-0.));
#4508 = DEFINITIONAL_REPRESENTATION('',(#4509),#4513);
#4509 = LINE('',#4510,#4511);
#4510 = CARTESIAN_POINT('',(0.,9.999999999999E-02));
#4511 = VECTOR('',#4512,1.);
#4512 = DIRECTION('',(1.,0.));
#4513 = ( GEOMETRIC_REPRESENTATION_CONTEXT(2) 
PARAMETRIC_REPRESENTATION_CONTEXT() REPRESENTATION_CONTEXT('2D SPACE',''
  ) );
#4514 = ADVANCED_FACE('',(#4515),#3958,.F.);
#4515 = FACE_BOUND('',#4516,.F.);
#4516 = EDGE_LOOP('',(#4517));
#4517 = ORIENTED_EDGE('',*,*,#3943,.T.);
#4518 = ADVANCED_FACE('',(#4519),#4014,.T.);
#4519 = FACE_BOUND('',#4520,.F.);
#4520 = EDGE_LOOP('',(#4521));
#4521 = ORIENTED_EDGE('',*,*,#3999,.F.);
#4522 = ADVANCED_FACE('',(#4523),#4069,.T.);
#4523 = FACE_BOUND('',#4524,.F.);
#4524 = EDGE_LOOP('',(#4525));
#4525 = ORIENTED_EDGE('',*,*,#4054,.F.);
#4526 = ADVANCED_FACE('',(#4527),#4124,.T.);
#4527 = FACE_BOUND('',#4528,.F.);
#4528 = EDGE_LOOP('',(#4529));
#4529 = ORIENTED_EDGE('',*,*,#4109,.F.);
#4530 = ADVANCED_FACE('',(#4531,#4534),#4179,.T.);
#4531 = FACE_BOUND('',#4532,.T.);
#4532 = EDGE_LOOP('',(#4533));
#4533 = ORIENTED_EDGE('',*,*,#4164,.T.);
#4534 = FACE_BOUND('',#4535,.T.);
#4535 = EDGE_LOOP('',(#4536));
#4536 = ORIENTED_EDGE('',*,*,#4537,.F.);
#4537 = EDGE_CURVE('',#4538,#4538,#4540,.T.);
#4538 = VERTEX_POINT('',#4539);
#4539 = CARTESIAN_POINT('',(32.4,-7.935711258475E-15,61.));
#4540 = SURFACE_CURVE('',#4541,(#4546,#4553),.PCURVE_S1.);
#4541 = CIRCLE('',#4542,32.4);
#4542 = AXIS2_PLACEMENT_3D('',#4543,#4544,#4545);
#4543 = CARTESIAN_POINT('',(0.,0.,61.));
#4544 = DIRECTION('',(0.,0.,1.));
#4545 = DIRECTION('',(1.,0.,-0.));
#4546 = PCURVE('',#4179,#4547);
#4547 = DEFINITIONAL_REPRESENTATION('',(#4548),#4552);
#4548 = CIRCLE('',#4549,32.4);
#4549 = AXIS2_PLACEMENT_2D('',#4550,#4551);
#4550 = CARTESIAN_POINT('',(0.,0.));
#4551 = DIRECTION('',(1.,0.));
#4552 = ( GEOMETRIC_REPRESENTATION_CONTEXT(2) 
PARAMETRIC_REPRESENTATION_CONTEXT() REPRESENTATION_CONTEXT('2D SPACE',''
  ) );
#4553 = PCURVE('',#4554,#4559);
#4554 = CYLINDRICAL_SURFACE('',#4555,32.4);
#4555 = AXIS2_PLACEMENT_3D('',#4556,#4557,#4558);
#4556 = CARTESIAN_POINT('',(0.,0.,59.7));
#4557 = DIRECTION('',(0.,0.,1.));
#4558 = DIRECTION('',(1.,0.,-0.));
#4559 = DEFINITIONAL_REPRESENTATION('',(#4560),#4564);
#4560 = LINE('',#4561,#4562);
#4561 = CARTESIAN_POINT('',(0.,1.3));
#4562 = VECTOR('',#4563,1.);
#4563 = DIRECTION('',(1.,0.));
#4564 = ( GEOMETRIC_REPRESENTATION_CONTEXT(2) 
PARAMETRIC_REPRESENTATION_CONTEXT() REPRESENTATION_CONTEXT('2D SPACE',''
  ) );
#4565 = ADVANCED_FACE('',(#4566),#4234,.T.);
#4566 = FACE_BOUND('',#4567,.F.);
#4567 = EDGE_LOOP('',(#4568));
#4568 = ORIENTED_EDGE('',*,*,#4219,.F.);
#4569 = ADVANCED_FACE('',(#4570),#4270,.F.);
#4570 = FACE_BOUND('',#4571,.F.);
#4571 = EDGE_LOOP('',(#4572,#4595,#4622,#4623));
#4572 = ORIENTED_EDGE('',*,*,#4573,.T.);
#4573 = EDGE_CURVE('',#4254,#4574,#4576,.T.);
#4574 = VERTEX_POINT('',#4575);
#4575 = CARTESIAN_POINT('',(-44.,-1.616533774875E-15,45.4));
#4576 = SEAM_CURVE('',#4577,(#4581,#4588),.PCURVE_S1.);
#4577 = LINE('',#4578,#4579);
#4578 = CARTESIAN_POINT('',(-56.,-1.616533774875E-15,45.4));
#4579 = VECTOR('',#4580,1.);
#4580 = DIRECTION('',(1.,0.,2.22044604925E-16));
#4581 = PCURVE('',#4270,#4582);
#4582 = DEFINITIONAL_REPRESENTATION('',(#4583),#4587);
#4583 = LINE('',#4584,#4585);
#4584 = CARTESIAN_POINT('',(6.28318530718,-0.));
#4585 = VECTOR('',#4586,1.);
#4586 = DIRECTION('',(0.,1.));
#4587 = ( GEOMETRIC_REPRESENTATION_CONTEXT(2) 
PARAMETRIC_REPRESENTATION_CONTEXT() REPRESENTATION_CONTEXT('2D SPACE',''
  ) );
#4588 = PCURVE('',#4270,#4589);
#4589 = DEFINITIONAL_REPRESENTATION('',(#4590),#4594);
#4590 = LINE('',#4591,#4592);
#4591 = CARTESIAN_POINT('',(0.,-0.));
#4592 = VECTOR('',#4593,1.);
#4593 = DIRECTION('',(0.,1.));
#4594 = ( GEOMETRIC_REPRESENTATION_CONTEXT(2) 
PARAMETRIC_REPRESENTATION_CONTEXT() REPRESENTATION_CONTEXT('2D SPACE',''
  ) );
#4595 = ORIENTED_EDGE('',*,*,#4596,.F.);
#4596 = EDGE_CURVE('',#4574,#4574,#4597,.T.);
#4597 = SURFACE_CURVE('',#4598,(#4603,#4610),.PCURVE_S1.);
#4598 = CIRCLE('',#4599,6.6);
#4599 = AXIS2_PLACEMENT_3D('',#4600,#4601,#4602);
#4600 = CARTESIAN_POINT('',(-44.,0.,52.));
#4601 = DIRECTION('',(1.,-0.,2.22044604925E-16));
#4602 = DIRECTION('',(2.22044604925E-16,0.,-1.));
#4603 = PCURVE('',#4270,#4604);
#4604 = DEFINITIONAL_REPRESENTATION('',(#4605),#4609);
#4605 = LINE('',#4606,#4607);
#4606 = CARTESIAN_POINT('',(0.,12.));
#4607 = VECTOR('',#4608,1.);
#4608 = DIRECTION('',(1.,0.));
#4609 = ( GEOMETRIC_REPRESENTATION_CONTEXT(2) 
PARAMETRIC_REPRESENTATION_CONTEXT() REPRESENTATION_CONTEXT('2D SPACE',''
  ) );
#4610 = PCURVE('',#4611,#4616);
#4611 = PLANE('',#4612);
#4612 = AXIS2_PLACEMENT_3D('',#4613,#4614,#4615);
#4613 = CARTESIAN_POINT('',(-44.,0.,52.));
#4614 = DIRECTION('',(1.,0.,2.22044604925E-16));
#4615 = DIRECTION('',(2.22044604925E-16,0.,-1.));
#4616 = DEFINITIONAL_REPRESENTATION('',(#4617),#4621);
#4617 = CIRCLE('',#4618,6.6);
#4618 = AXIS2_PLACEMENT_2D('',#4619,#4620);
#4619 = CARTESIAN_POINT('',(0.,0.));
#4620 = DIRECTION('',(1.,0.));
#4621 = ( GEOMETRIC_REPRESENTATION_CONTEXT(2) 
PARAMETRIC_REPRESENTATION_CONTEXT() REPRESENTATION_CONTEXT('2D SPACE',''
  ) );
#4622 = ORIENTED_EDGE('',*,*,#4573,.F.);
#4623 = ORIENTED_EDGE('',*,*,#4253,.T.);
#4624 = ADVANCED_FACE('',(#4625),#4317,.F.);
#4625 = FACE_BOUND('',#4626,.F.);
#4626 = EDGE_LOOP('',(#4627,#4650,#4677,#4678));
#4627 = ORIENTED_EDGE('',*,*,#4628,.T.);
#4628 = EDGE_CURVE('',#4301,#4629,#4631,.T.);
#4629 = VERTEX_POINT('',#4630);
#4630 = CARTESIAN_POINT('',(1.25,-32.5,43.));
#4631 = SEAM_CURVE('',#4632,(#4636,#4643),.PCURVE_S1.);
#4632 = LINE('',#4633,#4634);
#4633 = CARTESIAN_POINT('',(1.25,-32.5,34.9));
#4634 = VECTOR('',#4635,1.);
#4635 = DIRECTION('',(0.,0.,1.));
#4636 = PCURVE('',#4317,#4637);
#4637 = DEFINITIONAL_REPRESENTATION('',(#4638),#4642);
#4638 = LINE('',#4639,#4640);
#4639 = CARTESIAN_POINT('',(6.28318530718,-0.));
#4640 = VECTOR('',#4641,1.);
#4641 = DIRECTION('',(0.,1.));
#4642 = ( GEOMETRIC_REPRESENTATION_CONTEXT(2) 
PARAMETRIC_REPRESENTATION_CONTEXT() REPRESENTATION_CONTEXT('2D SPACE',''
  ) );
#4643 = PCURVE('',#4317,#4644);
#4644 = DEFINITIONAL_REPRESENTATION('',(#4645),#4649);
#4645 = LINE('',#4646,#4647);
#4646 = CARTESIAN_POINT('',(0.,-0.));
#4647 = VECTOR('',#4648,1.);
#4648 = DIRECTION('',(0.,1.));
#4649 = ( GEOMETRIC_REPRESENTATION_CONTEXT(2) 
PARAMETRIC_REPRESENTATION_CONTEXT() REPRESENTATION_CONTEXT('2D SPACE',''
  ) );
#4650 = ORIENTED_EDGE('',*,*,#4651,.F.);
#4651 = EDGE_CURVE('',#4629,#4629,#4652,.T.);
#4652 = SURFACE_CURVE('',#4653,(#4658,#4665),.PCURVE_S1.);
#4653 = CIRCLE('',#4654,1.25);
#4654 = AXIS2_PLACEMENT_3D('',#4655,#4656,#4657);
#4655 = CARTESIAN_POINT('',(-5.970153145843E-15,-32.5,43.));
#4656 = DIRECTION('',(0.,0.,1.));
#4657 = DIRECTION('',(1.,0.,-0.));
#4658 = PCURVE('',#4317,#4659);
#4659 = DEFINITIONAL_REPRESENTATION('',(#4660),#4664);
#4660 = LINE('',#4661,#4662);
#4661 = CARTESIAN_POINT('',(0.,8.1));
#4662 = VECTOR('',#4663,1.);
#4663 = DIRECTION('',(1.,0.));
#4664 = ( GEOMETRIC_REPRESENTATION_CONTEXT(2) 
PARAMETRIC_REPRESENTATION_CONTEXT() REPRESENTATION_CONTEXT('2D SPACE',''
  ) );
#4665 = PCURVE('',#4666,#4671);
#4666 = PLANE('',#4667);
#4667 = AXIS2_PLACEMENT_3D('',#4668,#4669,#4670);
#4668 = CARTESIAN_POINT('',(-5.970153145843E-15,-32.5,43.));
#4669 = DIRECTION('',(0.,0.,1.));
#4670 = DIRECTION('',(1.,0.,-0.));
#4671 = DEFINITIONAL_REPRESENTATION('',(#4672),#4676);
#4672 = CIRCLE('',#4673,1.25);
#4673 = AXIS2_PLACEMENT_2D('',#4674,#4675);
#4674 = CARTESIAN_POINT('',(0.,0.));
#4675 = DIRECTION('',(1.,0.));
#4676 = ( GEOMETRIC_REPRESENTATION_CONTEXT(2) 
PARAMETRIC_REPRESENTATION_CONTEXT() REPRESENTATION_CONTEXT('2D SPACE',''
  ) );
#4677 = ORIENTED_EDGE('',*,*,#4628,.F.);
#4678 = ORIENTED_EDGE('',*,*,#4300,.T.);
#4679 = ADVANCED_FACE('',(#4680),#4348,.F.);
#4680 = FACE_BOUND('',#4681,.F.);
#4681 = EDGE_LOOP('',(#4682,#4705,#4732,#4733));
#4682 = ORIENTED_EDGE('',*,*,#4683,.T.);
#4683 = EDGE_CURVE('',#4332,#4684,#4686,.T.);
#4684 = VERTEX_POINT('',#4685);
#4685 = CARTESIAN_POINT('',(-26.89582562299,-16.25,43.));
#4686 = SEAM_CURVE('',#4687,(#4691,#4698),.PCURVE_S1.);
#4687 = LINE('',#4688,#4689);
#4688 = CARTESIAN_POINT('',(-26.89582562299,-16.25,34.9));
#4689 = VECTOR('',#4690,1.);
#4690 = DIRECTION('',(0.,0.,1.));
#4691 = PCURVE('',#4348,#4692);
#4692 = DEFINITIONAL_REPRESENTATION('',(#4693),#4697);
#4693 = LINE('',#4694,#4695);
#4694 = CARTESIAN_POINT('',(6.28318530718,-0.));
#4695 = VECTOR('',#4696,1.);
#4696 = DIRECTION('',(0.,1.));
#4697 = ( GEOMETRIC_REPRESENTATION_CONTEXT(2) 
PARAMETRIC_REPRESENTATION_CONTEXT() REPRESENTATION_CONTEXT('2D SPACE',''
  ) );
#4698 = PCURVE('',#4348,#4699);
#4699 = DEFINITIONAL_REPRESENTATION('',(#4700),#4704);
#4700 = LINE('',#4701,#4702);
#4701 = CARTESIAN_POINT('',(0.,-0.));
#4702 = VECTOR('',#4703,1.);
#4703 = DIRECTION('',(0.,1.));
#4704 = ( GEOMETRIC_REPRESENTATION_CONTEXT(2) 
PARAMETRIC_REPRESENTATION_CONTEXT() REPRESENTATION_CONTEXT('2D SPACE',''
  ) );
#4705 = ORIENTED_EDGE('',*,*,#4706,.F.);
#4706 = EDGE_CURVE('',#4684,#4684,#4707,.T.);
#4707 = SURFACE_CURVE('',#4708,(#4713,#4720),.PCURVE_S1.);
#4708 = CIRCLE('',#4709,1.25);
#4709 = AXIS2_PLACEMENT_3D('',#4710,#4711,#4712);
#4710 = CARTESIAN_POINT('',(-28.14582562299,-16.25,43.));
#4711 = DIRECTION('',(0.,0.,1.));
#4712 = DIRECTION('',(1.,0.,-0.));
#4713 = PCURVE('',#4348,#4714);
#4714 = DEFINITIONAL_REPRESENTATION('',(#4715),#4719);
#4715 = LINE('',#4716,#4717);
#4716 = CARTESIAN_POINT('',(0.,8.1));
#4717 = VECTOR('',#4718,1.);
#4718 = DIRECTION('',(1.,0.));
#4719 = ( GEOMETRIC_REPRESENTATION_CONTEXT(2) 
PARAMETRIC_REPRESENTATION_CONTEXT() REPRESENTATION_CONTEXT('2D SPACE',''
  ) );
#4720 = PCURVE('',#4721,#4726);
#4721 = PLANE('',#4722);
#4722 = AXIS2_PLACEMENT_3D('',#4723,#4724,#4725);
#4723 = CARTESIAN_POINT('',(-28.14582562299,-16.25,43.));
#4724 = DIRECTION('',(0.,0.,1.));
#4725 = DIRECTION('',(1.,0.,-0.));
#4726 = DEFINITIONAL_REPRESENTATION('',(#4727),#4731);
#4727 = CIRCLE('',#4728,1.25);
#4728 = AXIS2_PLACEMENT_2D('',#4729,#4730);
#4729 = CARTESIAN_POINT('',(0.,0.));
#4730 = DIRECTION('',(1.,0.));
#4731 = ( GEOMETRIC_REPRESENTATION_CONTEXT(2) 
PARAMETRIC_REPRESENTATION_CONTEXT() REPRESENTATION_CONTEXT('2D SPACE',''
  ) );
#4732 = ORIENTED_EDGE('',*,*,#4683,.F.);
#4733 = ORIENTED_EDGE('',*,*,#4331,.T.);
#4734 = ADVANCED_FACE('',(#4735),#4379,.F.);
#4735 = FACE_BOUND('',#4736,.F.);
#4736 = EDGE_LOOP('',(#4737,#4760,#4787,#4788));
#4737 = ORIENTED_EDGE('',*,*,#4738,.T.);
#4738 = EDGE_CURVE('',#4363,#4739,#4741,.T.);
#4739 = VERTEX_POINT('',#4740);
#4740 = CARTESIAN_POINT('',(29.395825622994,-16.25,43.));
#4741 = SEAM_CURVE('',#4742,(#4746,#4753),.PCURVE_S1.);
#4742 = LINE('',#4743,#4744);
#4743 = CARTESIAN_POINT('',(29.395825622994,-16.25,34.9));
#4744 = VECTOR('',#4745,1.);
#4745 = DIRECTION('',(0.,0.,1.));
#4746 = PCURVE('',#4379,#4747);
#4747 = DEFINITIONAL_REPRESENTATION('',(#4748),#4752);
#4748 = LINE('',#4749,#4750);
#4749 = CARTESIAN_POINT('',(6.28318530718,-0.));
#4750 = VECTOR('',#4751,1.);
#4751 = DIRECTION('',(0.,1.));
#4752 = ( GEOMETRIC_REPRESENTATION_CONTEXT(2) 
PARAMETRIC_REPRESENTATION_CONTEXT() REPRESENTATION_CONTEXT('2D SPACE',''
  ) );
#4753 = PCURVE('',#4379,#4754);
#4754 = DEFINITIONAL_REPRESENTATION('',(#4755),#4759);
#4755 = LINE('',#4756,#4757);
#4756 = CARTESIAN_POINT('',(0.,-0.));
#4757 = VECTOR('',#4758,1.);
#4758 = DIRECTION('',(0.,1.));
#4759 = ( GEOMETRIC_REPRESENTATION_CONTEXT(2) 
PARAMETRIC_REPRESENTATION_CONTEXT() REPRESENTATION_CONTEXT('2D SPACE',''
  ) );
#4760 = ORIENTED_EDGE('',*,*,#4761,.F.);
#4761 = EDGE_CURVE('',#4739,#4739,#4762,.T.);
#4762 = SURFACE_CURVE('',#4763,(#4768,#4775),.PCURVE_S1.);
#4763 = CIRCLE('',#4764,1.25);
#4764 = AXIS2_PLACEMENT_3D('',#4765,#4766,#4767);
#4765 = CARTESIAN_POINT('',(28.145825622994,-16.25,43.));
#4766 = DIRECTION('',(0.,0.,1.));
#4767 = DIRECTION('',(1.,0.,-0.));
#4768 = PCURVE('',#4379,#4769);
#4769 = DEFINITIONAL_REPRESENTATION('',(#4770),#4774);
#4770 = LINE('',#4771,#4772);
#4771 = CARTESIAN_POINT('',(0.,8.1));
#4772 = VECTOR('',#4773,1.);
#4773 = DIRECTION('',(1.,0.));
#4774 = ( GEOMETRIC_REPRESENTATION_CONTEXT(2) 
PARAMETRIC_REPRESENTATION_CONTEXT() REPRESENTATION_CONTEXT('2D SPACE',''
  ) );
#4775 = PCURVE('',#4776,#4781);
#4776 = PLANE('',#4777);
#4777 = AXIS2_PLACEMENT_3D('',#4778,#4779,#4780);
#4778 = CARTESIAN_POINT('',(28.145825622994,-16.25,43.));
#4779 = DIRECTION('',(0.,0.,1.));
#4780 = DIRECTION('',(1.,0.,-0.));
#4781 = DEFINITIONAL_REPRESENTATION('',(#4782),#4786);
#4782 = CIRCLE('',#4783,1.25);
#4783 = AXIS2_PLACEMENT_2D('',#4784,#4785);
#4784 = CARTESIAN_POINT('',(0.,0.));
#4785 = DIRECTION('',(1.,0.));
#4786 = ( GEOMETRIC_REPRESENTATION_CONTEXT(2) 
PARAMETRIC_REPRESENTATION_CONTEXT() REPRESENTATION_CONTEXT('2D SPACE',''
  ) );
#4787 = ORIENTED_EDGE('',*,*,#4738,.F.);
#4788 = ORIENTED_EDGE('',*,*,#4362,.T.);
#4789 = ADVANCED_FACE('',(#4790),#4410,.F.);
#4790 = FACE_BOUND('',#4791,.F.);
#4791 = EDGE_LOOP('',(#4792,#4815,#4842,#4843));
#4792 = ORIENTED_EDGE('',*,*,#4793,.T.);
#4793 = EDGE_CURVE('',#4394,#4794,#4796,.T.);
#4794 = VERTEX_POINT('',#4795);
#4795 = CARTESIAN_POINT('',(-26.89582562299,16.25,43.));
#4796 = SEAM_CURVE('',#4797,(#4801,#4808),.PCURVE_S1.);
#4797 = LINE('',#4798,#4799);
#4798 = CARTESIAN_POINT('',(-26.89582562299,16.25,34.9));
#4799 = VECTOR('',#4800,1.);
#4800 = DIRECTION('',(0.,0.,1.));
#4801 = PCURVE('',#4410,#4802);
#4802 = DEFINITIONAL_REPRESENTATION('',(#4803),#4807);
#4803 = LINE('',#4804,#4805);
#4804 = CARTESIAN_POINT('',(6.28318530718,-0.));
#4805 = VECTOR('',#4806,1.);
#4806 = DIRECTION('',(0.,1.));
#4807 = ( GEOMETRIC_REPRESENTATION_CONTEXT(2) 
PARAMETRIC_REPRESENTATION_CONTEXT() REPRESENTATION_CONTEXT('2D SPACE',''
  ) );
#4808 = PCURVE('',#4410,#4809);
#4809 = DEFINITIONAL_REPRESENTATION('',(#4810),#4814);
#4810 = LINE('',#4811,#4812);
#4811 = CARTESIAN_POINT('',(0.,-0.));
#4812 = VECTOR('',#4813,1.);
#4813 = DIRECTION('',(0.,1.));
#4814 = ( GEOMETRIC_REPRESENTATION_CONTEXT(2) 
PARAMETRIC_REPRESENTATION_CONTEXT() REPRESENTATION_CONTEXT('2D SPACE',''
  ) );
#4815 = ORIENTED_EDGE('',*,*,#4816,.F.);
#4816 = EDGE_CURVE('',#4794,#4794,#4817,.T.);
#4817 = SURFACE_CURVE('',#4818,(#4823,#4830),.PCURVE_S1.);
#4818 = CIRCLE('',#4819,1.25);
#4819 = AXIS2_PLACEMENT_3D('',#4820,#4821,#4822);
#4820 = CARTESIAN_POINT('',(-28.14582562299,16.25,43.));
#4821 = DIRECTION('',(0.,0.,1.));
#4822 = DIRECTION('',(1.,0.,-0.));
#4823 = PCURVE('',#4410,#4824);
#4824 = DEFINITIONAL_REPRESENTATION('',(#4825),#4829);
#4825 = LINE('',#4826,#4827);
#4826 = CARTESIAN_POINT('',(0.,8.1));
#4827 = VECTOR('',#4828,1.);
#4828 = DIRECTION('',(1.,0.));
#4829 = ( GEOMETRIC_REPRESENTATION_CONTEXT(2) 
PARAMETRIC_REPRESENTATION_CONTEXT() REPRESENTATION_CONTEXT('2D SPACE',''
  ) );
#4830 = PCURVE('',#4831,#4836);
#4831 = PLANE('',#4832);
#4832 = AXIS2_PLACEMENT_3D('',#4833,#4834,#4835);
#4833 = CARTESIAN_POINT('',(-28.14582562299,16.25,43.));
#4834 = DIRECTION('',(0.,0.,1.));
#4835 = DIRECTION('',(1.,0.,-0.));
#4836 = DEFINITIONAL_REPRESENTATION('',(#4837),#4841);
#4837 = CIRCLE('',#4838,1.25);
#4838 = AXIS2_PLACEMENT_2D('',#4839,#4840);
#4839 = CARTESIAN_POINT('',(0.,0.));
#4840 = DIRECTION('',(1.,0.));
#4841 = ( GEOMETRIC_REPRESENTATION_CONTEXT(2) 
PARAMETRIC_REPRESENTATION_CONTEXT() REPRESENTATION_CONTEXT('2D SPACE',''
  ) );
#4842 = ORIENTED_EDGE('',*,*,#4793,.F.);
#4843 = ORIENTED_EDGE('',*,*,#4393,.T.);
#4844 = ADVANCED_FACE('',(#4845),#4441,.F.);
#4845 = FACE_BOUND('',#4846,.F.);
#4846 = EDGE_LOOP('',(#4847,#4870,#4897,#4898));
#4847 = ORIENTED_EDGE('',*,*,#4848,.T.);
#4848 = EDGE_CURVE('',#4425,#4849,#4851,.T.);
#4849 = VERTEX_POINT('',#4850);
#4850 = CARTESIAN_POINT('',(29.,-7.102951435055E-15,46.));
#4851 = SEAM_CURVE('',#4852,(#4856,#4863),.PCURVE_S1.);
#4852 = LINE('',#4853,#4854);
#4853 = CARTESIAN_POINT('',(29.,-7.102951435055E-15,34.9));
#4854 = VECTOR('',#4855,1.);
#4855 = DIRECTION('',(0.,0.,1.));
#4856 = PCURVE('',#4441,#4857);
#4857 = DEFINITIONAL_REPRESENTATION('',(#4858),#4862);
#4858 = LINE('',#4859,#4860);
#4859 = CARTESIAN_POINT('',(6.28318530718,-0.));
#4860 = VECTOR('',#4861,1.);
#4861 = DIRECTION('',(0.,1.));
#4862 = ( GEOMETRIC_REPRESENTATION_CONTEXT(2) 
PARAMETRIC_REPRESENTATION_CONTEXT() REPRESENTATION_CONTEXT('2D SPACE',''
  ) );
#4863 = PCURVE('',#4441,#4864);
#4864 = DEFINITIONAL_REPRESENTATION('',(#4865),#4869);
#4865 = LINE('',#4866,#4867);
#4866 = CARTESIAN_POINT('',(0.,-0.));
#4867 = VECTOR('',#4868,1.);
#4868 = DIRECTION('',(0.,1.));
#4869 = ( GEOMETRIC_REPRESENTATION_CONTEXT(2) 
PARAMETRIC_REPRESENTATION_CONTEXT() REPRESENTATION_CONTEXT('2D SPACE',''
  ) );
#4870 = ORIENTED_EDGE('',*,*,#4871,.F.);
#4871 = EDGE_CURVE('',#4849,#4849,#4872,.T.);
#4872 = SURFACE_CURVE('',#4873,(#4878,#4885),.PCURVE_S1.);
#4873 = CIRCLE('',#4874,29.);
#4874 = AXIS2_PLACEMENT_3D('',#4875,#4876,#4877);
#4875 = CARTESIAN_POINT('',(0.,0.,46.));
#4876 = DIRECTION('',(0.,0.,1.));
#4877 = DIRECTION('',(1.,0.,-0.));
#4878 = PCURVE('',#4441,#4879);
#4879 = DEFINITIONAL_REPRESENTATION('',(#4880),#4884);
#4880 = LINE('',#4881,#4882);
#4881 = CARTESIAN_POINT('',(0.,11.1));
#4882 = VECTOR('',#4883,1.);
#4883 = DIRECTION('',(1.,0.));
#4884 = ( GEOMETRIC_REPRESENTATION_CONTEXT(2) 
PARAMETRIC_REPRESENTATION_CONTEXT() REPRESENTATION_CONTEXT('2D SPACE',''
  ) );
#4885 = PCURVE('',#4886,#4891);
#4886 = PLANE('',#4887);
#4887 = AXIS2_PLACEMENT_3D('',#4888,#4889,#4890);
#4888 = CARTESIAN_POINT('',(0.,0.,46.));
#4889 = DIRECTION('',(0.,0.,1.));
#4890 = DIRECTION('',(1.,0.,-0.));
#4891 = DEFINITIONAL_REPRESENTATION('',(#4892),#4896);
#4892 = CIRCLE('',#4893,29.);
#4893 = AXIS2_PLACEMENT_2D('',#4894,#4895);
#4894 = CARTESIAN_POINT('',(0.,0.));
#4895 = DIRECTION('',(1.,0.));
#4896 = ( GEOMETRIC_REPRESENTATION_CONTEXT(2) 
PARAMETRIC_REPRESENTATION_CONTEXT() REPRESENTATION_CONTEXT('2D SPACE',''
  ) );
#4897 = ORIENTED_EDGE('',*,*,#4848,.F.);
#4898 = ORIENTED_EDGE('',*,*,#4424,.T.);
#4899 = ADVANCED_FACE('',(#4900),#4472,.F.);
#4900 = FACE_BOUND('',#4901,.F.);
#4901 = EDGE_LOOP('',(#4902,#4925,#4952,#4953));
#4902 = ORIENTED_EDGE('',*,*,#4903,.T.);
#4903 = EDGE_CURVE('',#4456,#4904,#4906,.T.);
#4904 = VERTEX_POINT('',#4905);
#4905 = CARTESIAN_POINT('',(29.395825622994,16.25,43.));
#4906 = SEAM_CURVE('',#4907,(#4911,#4918),.PCURVE_S1.);
#4907 = LINE('',#4908,#4909);
#4908 = CARTESIAN_POINT('',(29.395825622994,16.25,34.9));
#4909 = VECTOR('',#4910,1.);
#4910 = DIRECTION('',(0.,0.,1.));
#4911 = PCURVE('',#4472,#4912);
#4912 = DEFINITIONAL_REPRESENTATION('',(#4913),#4917);
#4913 = LINE('',#4914,#4915);
#4914 = CARTESIAN_POINT('',(6.28318530718,-0.));
#4915 = VECTOR('',#4916,1.);
#4916 = DIRECTION('',(0.,1.));
#4917 = ( GEOMETRIC_REPRESENTATION_CONTEXT(2) 
PARAMETRIC_REPRESENTATION_CONTEXT() REPRESENTATION_CONTEXT('2D SPACE',''
  ) );
#4918 = PCURVE('',#4472,#4919);
#4919 = DEFINITIONAL_REPRESENTATION('',(#4920),#4924);
#4920 = LINE('',#4921,#4922);
#4921 = CARTESIAN_POINT('',(0.,-0.));
#4922 = VECTOR('',#4923,1.);
#4923 = DIRECTION('',(0.,1.));
#4924 = ( GEOMETRIC_REPRESENTATION_CONTEXT(2) 
PARAMETRIC_REPRESENTATION_CONTEXT() REPRESENTATION_CONTEXT('2D SPACE',''
  ) );
#4925 = ORIENTED_EDGE('',*,*,#4926,.F.);
#4926 = EDGE_CURVE('',#4904,#4904,#4927,.T.);
#4927 = SURFACE_CURVE('',#4928,(#4933,#4940),.PCURVE_S1.);
#4928 = CIRCLE('',#4929,1.25);
#4929 = AXIS2_PLACEMENT_3D('',#4930,#4931,#4932);
#4930 = CARTESIAN_POINT('',(28.145825622994,16.25,43.));
#4931 = DIRECTION('',(0.,0.,1.));
#4932 = DIRECTION('',(1.,0.,-0.));
#4933 = PCURVE('',#4472,#4934);
#4934 = DEFINITIONAL_REPRESENTATION('',(#4935),#4939);
#4935 = LINE('',#4936,#4937);
#4936 = CARTESIAN_POINT('',(0.,8.1));
#4937 = VECTOR('',#4938,1.);
#4938 = DIRECTION('',(1.,0.));
#4939 = ( GEOMETRIC_REPRESENTATION_CONTEXT(2) 
PARAMETRIC_REPRESENTATION_CONTEXT() REPRESENTATION_CONTEXT('2D SPACE',''
  ) );
#4940 = PCURVE('',#4941,#4946);
#4941 = PLANE('',#4942);
#4942 = AXIS2_PLACEMENT_3D('',#4943,#4944,#4945);
#4943 = CARTESIAN_POINT('',(28.145825622994,16.25,43.));
#4944 = DIRECTION('',(0.,0.,1.));
#4945 = DIRECTION('',(1.,0.,-0.));
#4946 = DEFINITIONAL_REPRESENTATION('',(#4947),#4951);
#4947 = CIRCLE('',#4948,1.25);
#4948 = AXIS2_PLACEMENT_2D('',#4949,#4950);
#4949 = CARTESIAN_POINT('',(0.,0.));
#4950 = DIRECTION('',(1.,0.));
#4951 = ( GEOMETRIC_REPRESENTATION_CONTEXT(2) 
PARAMETRIC_REPRESENTATION_CONTEXT() REPRESENTATION_CONTEXT('2D SPACE',''
  ) );
#4952 = ORIENTED_EDGE('',*,*,#4903,.F.);
#4953 = ORIENTED_EDGE('',*,*,#4455,.T.);
#4954 = ADVANCED_FACE('',(#4955),#4503,.F.);
#4955 = FACE_BOUND('',#4956,.F.);
#4956 = EDGE_LOOP('',(#4957,#4980,#5007,#5008));
#4957 = ORIENTED_EDGE('',*,*,#4958,.T.);
#4958 = EDGE_CURVE('',#4487,#4959,#4961,.T.);
#4959 = VERTEX_POINT('',#4960);
#4960 = CARTESIAN_POINT('',(1.25,32.5,43.));
#4961 = SEAM_CURVE('',#4962,(#4966,#4973),.PCURVE_S1.);
#4962 = LINE('',#4963,#4964);
#4963 = CARTESIAN_POINT('',(1.25,32.5,34.9));
#4964 = VECTOR('',#4965,1.);
#4965 = DIRECTION('',(0.,0.,1.));
#4966 = PCURVE('',#4503,#4967);
#4967 = DEFINITIONAL_REPRESENTATION('',(#4968),#4972);
#4968 = LINE('',#4969,#4970);
#4969 = CARTESIAN_POINT('',(6.28318530718,-0.));
#4970 = VECTOR('',#4971,1.);
#4971 = DIRECTION('',(0.,1.));
#4972 = ( GEOMETRIC_REPRESENTATION_CONTEXT(2) 
PARAMETRIC_REPRESENTATION_CONTEXT() REPRESENTATION_CONTEXT('2D SPACE',''
  ) );
#4973 = PCURVE('',#4503,#4974);
#4974 = DEFINITIONAL_REPRESENTATION('',(#4975),#4979);
#4975 = LINE('',#4976,#4977);
#4976 = CARTESIAN_POINT('',(0.,-0.));
#4977 = VECTOR('',#4978,1.);
#4978 = DIRECTION('',(0.,1.));
#4979 = ( GEOMETRIC_REPRESENTATION_CONTEXT(2) 
PARAMETRIC_REPRESENTATION_CONTEXT() REPRESENTATION_CONTEXT('2D SPACE',''
  ) );
#4980 = ORIENTED_EDGE('',*,*,#4981,.F.);
#4981 = EDGE_CURVE('',#4959,#4959,#4982,.T.);
#4982 = SURFACE_CURVE('',#4983,(#4988,#4995),.PCURVE_S1.);
#4983 = CIRCLE('',#4984,1.25);
#4984 = AXIS2_PLACEMENT_3D('',#4985,#4986,#4987);
#4985 = CARTESIAN_POINT('',(1.990051048614E-15,32.5,43.));
#4986 = DIRECTION('',(0.,0.,1.));
#4987 = DIRECTION('',(1.,0.,-0.));
#4988 = PCURVE('',#4503,#4989);
#4989 = DEFINITIONAL_REPRESENTATION('',(#4990),#4994);
#4990 = LINE('',#4991,#4992);
#4991 = CARTESIAN_POINT('',(0.,8.1));
#4992 = VECTOR('',#4993,1.);
#4993 = DIRECTION('',(1.,0.));
#4994 = ( GEOMETRIC_REPRESENTATION_CONTEXT(2) 
PARAMETRIC_REPRESENTATION_CONTEXT() REPRESENTATION_CONTEXT('2D SPACE',''
  ) );
#4995 = PCURVE('',#4996,#5001);
#4996 = PLANE('',#4997);
#4997 = AXIS2_PLACEMENT_3D('',#4998,#4999,#5000);
#4998 = CARTESIAN_POINT('',(1.990051048614E-15,32.5,43.));
#4999 = DIRECTION('',(0.,0.,1.));
#5000 = DIRECTION('',(1.,0.,-0.));
#5001 = DEFINITIONAL_REPRESENTATION('',(#5002),#5006);
#5002 = CIRCLE('',#5003,1.25);
#5003 = AXIS2_PLACEMENT_2D('',#5004,#5005);
#5004 = CARTESIAN_POINT('',(0.,0.));
#5005 = DIRECTION('',(1.,0.));
#5006 = ( GEOMETRIC_REPRESENTATION_CONTEXT(2) 
PARAMETRIC_REPRESENTATION_CONTEXT() REPRESENTATION_CONTEXT('2D SPACE',''
  ) );
#5007 = ORIENTED_EDGE('',*,*,#4958,.F.);
#5008 = ORIENTED_EDGE('',*,*,#4486,.T.);
#5009 = ADVANCED_FACE('',(#5010),#4554,.F.);
#5010 = FACE_BOUND('',#5011,.F.);
#5011 = EDGE_LOOP('',(#5012,#5013,#5036,#5063));
#5012 = ORIENTED_EDGE('',*,*,#4537,.F.);
#5013 = ORIENTED_EDGE('',*,*,#5014,.F.);
#5014 = EDGE_CURVE('',#5015,#4538,#5017,.T.);
#5015 = VERTEX_POINT('',#5016);
#5016 = CARTESIAN_POINT('',(32.4,-7.935711258475E-15,59.7));
#5017 = SEAM_CURVE('',#5018,(#5022,#5029),.PCURVE_S1.);
#5018 = LINE('',#5019,#5020);
#5019 = CARTESIAN_POINT('',(32.4,-7.935711258475E-15,59.7));
#5020 = VECTOR('',#5021,1.);
#5021 = DIRECTION('',(0.,0.,1.));
#5022 = PCURVE('',#4554,#5023);
#5023 = DEFINITIONAL_REPRESENTATION('',(#5024),#5028);
#5024 = LINE('',#5025,#5026);
#5025 = CARTESIAN_POINT('',(6.28318530718,-0.));
#5026 = VECTOR('',#5027,1.);
#5027 = DIRECTION('',(0.,1.));
#5028 = ( GEOMETRIC_REPRESENTATION_CONTEXT(2) 
PARAMETRIC_REPRESENTATION_CONTEXT() REPRESENTATION_CONTEXT('2D SPACE',''
  ) );
#5029 = PCURVE('',#4554,#5030);
#5030 = DEFINITIONAL_REPRESENTATION('',(#5031),#5035);
#5031 = LINE('',#5032,#5033);
#5032 = CARTESIAN_POINT('',(0.,-0.));
#5033 = VECTOR('',#5034,1.);
#5034 = DIRECTION('',(0.,1.));
#5035 = ( GEOMETRIC_REPRESENTATION_CONTEXT(2) 
PARAMETRIC_REPRESENTATION_CONTEXT() REPRESENTATION_CONTEXT('2D SPACE',''
  ) );
#5036 = ORIENTED_EDGE('',*,*,#5037,.T.);
#5037 = EDGE_CURVE('',#5015,#5015,#5038,.T.);
#5038 = SURFACE_CURVE('',#5039,(#5044,#5051),.PCURVE_S1.);
#5039 = CIRCLE('',#5040,32.4);
#5040 = AXIS2_PLACEMENT_3D('',#5041,#5042,#5043);
#5041 = CARTESIAN_POINT('',(0.,0.,59.7));
#5042 = DIRECTION('',(0.,0.,1.));
#5043 = DIRECTION('',(1.,0.,-0.));
#5044 = PCURVE('',#4554,#5045);
#5045 = DEFINITIONAL_REPRESENTATION('',(#5046),#5050);
#5046 = LINE('',#5047,#5048);
#5047 = CARTESIAN_POINT('',(0.,0.));
#5048 = VECTOR('',#5049,1.);
#5049 = DIRECTION('',(1.,0.));
#5050 = ( GEOMETRIC_REPRESENTATION_CONTEXT(2) 
PARAMETRIC_REPRESENTATION_CONTEXT() REPRESENTATION_CONTEXT('2D SPACE',''
  ) );
#5051 = PCURVE('',#5052,#5057);
#5052 = PLANE('',#5053);
#5053 = AXIS2_PLACEMENT_3D('',#5054,#5055,#5056);
#5054 = CARTESIAN_POINT('',(0.,0.,59.7));
#5055 = DIRECTION('',(0.,0.,1.));
#5056 = DIRECTION('',(1.,0.,-0.));
#5057 = DEFINITIONAL_REPRESENTATION('',(#5058),#5062);
#5058 = CIRCLE('',#5059,32.4);
#5059 = AXIS2_PLACEMENT_2D('',#5060,#5061);
#5060 = CARTESIAN_POINT('',(0.,0.));
#5061 = DIRECTION('',(1.,0.));
#5062 = ( GEOMETRIC_REPRESENTATION_CONTEXT(2) 
PARAMETRIC_REPRESENTATION_CONTEXT() REPRESENTATION_CONTEXT('2D SPACE',''
  ) );
#5063 = ORIENTED_EDGE('',*,*,#5014,.T.);
#5064 = ADVANCED_FACE('',(#5065,#5068),#4611,.F.);
#5065 = FACE_BOUND('',#5066,.F.);
#5066 = EDGE_LOOP('',(#5067));
#5067 = ORIENTED_EDGE('',*,*,#4596,.T.);
#5068 = FACE_BOUND('',#5069,.F.);
#5069 = EDGE_LOOP('',(#5070));
#5070 = ORIENTED_EDGE('',*,*,#5071,.F.);
#5071 = EDGE_CURVE('',#5072,#5072,#5074,.T.);
#5072 = VERTEX_POINT('',#5073);
#5073 = CARTESIAN_POINT('',(-44.,-8.572527594031E-16,48.5));
#5074 = SURFACE_CURVE('',#5075,(#5080,#5087),.PCURVE_S1.);
#5075 = CIRCLE('',#5076,3.5);
#5076 = AXIS2_PLACEMENT_3D('',#5077,#5078,#5079);
#5077 = CARTESIAN_POINT('',(-44.,0.,52.));
#5078 = DIRECTION('',(1.,0.,2.22044604925E-16));
#5079 = DIRECTION('',(2.22044604925E-16,0.,-1.));
#5080 = PCURVE('',#4611,#5081);
#5081 = DEFINITIONAL_REPRESENTATION('',(#5082),#5086);
#5082 = CIRCLE('',#5083,3.5);
#5083 = AXIS2_PLACEMENT_2D('',#5084,#5085);
#5084 = CARTESIAN_POINT('',(0.,0.));
#5085 = DIRECTION('',(1.,0.));
#5086 = ( GEOMETRIC_REPRESENTATION_CONTEXT(2) 
PARAMETRIC_REPRESENTATION_CONTEXT() REPRESENTATION_CONTEXT('2D SPACE',''
  ) );
#5087 = PCURVE('',#5088,#5093);
#5088 = CYLINDRICAL_SURFACE('',#5089,3.5);
#5089 = AXIS2_PLACEMENT_3D('',#5090,#5091,#5092);
#5090 = CARTESIAN_POINT('',(-45.,0.,52.));
#5091 = DIRECTION('',(1.,0.,2.22044604925E-16));
#5092 = DIRECTION('',(2.22044604925E-16,0.,-1.));
#5093 = DEFINITIONAL_REPRESENTATION('',(#5094),#5098);
#5094 = LINE('',#5095,#5096);
#5095 = CARTESIAN_POINT('',(0.,1.));
#5096 = VECTOR('',#5097,1.);
#5097 = DIRECTION('',(1.,0.));
#5098 = ( GEOMETRIC_REPRESENTATION_CONTEXT(2) 
PARAMETRIC_REPRESENTATION_CONTEXT() REPRESENTATION_CONTEXT('2D SPACE',''
  ) );
#5099 = ADVANCED_FACE('',(#5100),#4666,.F.);
#5100 = FACE_BOUND('',#5101,.F.);
#5101 = EDGE_LOOP('',(#5102));
#5102 = ORIENTED_EDGE('',*,*,#4651,.T.);
#5103 = ADVANCED_FACE('',(#5104),#4721,.F.);
#5104 = FACE_BOUND('',#5105,.F.);
#5105 = EDGE_LOOP('',(#5106));
#5106 = ORIENTED_EDGE('',*,*,#4706,.T.);
#5107 = ADVANCED_FACE('',(#5108),#4776,.F.);
#5108 = FACE_BOUND('',#5109,.F.);
#5109 = EDGE_LOOP('',(#5110));
#5110 = ORIENTED_EDGE('',*,*,#4761,.T.);
#5111 = ADVANCED_FACE('',(#5112),#4831,.F.);
#5112 = FACE_BOUND('',#5113,.F.);
#5113 = EDGE_LOOP('',(#5114));
#5114 = ORIENTED_EDGE('',*,*,#4816,.T.);
#5115 = ADVANCED_FACE('',(#5116,#5119),#4886,.F.);
#5116 = FACE_BOUND('',#5117,.F.);
#5117 = EDGE_LOOP('',(#5118));
#5118 = ORIENTED_EDGE('',*,*,#4871,.T.);
#5119 = FACE_BOUND('',#5120,.F.);
#5120 = EDGE_LOOP('',(#5121));
#5121 = ORIENTED_EDGE('',*,*,#5122,.F.);
#5122 = EDGE_CURVE('',#5123,#5123,#5125,.T.);
#5123 = VERTEX_POINT('',#5124);
#5124 = CARTESIAN_POINT('',(25.,-6.123233995737E-15,46.));
#5125 = SURFACE_CURVE('',#5126,(#5131,#5138),.PCURVE_S1.);
#5126 = CIRCLE('',#5127,25.);
#5127 = AXIS2_PLACEMENT_3D('',#5128,#5129,#5130);
#5128 = CARTESIAN_POINT('',(0.,0.,46.));
#5129 = DIRECTION('',(0.,0.,1.));
#5130 = DIRECTION('',(1.,0.,-0.));
#5131 = PCURVE('',#4886,#5132);
#5132 = DEFINITIONAL_REPRESENTATION('',(#5133),#5137);
#5133 = CIRCLE('',#5134,25.);
#5134 = AXIS2_PLACEMENT_2D('',#5135,#5136);
#5135 = CARTESIAN_POINT('',(0.,0.));
#5136 = DIRECTION('',(1.,0.));
#5137 = ( GEOMETRIC_REPRESENTATION_CONTEXT(2) 
PARAMETRIC_REPRESENTATION_CONTEXT() REPRESENTATION_CONTEXT('2D SPACE',''
  ) );
#5138 = PCURVE('',#5139,#5144);
#5139 = CYLINDRICAL_SURFACE('',#5140,25.);
#5140 = AXIS2_PLACEMENT_3D('',#5141,#5142,#5143);
#5141 = CARTESIAN_POINT('',(0.,0.,45.9));
#5142 = DIRECTION('',(0.,0.,1.));
#5143 = DIRECTION('',(1.,0.,-0.));
#5144 = DEFINITIONAL_REPRESENTATION('',(#5145),#5149);
#5145 = LINE('',#5146,#5147);
#5146 = CARTESIAN_POINT('',(0.,0.1));
#5147 = VECTOR('',#5148,1.);
#5148 = DIRECTION('',(1.,0.));
#5149 = ( GEOMETRIC_REPRESENTATION_CONTEXT(2) 
PARAMETRIC_REPRESENTATION_CONTEXT() REPRESENTATION_CONTEXT('2D SPACE',''
  ) );
#5150 = ADVANCED_FACE('',(#5151),#4941,.F.);
#5151 = FACE_BOUND('',#5152,.F.);
#5152 = EDGE_LOOP('',(#5153));
#5153 = ORIENTED_EDGE('',*,*,#4926,.T.);
#5154 = ADVANCED_FACE('',(#5155),#4996,.F.);
#5155 = FACE_BOUND('',#5156,.F.);
#5156 = EDGE_LOOP('',(#5157));
#5157 = ORIENTED_EDGE('',*,*,#4981,.T.);
#5158 = ADVANCED_FACE('',(#5159,#5162),#5052,.T.);
#5159 = FACE_BOUND('',#5160,.T.);
#5160 = EDGE_LOOP('',(#5161));
#5161 = ORIENTED_EDGE('',*,*,#5037,.T.);
#5162 = FACE_BOUND('',#5163,.T.);
#5163 = EDGE_LOOP('',(#5164));
#5164 = ORIENTED_EDGE('',*,*,#5165,.F.);
#5165 = EDGE_CURVE('',#5166,#5166,#5168,.T.);
#5166 = VERTEX_POINT('',#5167);
#5167 = CARTESIAN_POINT('',(30.,-7.347880794884E-15,59.7));
#5168 = SURFACE_CURVE('',#5169,(#5174,#5181),.PCURVE_S1.);
#5169 = CIRCLE('',#5170,30.);
#5170 = AXIS2_PLACEMENT_3D('',#5171,#5172,#5173);
#5171 = CARTESIAN_POINT('',(0.,0.,59.7));
#5172 = DIRECTION('',(0.,0.,1.));
#5173 = DIRECTION('',(1.,0.,-0.));
#5174 = PCURVE('',#5052,#5175);
#5175 = DEFINITIONAL_REPRESENTATION('',(#5176),#5180);
#5176 = CIRCLE('',#5177,30.);
#5177 = AXIS2_PLACEMENT_2D('',#5178,#5179);
#5178 = CARTESIAN_POINT('',(0.,0.));
#5179 = DIRECTION('',(1.,0.));
#5180 = ( GEOMETRIC_REPRESENTATION_CONTEXT(2) 
PARAMETRIC_REPRESENTATION_CONTEXT() REPRESENTATION_CONTEXT('2D SPACE',''
  ) );
#5181 = PCURVE('',#5182,#5187);
#5182 = CYLINDRICAL_SURFACE('',#5183,30.);
#5183 = AXIS2_PLACEMENT_3D('',#5184,#5185,#5186);
#5184 = CARTESIAN_POINT('',(0.,0.,58.7));
#5185 = DIRECTION('',(0.,0.,1.));
#5186 = DIRECTION('',(1.,0.,-0.));
#5187 = DEFINITIONAL_REPRESENTATION('',(#5188),#5192);
#5188 = LINE('',#5189,#5190);
#5189 = CARTESIAN_POINT('',(0.,1.));
#5190 = VECTOR('',#5191,1.);
#5191 = DIRECTION('',(1.,0.));
#5192 = ( GEOMETRIC_REPRESENTATION_CONTEXT(2) 
PARAMETRIC_REPRESENTATION_CONTEXT() REPRESENTATION_CONTEXT('2D SPACE',''
  ) );
#5193 = ADVANCED_FACE('',(#5194),#5088,.F.);
#5194 = FACE_BOUND('',#5195,.F.);
#5195 = EDGE_LOOP('',(#5196,#5432,#5453,#5454));
#5196 = ORIENTED_EDGE('',*,*,#5197,.F.);
#5197 = EDGE_CURVE('',#5198,#5198,#5200,.T.);
#5198 = VERTEX_POINT('',#5199);
#5199 = CARTESIAN_POINT('',(-25.,-8.572527594031E-16,48.5));
#5200 = SURFACE_CURVE('',#5201,(#5276,#5354),.PCURVE_S1.);
#5201 = B_SPLINE_CURVE_WITH_KNOTS('',7,(#5202,#5203,#5204,#5205,#5206,
    #5207,#5208,#5209,#5210,#5211,#5212,#5213,#5214,#5215,#5216,#5217,
    #5218,#5219,#5220,#5221,#5222,#5223,#5224,#5225,#5226,#5227,#5228,
    #5229,#5230,#5231,#5232,#5233,#5234,#5235,#5236,#5237,#5238,#5239,
    #5240,#5241,#5242,#5243,#5244,#5245,#5246,#5247,#5248,#5249,#5250,
    #5251,#5252,#5253,#5254,#5255,#5256,#5257,#5258,#5259,#5260,#5261,
    #5262,#5263,#5264,#5265,#5266,#5267,#5268,#5269,#5270,#5271,#5272,
    #5273,#5274,#5275),.UNSPECIFIED.,.T.,.F.,(8,6,6,6,6,6,6,6,6,6,6,6,8)
  ,(0.,7.716611988486E-02,0.18055881962,0.249894029298,0.346747335486,
    0.422654840219,0.499863196838,0.577071553342,0.680520845262,
    0.74989401062,0.846800329684,0.922749382593,1.),.UNSPECIFIED.);
#5202 = CARTESIAN_POINT('',(-25.,8.881784197001E-16,48.5));
#5203 = CARTESIAN_POINT('',(-25.,0.294648115686,48.5));
#5204 = CARTESIAN_POINT('',(-24.99594920244,0.586670232942,
    48.528939169787));
#5205 = CARTESIAN_POINT('',(-24.98797385548,0.871558134092,
    48.585889143968));
#5206 = CARTESIAN_POINT('',(-24.97657858418,1.145009964668,
    48.668783799595));
#5207 = CARTESIAN_POINT('',(-24.96257130849,1.403194626828,
    48.774475706077));
#5208 = CARTESIAN_POINT('',(-24.94692186092,1.642978182723,
    48.898774231125));
#5209 = CARTESIAN_POINT('',(-24.90862387765,2.155723825498,
    49.220953671962));
#5210 = CARTESIAN_POINT('',(-24.88513587835,2.415874746934,
    49.431753590582));
#5211 = CARTESIAN_POINT('',(-24.86169924431,2.64311331851,49.66217004399
    ));
#5212 = CARTESIAN_POINT('',(-24.83955159443,2.838656076946,
    49.907219967857));
#5213 = CARTESIAN_POINT('',(-24.81953926261,3.003901635374,
    50.163142590598));
#5214 = CARTESIAN_POINT('',(-24.80224570733,3.140147799109,
    50.42709713618));
#5215 = CARTESIAN_POINT('',(-24.77854580537,3.32099810359,
    50.877950580711));
#5216 = CARTESIAN_POINT('',(-24.77042738051,3.381025150203,
    51.061639790543));
#5217 = CARTESIAN_POINT('',(-24.76382374523,3.428759376749,
    51.247369074312));
#5218 = CARTESIAN_POINT('',(-24.75881889802,3.464414471743,
    51.434563332833));
#5219 = CARTESIAN_POINT('',(-24.75546521364,3.488136772085,
    51.622713607138));
#5220 = CARTESIAN_POINT('',(-24.75378758897,3.5,51.811347567091));
#5221 = CARTESIAN_POINT('',(-24.75378758897,3.5,52.263525731482));
#5222 = CARTESIAN_POINT('',(-24.75706075339,3.476850945558,
    52.52695263674));
#5223 = CARTESIAN_POINT('',(-24.76360200235,3.430586307013,
    52.789060957321));
#5224 = CARTESIAN_POINT('',(-24.77331470582,3.360911702121,
    53.048594551527));
#5225 = CARTESIAN_POINT('',(-24.78600158713,3.267253701501,
    53.304096467642));
#5226 = CARTESIAN_POINT('',(-24.80133325716,3.148805689091,
    53.553738891861));
#5227 = CARTESIAN_POINT('',(-24.8324793041,2.891528562973,53.98434826931
    ));
#5228 = CARTESIAN_POINT('',(-24.84748398979,2.76255098572,
    54.168650362849));
#5229 = CARTESIAN_POINT('',(-24.86355886741,2.617151246624,
    54.346826539968));
#5230 = CARTESIAN_POINT('',(-24.88038024148,2.454815169575,
    54.517398240942));
#5231 = CARTESIAN_POINT('',(-24.8975254498,2.275068872908,
    54.678570796715));
#5232 = CARTESIAN_POINT('',(-24.91446251732,2.077554251238,
    54.828163526947));
#5233 = CARTESIAN_POINT('',(-24.94692186081,1.642978184205,
    55.101225767943));
#5234 = CARTESIAN_POINT('',(-24.96257130866,1.403194623077,
    55.225524295398));
#5235 = CARTESIAN_POINT('',(-24.97657858414,1.14500996722,
    55.331216200111));
#5236 = CARTESIAN_POINT('',(-24.98797385536,0.87155813625,
    55.414110855062));
#5237 = CARTESIAN_POINT('',(-24.99594920252,0.586670228715,
    55.471060830873));
#5238 = CARTESIAN_POINT('',(-25.,0.294648117711,55.5));
#5239 = CARTESIAN_POINT('',(-25.,-0.294648117269,55.5));
#5240 = CARTESIAN_POINT('',(-24.99594920253,-0.586670228676,
    55.471060830959));
#5241 = CARTESIAN_POINT('',(-24.98797385535,-0.871558136594,
    55.414110855023));
#5242 = CARTESIAN_POINT('',(-24.97657858412,-1.14500996753,
    55.33121619995));
#5243 = CARTESIAN_POINT('',(-24.96257130866,-1.403194623012,
    55.225524295354));
#5244 = CARTESIAN_POINT('',(-24.94692186084,-1.642978183856,
    55.101225768163));
#5245 = CARTESIAN_POINT('',(-24.90862387765,-2.155723825498,
    54.779046328039));
#5246 = CARTESIAN_POINT('',(-24.88513587835,-2.415874746935,
    54.568246409418));
#5247 = CARTESIAN_POINT('',(-24.86169924431,-2.643113318508,
    54.337829956012));
#5248 = CARTESIAN_POINT('',(-24.83955159443,-2.838656076948,
    54.092780032142));
#5249 = CARTESIAN_POINT('',(-24.81953926261,-3.003901635374,
    53.836857409403));
#5250 = CARTESIAN_POINT('',(-24.80224570733,-3.140147799109,
    53.57290286382));
#5251 = CARTESIAN_POINT('',(-24.7785458047,-3.320998108744,
    53.122049406439));
#5252 = CARTESIAN_POINT('',(-24.77042738081,-3.381025148,52.938360222677
    ));
#5253 = CARTESIAN_POINT('',(-24.76382374575,-3.4287593728,
    52.752630936048));
#5254 = CARTESIAN_POINT('',(-24.758818898,-3.464414471936,
    52.565436656474));
#5255 = CARTESIAN_POINT('',(-24.75546521325,-3.488136775065,
    52.377286379715));
#5256 = CARTESIAN_POINT('',(-24.75378758897,-3.5,52.188652446226));
#5257 = CARTESIAN_POINT('',(-24.75378758897,-3.5,51.736474268518));
#5258 = CARTESIAN_POINT('',(-24.75706075339,-3.476850945558,
    51.473047363261));
#5259 = CARTESIAN_POINT('',(-24.76360200235,-3.430586307013,
    51.210939042679));
#5260 = CARTESIAN_POINT('',(-24.77331470582,-3.360911702121,
    50.951405448473));
#5261 = CARTESIAN_POINT('',(-24.78600158713,-3.267253701501,
    50.695903532358));
#5262 = CARTESIAN_POINT('',(-24.80133325716,-3.148805689091,
    50.446261108139));
#5263 = CARTESIAN_POINT('',(-24.83247930411,-2.891528562925,
    50.01565173061));
#5264 = CARTESIAN_POINT('',(-24.84748398978,-2.762550985754,
    49.83134963724));
#5265 = CARTESIAN_POINT('',(-24.86355886741,-2.617151246697,
    49.653173460078));
#5266 = CARTESIAN_POINT('',(-24.88038024148,-2.454815169536,
    49.482601758992));
#5267 = CARTESIAN_POINT('',(-24.8975254498,-2.275068872803,
    49.321429203235));
#5268 = CARTESIAN_POINT('',(-24.91446251731,-2.07755425133,
    49.171836473111));
#5269 = CARTESIAN_POINT('',(-24.94692186094,-1.64297818245,
    48.898774230954));
#5270 = CARTESIAN_POINT('',(-24.96257130848,-1.403194626791,
    48.77447570612));
#5271 = CARTESIAN_POINT('',(-24.97657858416,-1.14500996491,
    48.668783799714));
#5272 = CARTESIAN_POINT('',(-24.98797385547,-0.87155813434,
    48.585889143991));
#5273 = CARTESIAN_POINT('',(-24.99594920245,-0.586670232899,
    48.528939169725));
#5274 = CARTESIAN_POINT('',(-25.,-0.294648115369,48.5));
#5275 = CARTESIAN_POINT('',(-25.,8.881784197001E-16,48.5));
#5276 = PCURVE('',#5088,#5277);
#5277 = DEFINITIONAL_REPRESENTATION('',(#5278),#5353);
#5278 = B_SPLINE_CURVE_WITH_KNOTS('',7,(#5279,#5280,#5281,#5282,#5283,
    #5284,#5285,#5286,#5287,#5288,#5289,#5290,#5291,#5292,#5293,#5294,
    #5295,#5296,#5297,#5298,#5299,#5300,#5301,#5302,#5303,#5304,#5305,
    #5306,#5307,#5308,#5309,#5310,#5311,#5312,#5313,#5314,#5315,#5316,
    #5317,#5318,#5319,#5320,#5321,#5322,#5323,#5324,#5325,#5326,#5327,
    #5328,#5329,#5330,#5331,#5332,#5333,#5334,#5335,#5336,#5337,#5338,
    #5339,#5340,#5341,#5342,#5343,#5344,#5345,#5346,#5347,#5348,#5349,
    #5350,#5351,#5352),.UNSPECIFIED.,.F.,.F.,(8,6,6,6,6,6,6,6,6,6,6,6,8)
  ,(0.,7.716611988486E-02,0.18055881962,0.249894029298,0.346747335486,
    0.422654840219,0.499863196838,0.577071553342,0.680520845262,
    0.74989401062,0.846800329684,0.922749382593,1.),.UNSPECIFIED.);
#5279 = CARTESIAN_POINT('',(0.,20.));
#5280 = CARTESIAN_POINT('',(8.418517591039E-02,20.));
#5281 = CARTESIAN_POINT('',(0.167619982735,20.004050797559));
#5282 = CARTESIAN_POINT('',(0.249991375231,20.012026144517));
#5283 = CARTESIAN_POINT('',(0.330965112484,20.023421415817));
#5284 = CARTESIAN_POINT('',(0.410151997138,20.037428691509));
#5285 = CARTESIAN_POINT('',(0.487055202586,20.053078139072));
#5286 = CARTESIAN_POINT('',(0.660073471359,20.091376122343));
#5287 = CARTESIAN_POINT('',(0.755053113746,20.114864121644));
#5288 = CARTESIAN_POINT('',(0.846640152218,20.138300755684));
#5289 = CARTESIAN_POINT('',(0.935372480104,20.160448405569));
#5290 = CARTESIAN_POINT('',(1.021751234257,20.18046073739));
#5291 = CARTESIAN_POINT('',(1.106237901333,20.197754292668));
#5292 = CARTESIAN_POINT('',(1.24503026161,20.221454194624));
#5293 = CARTESIAN_POINT('',(1.300125376776,20.229572619481));
#5294 = CARTESIAN_POINT('',(1.354735884285,20.236176254769));
#5295 = CARTESIAN_POINT('',(1.408987176057,20.241181101971));
#5296 = CARTESIAN_POINT('',(1.463000314612,20.244534786351));
#5297 = CARTESIAN_POINT('',(1.516895631678,20.246212411027));
#5298 = CARTESIAN_POINT('',(1.646089392933,20.246212411027));
#5299 = CARTESIAN_POINT('',(1.721354535017,20.242939246606));
#5300 = CARTESIAN_POINT('',(1.796938759628,20.23639799765));
#5301 = CARTESIAN_POINT('',(1.873181670384,20.226685294176));
#5302 = CARTESIAN_POINT('',(1.950419920089,20.213998412864));
#5303 = CARTESIAN_POINT('',(2.029007957314,20.198666742838));
#5304 = CARTESIAN_POINT('',(2.172326058075,20.167520695892));
#5305 = CARTESIAN_POINT('',(2.236430901566,20.152516010209));
#5306 = CARTESIAN_POINT('',(2.301846984132,20.136441132584));
#5307 = CARTESIAN_POINT('',(2.368762606678,20.119619758516));
#5308 = CARTESIAN_POINT('',(2.43737374686,20.102474550199));
#5309 = CARTESIAN_POINT('',(2.507896323801,20.085537482679));
#5310 = CARTESIAN_POINT('',(2.654537450503,20.053078139182));
#5311 = CARTESIAN_POINT('',(2.731440657638,20.037428691331));
#5312 = CARTESIAN_POINT('',(2.810627540359,20.023421415855));
#5313 = CARTESIAN_POINT('',(2.891601277669,20.012026144635));
#5314 = CARTESIAN_POINT('',(2.973972672109,20.004050797478));
#5315 = CARTESIAN_POINT('',(3.057407477101,20.));
#5316 = CARTESIAN_POINT('',(3.225777829952,20.));
#5317 = CARTESIAN_POINT('',(3.309212635059,20.004050797465));
#5318 = CARTESIAN_POINT('',(3.391584029606,20.012026144642));
#5319 = CARTESIAN_POINT('',(3.472557766916,20.023421415876));
#5320 = CARTESIAN_POINT('',(3.551744649533,20.037428691334));
#5321 = CARTESIAN_POINT('',(3.628647856558,20.053078139156));
#5322 = CARTESIAN_POINT('',(3.801666124949,20.091376122343));
#5323 = CARTESIAN_POINT('',(3.896645767337,20.114864121645));
#5324 = CARTESIAN_POINT('',(3.988232805807,20.138300755683));
#5325 = CARTESIAN_POINT('',(4.076965133694,20.160448405569));
#5326 = CARTESIAN_POINT('',(4.163343887846,20.18046073739));
#5327 = CARTESIAN_POINT('',(4.247830554922,20.197754292668));
#5328 = CARTESIAN_POINT('',(4.386622919156,20.2214541953));
#5329 = CARTESIAN_POINT('',(4.441718026483,20.229572619188));
#5330 = CARTESIAN_POINT('',(4.496328534706,20.236176254249));
#5331 = CARTESIAN_POINT('',(4.550579832703,20.241181101998));
#5332 = CARTESIAN_POINT('',(4.604592972107,20.244534786746));
#5333 = CARTESIAN_POINT('',(4.658488281463,20.246212411027));
#5334 = CARTESIAN_POINT('',(4.787682046522,20.246212411027));
#5335 = CARTESIAN_POINT('',(4.862947188606,20.242939246606));
#5336 = CARTESIAN_POINT('',(4.938531413218,20.23639799765));
#5337 = CARTESIAN_POINT('',(5.014774323974,20.226685294176));
#5338 = CARTESIAN_POINT('',(5.092012573679,20.213998412864));
#5339 = CARTESIAN_POINT('',(5.170600610904,20.198666742838));
#5340 = CARTESIAN_POINT('',(5.313918711692,20.167520695886));
#5341 = CARTESIAN_POINT('',(5.378023555131,20.152516010215));
#5342 = CARTESIAN_POINT('',(5.443439637697,20.136441132589));
#5343 = CARTESIAN_POINT('',(5.51035526029,20.119619758511));
#5344 = CARTESIAN_POINT('',(5.578966400482,20.102474550192));
#5345 = CARTESIAN_POINT('',(5.64948897736,20.085537482686));
#5346 = CARTESIAN_POINT('',(5.796130104685,20.053078139051));
#5347 = CARTESIAN_POINT('',(5.873033310044,20.037428691512));
#5348 = CARTESIAN_POINT('',(5.952220194621,20.023421415833));
#5349 = CARTESIAN_POINT('',(6.033193931881,20.012026144522));
#5350 = CARTESIAN_POINT('',(6.115565324457,20.00405079755));
#5351 = CARTESIAN_POINT('',(6.19900013136,20.));
#5352 = CARTESIAN_POINT('',(6.28318530718,20.));
#5353 = ( GEOMETRIC_REPRESENTATION_CONTEXT(2) 
PARAMETRIC_REPRESENTATION_CONTEXT() REPRESENTATION_CONTEXT('2D SPACE',''
  ) );
#5354 = PCURVE('',#5139,#5355);
#5355 = DEFINITIONAL_REPRESENTATION('',(#5356),#5431);
#5356 = B_SPLINE_CURVE_WITH_KNOTS('',7,(#5357,#5358,#5359,#5360,#5361,
    #5362,#5363,#5364,#5365,#5366,#5367,#5368,#5369,#5370,#5371,#5372,
    #5373,#5374,#5375,#5376,#5377,#5378,#5379,#5380,#5381,#5382,#5383,
    #5384,#5385,#5386,#5387,#5388,#5389,#5390,#5391,#5392,#5393,#5394,
    #5395,#5396,#5397,#5398,#5399,#5400,#5401,#5402,#5403,#5404,#5405,
    #5406,#5407,#5408,#5409,#5410,#5411,#5412,#5413,#5414,#5415,#5416,
    #5417,#5418,#5419,#5420,#5421,#5422,#5423,#5424,#5425,#5426,#5427,
    #5428,#5429,#5430),.UNSPECIFIED.,.T.,.F.,(8,6,6,6,6,6,6,6,6,6,6,6,8)
  ,(0.,7.716611988486E-02,0.18055881962,0.249894029298,0.346747335486,
    0.422654840219,0.499863196838,0.577071553342,0.680520845262,
    0.74989401062,0.846800329684,0.922749382593,1.),.UNSPECIFIED.);
#5357 = CARTESIAN_POINT('',(3.14159265359,2.6));
#5358 = CARTESIAN_POINT('',(3.129806728962,2.6));
#5359 = CARTESIAN_POINT('',(3.118125841648,2.628939169787));
#5360 = CARTESIAN_POINT('',(3.106727662771,2.685889143968));
#5361 = CARTESIAN_POINT('',(3.095781758208,2.768783799595));
#5362 = CARTESIAN_POINT('',(3.085440225322,2.874475706077));
#5363 = CARTESIAN_POINT('',(3.075828897688,2.998774231125));
#5364 = CARTESIAN_POINT('',(3.055261940511,3.320953671962));
#5365 = CARTESIAN_POINT('',(3.044814830992,3.531753590581));
#5366 = CARTESIAN_POINT('',(3.035678037796,3.76217004399));
#5367 = CARTESIAN_POINT('',(3.027806791711,4.007219967856));
#5368 = CARTESIAN_POINT('',(3.021148859984,4.263142590598));
#5369 = CARTESIAN_POINT('',(3.015655332151,4.52709713618));
#5370 = CARTESIAN_POINT('',(3.008359468338,4.977950580711));
#5371 = CARTESIAN_POINT('',(3.005936544674,5.161639790543));
#5372 = CARTESIAN_POINT('',(3.004009003769,5.347369074312));
#5373 = CARTESIAN_POINT('',(3.002568818474,5.534563332833));
#5374 = CARTESIAN_POINT('',(3.001610487136,5.722713607138));
#5375 = CARTESIAN_POINT('',(3.00113123888,5.911347567091));
#5376 = CARTESIAN_POINT('',(3.00113123888,6.363525731482));
#5377 = CARTESIAN_POINT('',(3.002066412596,6.62695263674));
#5378 = CARTESIAN_POINT('',(3.003935399835,6.889060957321));
#5379 = CARTESIAN_POINT('',(3.006749332039,7.148594551527));
#5380 = CARTESIAN_POINT('',(3.010529803064,7.404096467642));
#5381 = CARTESIAN_POINT('',(3.015307087606,7.653738891861));
#5382 = CARTESIAN_POINT('',(3.025673309356,8.08434826931));
#5383 = CARTESIAN_POINT('',(3.030867149982,8.268650362849));
#5384 = CARTESIAN_POINT('',(3.036718416309,8.446826539968));
#5385 = CARTESIAN_POINT('',(3.043246316096,8.617398240942));
#5386 = CARTESIAN_POINT('',(3.05046833331,8.778570796715));
#5387 = CARTESIAN_POINT('',(3.05839743334,8.928163526947));
#5388 = CARTESIAN_POINT('',(3.075828897628,9.201225767943));
#5389 = CARTESIAN_POINT('',(3.085440225473,9.325524295398));
#5390 = CARTESIAN_POINT('',(3.095781758106,9.431216200111));
#5391 = CARTESIAN_POINT('',(3.106727662685,9.514110855062));
#5392 = CARTESIAN_POINT('',(3.118125841817,9.571060830873));
#5393 = CARTESIAN_POINT('',(3.129806728881,9.6));
#5394 = CARTESIAN_POINT('',(3.153378578281,9.6));
#5395 = CARTESIAN_POINT('',(3.165059465361,9.571060830959));
#5396 = CARTESIAN_POINT('',(3.176457644508,9.514110855023));
#5397 = CARTESIAN_POINT('',(3.187403549086,9.43121619995));
#5398 = CARTESIAN_POINT('',(3.197745081704,9.325524295354));
#5399 = CARTESIAN_POINT('',(3.207356409537,9.201225768163));
#5400 = CARTESIAN_POINT('',(3.227923366669,8.879046328039));
#5401 = CARTESIAN_POINT('',(3.238370476188,8.668246409418));
#5402 = CARTESIAN_POINT('',(3.247507269384,8.437829956012));
#5403 = CARTESIAN_POINT('',(3.255378515469,8.192780032142));
#5404 = CARTESIAN_POINT('',(3.262036447195,7.936857409403));
#5405 = CARTESIAN_POINT('',(3.267529975029,7.67290286382));
#5406 = CARTESIAN_POINT('',(3.274825839049,7.222049406439));
#5407 = CARTESIAN_POINT('',(3.277248762417,7.038360222677));
#5408 = CARTESIAN_POINT('',(3.279176303252,6.852630936048));
#5409 = CARTESIAN_POINT('',(3.280616488714,6.665436656474));
#5410 = CARTESIAN_POINT('',(3.281574820164,6.477286379715));
#5411 = CARTESIAN_POINT('',(3.2820540683,6.288652446226));
#5412 = CARTESIAN_POINT('',(3.2820540683,5.836474268518));
#5413 = CARTESIAN_POINT('',(3.281118894584,5.573047363261));
#5414 = CARTESIAN_POINT('',(3.279249907344,5.310939042679));
#5415 = CARTESIAN_POINT('',(3.276435975141,5.051405448473));
#5416 = CARTESIAN_POINT('',(3.272655504116,4.795903532358));
#5417 = CARTESIAN_POINT('',(3.267878219574,4.546261108139));
#5418 = CARTESIAN_POINT('',(3.257511997821,4.11565173061));
#5419 = CARTESIAN_POINT('',(3.252318157199,3.93134963724));
#5420 = CARTESIAN_POINT('',(3.246466890873,3.753173460078));
#5421 = CARTESIAN_POINT('',(3.239938991082,3.582601758992));
#5422 = CARTESIAN_POINT('',(3.232716973865,3.421429203235));
#5423 = CARTESIAN_POINT('',(3.224787873843,3.271836473111));
#5424 = CARTESIAN_POINT('',(3.207356409481,2.998774230954));
#5425 = CARTESIAN_POINT('',(3.197745081856,2.87447570612));
#5426 = CARTESIAN_POINT('',(3.187403548981,2.768783799714));
#5427 = CARTESIAN_POINT('',(3.176457644418,2.685889143991));
#5428 = CARTESIAN_POINT('',(3.16505946553,2.628939169725));
#5429 = CARTESIAN_POINT('',(3.153378578205,2.6));
#5430 = CARTESIAN_POINT('',(3.14159265359,2.6));
#5431 = ( GEOMETRIC_REPRESENTATION_CONTEXT(2) 
PARAMETRIC_REPRESENTATION_CONTEXT() REPRESENTATION_CONTEXT('2D SPACE',''
  ) );
#5432 = ORIENTED_EDGE('',*,*,#5433,.F.);
#5433 = EDGE_CURVE('',#5072,#5198,#5434,.T.);
#5434 = SEAM_CURVE('',#5435,(#5439,#5446),.PCURVE_S1.);
#5435 = LINE('',#5436,#5437);
#5436 = CARTESIAN_POINT('',(-45.,-8.572527594031E-16,48.5));
#5437 = VECTOR('',#5438,1.);
#5438 = DIRECTION('',(1.,0.,2.22044604925E-16));
#5439 = PCURVE('',#5088,#5440);
#5440 = DEFINITIONAL_REPRESENTATION('',(#5441),#5445);
#5441 = LINE('',#5442,#5443);
#5442 = CARTESIAN_POINT('',(6.28318530718,-0.));
#5443 = VECTOR('',#5444,1.);
#5444 = DIRECTION('',(0.,1.));
#5445 = ( GEOMETRIC_REPRESENTATION_CONTEXT(2) 
PARAMETRIC_REPRESENTATION_CONTEXT() REPRESENTATION_CONTEXT('2D SPACE',''
  ) );
#5446 = PCURVE('',#5088,#5447);
#5447 = DEFINITIONAL_REPRESENTATION('',(#5448),#5452);
#5448 = LINE('',#5449,#5450);
#5449 = CARTESIAN_POINT('',(0.,-0.));
#5450 = VECTOR('',#5451,1.);
#5451 = DIRECTION('',(0.,1.));
#5452 = ( GEOMETRIC_REPRESENTATION_CONTEXT(2) 
PARAMETRIC_REPRESENTATION_CONTEXT() REPRESENTATION_CONTEXT('2D SPACE',''
  ) );
#5453 = ORIENTED_EDGE('',*,*,#5071,.T.);
#5454 = ORIENTED_EDGE('',*,*,#5433,.T.);
#5455 = ADVANCED_FACE('',(#5456,#5510),#5139,.F.);
#5456 = FACE_BOUND('',#5457,.F.);
#5457 = EDGE_LOOP('',(#5458,#5481,#5508,#5509));
#5458 = ORIENTED_EDGE('',*,*,#5459,.T.);
#5459 = EDGE_CURVE('',#5123,#5460,#5462,.T.);
#5460 = VERTEX_POINT('',#5461);
#5461 = CARTESIAN_POINT('',(25.,-6.123233995737E-15,63.));
#5462 = SEAM_CURVE('',#5463,(#5467,#5474),.PCURVE_S1.);
#5463 = LINE('',#5464,#5465);
#5464 = CARTESIAN_POINT('',(25.,-6.123233995737E-15,45.9));
#5465 = VECTOR('',#5466,1.);
#5466 = DIRECTION('',(0.,0.,1.));
#5467 = PCURVE('',#5139,#5468);
#5468 = DEFINITIONAL_REPRESENTATION('',(#5469),#5473);
#5469 = LINE('',#5470,#5471);
#5470 = CARTESIAN_POINT('',(6.28318530718,-0.));
#5471 = VECTOR('',#5472,1.);
#5472 = DIRECTION('',(0.,1.));
#5473 = ( GEOMETRIC_REPRESENTATION_CONTEXT(2) 
PARAMETRIC_REPRESENTATION_CONTEXT() REPRESENTATION_CONTEXT('2D SPACE',''
  ) );
#5474 = PCURVE('',#5139,#5475);
#5475 = DEFINITIONAL_REPRESENTATION('',(#5476),#5480);
#5476 = LINE('',#5477,#5478);
#5477 = CARTESIAN_POINT('',(0.,-0.));
#5478 = VECTOR('',#5479,1.);
#5479 = DIRECTION('',(0.,1.));
#5480 = ( GEOMETRIC_REPRESENTATION_CONTEXT(2) 
PARAMETRIC_REPRESENTATION_CONTEXT() REPRESENTATION_CONTEXT('2D SPACE',''
  ) );
#5481 = ORIENTED_EDGE('',*,*,#5482,.F.);
#5482 = EDGE_CURVE('',#5460,#5460,#5483,.T.);
#5483 = SURFACE_CURVE('',#5484,(#5489,#5496),.PCURVE_S1.);
#5484 = CIRCLE('',#5485,25.);
#5485 = AXIS2_PLACEMENT_3D('',#5486,#5487,#5488);
#5486 = CARTESIAN_POINT('',(0.,0.,63.));
#5487 = DIRECTION('',(0.,0.,1.));
#5488 = DIRECTION('',(1.,0.,-0.));
#5489 = PCURVE('',#5139,#5490);
#5490 = DEFINITIONAL_REPRESENTATION('',(#5491),#5495);
#5491 = LINE('',#5492,#5493);
#5492 = CARTESIAN_POINT('',(0.,17.1));
#5493 = VECTOR('',#5494,1.);
#5494 = DIRECTION('',(1.,0.));
#5495 = ( GEOMETRIC_REPRESENTATION_CONTEXT(2) 
PARAMETRIC_REPRESENTATION_CONTEXT() REPRESENTATION_CONTEXT('2D SPACE',''
  ) );
#5496 = PCURVE('',#5497,#5502);
#5497 = PLANE('',#5498);
#5498 = AXIS2_PLACEMENT_3D('',#5499,#5500,#5501);
#5499 = CARTESIAN_POINT('',(0.,0.,63.));
#5500 = DIRECTION('',(0.,0.,1.));
#5501 = DIRECTION('',(1.,0.,-0.));
#5502 = DEFINITIONAL_REPRESENTATION('',(#5503),#5507);
#5503 = CIRCLE('',#5504,25.);
#5504 = AXIS2_PLACEMENT_2D('',#5505,#5506);
#5505 = CARTESIAN_POINT('',(0.,0.));
#5506 = DIRECTION('',(1.,0.));
#5507 = ( GEOMETRIC_REPRESENTATION_CONTEXT(2) 
PARAMETRIC_REPRESENTATION_CONTEXT() REPRESENTATION_CONTEXT('2D SPACE',''
  ) );
#5508 = ORIENTED_EDGE('',*,*,#5459,.F.);
#5509 = ORIENTED_EDGE('',*,*,#5122,.T.);
#5510 = FACE_BOUND('',#5511,.F.);
#5511 = EDGE_LOOP('',(#5512));
#5512 = ORIENTED_EDGE('',*,*,#5197,.T.);
#5513 = ADVANCED_FACE('',(#5514),#5182,.T.);
#5514 = FACE_BOUND('',#5515,.T.);
#5515 = EDGE_LOOP('',(#5516,#5545,#5566,#5567));
#5516 = ORIENTED_EDGE('',*,*,#5517,.F.);
#5517 = EDGE_CURVE('',#5518,#5518,#5520,.T.);
#5518 = VERTEX_POINT('',#5519);
#5519 = CARTESIAN_POINT('',(30.,-7.347880794884E-15,61.));
#5520 = SURFACE_CURVE('',#5521,(#5526,#5533),.PCURVE_S1.);
#5521 = CIRCLE('',#5522,30.);
#5522 = AXIS2_PLACEMENT_3D('',#5523,#5524,#5525);
#5523 = CARTESIAN_POINT('',(0.,0.,61.));
#5524 = DIRECTION('',(0.,0.,1.));
#5525 = DIRECTION('',(1.,0.,-0.));
#5526 = PCURVE('',#5182,#5527);
#5527 = DEFINITIONAL_REPRESENTATION('',(#5528),#5532);
#5528 = LINE('',#5529,#5530);
#5529 = CARTESIAN_POINT('',(0.,2.3));
#5530 = VECTOR('',#5531,1.);
#5531 = DIRECTION('',(1.,0.));
#5532 = ( GEOMETRIC_REPRESENTATION_CONTEXT(2) 
PARAMETRIC_REPRESENTATION_CONTEXT() REPRESENTATION_CONTEXT('2D SPACE',''
  ) );
#5533 = PCURVE('',#5534,#5539);
#5534 = PLANE('',#5535);
#5535 = AXIS2_PLACEMENT_3D('',#5536,#5537,#5538);
#5536 = CARTESIAN_POINT('',(0.,0.,61.));
#5537 = DIRECTION('',(0.,0.,1.));
#5538 = DIRECTION('',(1.,0.,-0.));
#5539 = DEFINITIONAL_REPRESENTATION('',(#5540),#5544);
#5540 = CIRCLE('',#5541,30.);
#5541 = AXIS2_PLACEMENT_2D('',#5542,#5543);
#5542 = CARTESIAN_POINT('',(0.,0.));
#5543 = DIRECTION('',(1.,0.));
#5544 = ( GEOMETRIC_REPRESENTATION_CONTEXT(2) 
PARAMETRIC_REPRESENTATION_CONTEXT() REPRESENTATION_CONTEXT('2D SPACE',''
  ) );
#5545 = ORIENTED_EDGE('',*,*,#5546,.F.);
#5546 = EDGE_CURVE('',#5166,#5518,#5547,.T.);
#5547 = SEAM_CURVE('',#5548,(#5552,#5559),.PCURVE_S1.);
#5548 = LINE('',#5549,#5550);
#5549 = CARTESIAN_POINT('',(30.,-7.347880794884E-15,58.7));
#5550 = VECTOR('',#5551,1.);
#5551 = DIRECTION('',(0.,0.,1.));
#5552 = PCURVE('',#5182,#5553);
#5553 = DEFINITIONAL_REPRESENTATION('',(#5554),#5558);
#5554 = LINE('',#5555,#5556);
#5555 = CARTESIAN_POINT('',(6.28318530718,-0.));
#5556 = VECTOR('',#5557,1.);
#5557 = DIRECTION('',(0.,1.));
#5558 = ( GEOMETRIC_REPRESENTATION_CONTEXT(2) 
PARAMETRIC_REPRESENTATION_CONTEXT() REPRESENTATION_CONTEXT('2D SPACE',''
  ) );
#5559 = PCURVE('',#5182,#5560);
#5560 = DEFINITIONAL_REPRESENTATION('',(#5561),#5565);
#5561 = LINE('',#5562,#5563);
#5562 = CARTESIAN_POINT('',(0.,-0.));
#5563 = VECTOR('',#5564,1.);
#5564 = DIRECTION('',(0.,1.));
#5565 = ( GEOMETRIC_REPRESENTATION_CONTEXT(2) 
PARAMETRIC_REPRESENTATION_CONTEXT() REPRESENTATION_CONTEXT('2D SPACE',''
  ) );
#5566 = ORIENTED_EDGE('',*,*,#5165,.T.);
#5567 = ORIENTED_EDGE('',*,*,#5546,.T.);
#5568 = ADVANCED_FACE('',(#5569,#5600),#5497,.T.);
#5569 = FACE_BOUND('',#5570,.T.);
#5570 = EDGE_LOOP('',(#5571));
#5571 = ORIENTED_EDGE('',*,*,#5572,.T.);
#5572 = EDGE_CURVE('',#5573,#5573,#5575,.T.);
#5573 = VERTEX_POINT('',#5574);
#5574 = CARTESIAN_POINT('',(29.5,-7.225416114969E-15,63.));
#5575 = SURFACE_CURVE('',#5576,(#5581,#5588),.PCURVE_S1.);
#5576 = CIRCLE('',#5577,29.5);
#5577 = AXIS2_PLACEMENT_3D('',#5578,#5579,#5580);
#5578 = CARTESIAN_POINT('',(0.,0.,63.));
#5579 = DIRECTION('',(0.,0.,1.));
#5580 = DIRECTION('',(1.,0.,-0.));
#5581 = PCURVE('',#5497,#5582);
#5582 = DEFINITIONAL_REPRESENTATION('',(#5583),#5587);
#5583 = CIRCLE('',#5584,29.5);
#5584 = AXIS2_PLACEMENT_2D('',#5585,#5586);
#5585 = CARTESIAN_POINT('',(0.,0.));
#5586 = DIRECTION('',(1.,0.));
#5587 = ( GEOMETRIC_REPRESENTATION_CONTEXT(2) 
PARAMETRIC_REPRESENTATION_CONTEXT() REPRESENTATION_CONTEXT('2D SPACE',''
  ) );
#5588 = PCURVE('',#5589,#5594);
#5589 = CYLINDRICAL_SURFACE('',#5590,29.5);
#5590 = AXIS2_PLACEMENT_3D('',#5591,#5592,#5593);
#5591 = CARTESIAN_POINT('',(0.,0.,60.));
#5592 = DIRECTION('',(0.,0.,1.));
#5593 = DIRECTION('',(1.,0.,-0.));
#5594 = DEFINITIONAL_REPRESENTATION('',(#5595),#5599);
#5595 = LINE('',#5596,#5597);
#5596 = CARTESIAN_POINT('',(0.,3.));
#5597 = VECTOR('',#5598,1.);
#5598 = DIRECTION('',(1.,0.));
#5599 = ( GEOMETRIC_REPRESENTATION_CONTEXT(2) 
PARAMETRIC_REPRESENTATION_CONTEXT() REPRESENTATION_CONTEXT('2D SPACE',''
  ) );
#5600 = FACE_BOUND('',#5601,.T.);
#5601 = EDGE_LOOP('',(#5602));
#5602 = ORIENTED_EDGE('',*,*,#5482,.F.);
#5603 = ADVANCED_FACE('',(#5604,#5607),#5534,.T.);
#5604 = FACE_BOUND('',#5605,.T.);
#5605 = EDGE_LOOP('',(#5606));
#5606 = ORIENTED_EDGE('',*,*,#5517,.T.);
#5607 = FACE_BOUND('',#5608,.T.);
#5608 = EDGE_LOOP('',(#5609));
#5609 = ORIENTED_EDGE('',*,*,#5610,.F.);
#5610 = EDGE_CURVE('',#5611,#5611,#5613,.T.);
#5611 = VERTEX_POINT('',#5612);
#5612 = CARTESIAN_POINT('',(29.5,-7.225416114969E-15,61.));
#5613 = SURFACE_CURVE('',#5614,(#5619,#5626),.PCURVE_S1.);
#5614 = CIRCLE('',#5615,29.5);
#5615 = AXIS2_PLACEMENT_3D('',#5616,#5617,#5618);
#5616 = CARTESIAN_POINT('',(0.,0.,61.));
#5617 = DIRECTION('',(0.,0.,1.));
#5618 = DIRECTION('',(1.,0.,-0.));
#5619 = PCURVE('',#5534,#5620);
#5620 = DEFINITIONAL_REPRESENTATION('',(#5621),#5625);
#5621 = CIRCLE('',#5622,29.5);
#5622 = AXIS2_PLACEMENT_2D('',#5623,#5624);
#5623 = CARTESIAN_POINT('',(0.,0.));
#5624 = DIRECTION('',(1.,0.));
#5625 = ( GEOMETRIC_REPRESENTATION_CONTEXT(2) 
PARAMETRIC_REPRESENTATION_CONTEXT() REPRESENTATION_CONTEXT('2D SPACE',''
  ) );
#5626 = PCURVE('',#5589,#5627);
#5627 = DEFINITIONAL_REPRESENTATION('',(#5628),#5632);
#5628 = LINE('',#5629,#5630);
#5629 = CARTESIAN_POINT('',(0.,1.));
#5630 = VECTOR('',#5631,1.);
#5631 = DIRECTION('',(1.,0.));
#5632 = ( GEOMETRIC_REPRESENTATION_CONTEXT(2) 
PARAMETRIC_REPRESENTATION_CONTEXT() REPRESENTATION_CONTEXT('2D SPACE',''
  ) );
#5633 = ADVANCED_FACE('',(#5634),#5589,.T.);
#5634 = FACE_BOUND('',#5635,.T.);
#5635 = EDGE_LOOP('',(#5636,#5637,#5658,#5659));
#5636 = ORIENTED_EDGE('',*,*,#5572,.F.);
#5637 = ORIENTED_EDGE('',*,*,#5638,.F.);
#5638 = EDGE_CURVE('',#5611,#5573,#5639,.T.);
#5639 = SEAM_CURVE('',#5640,(#5644,#5651),.PCURVE_S1.);
#5640 = LINE('',#5641,#5642);
#5641 = CARTESIAN_POINT('',(29.5,-7.225416114969E-15,60.));
#5642 = VECTOR('',#5643,1.);
#5643 = DIRECTION('',(0.,0.,1.));
#5644 = PCURVE('',#5589,#5645);
#5645 = DEFINITIONAL_REPRESENTATION('',(#5646),#5650);
#5646 = LINE('',#5647,#5648);
#5647 = CARTESIAN_POINT('',(6.28318530718,-0.));
#5648 = VECTOR('',#5649,1.);
#5649 = DIRECTION('',(0.,1.));
#5650 = ( GEOMETRIC_REPRESENTATION_CONTEXT(2) 
PARAMETRIC_REPRESENTATION_CONTEXT() REPRESENTATION_CONTEXT('2D SPACE',''
  ) );
#5651 = PCURVE('',#5589,#5652);
#5652 = DEFINITIONAL_REPRESENTATION('',(#5653),#5657);
#5653 = LINE('',#5654,#5655);
#5654 = CARTESIAN_POINT('',(0.,-0.));
#5655 = VECTOR('',#5656,1.);
#5656 = DIRECTION('',(0.,1.));
#5657 = ( GEOMETRIC_REPRESENTATION_CONTEXT(2) 
PARAMETRIC_REPRESENTATION_CONTEXT() REPRESENTATION_CONTEXT('2D SPACE',''
  ) );
#5658 = ORIENTED_EDGE('',*,*,#5610,.T.);
#5659 = ORIENTED_EDGE('',*,*,#5638,.T.);
#5660 = ( GEOMETRIC_REPRESENTATION_CONTEXT(3) 
GLOBAL_UNCERTAINTY_ASSIGNED_CONTEXT((#5664)) 
GLOBAL_UNIT_ASSIGNED_CONTEXT((#5661,#5662,#5663)) REPRESENTATION_CONTEXT
('Context #1','3D Context with UNIT and UNCERTAINTY') );
#5661 = ( LENGTH_UNIT() NAMED_UNIT(*) SI_UNIT(.MILLI.,.METRE.) );
#5662 = ( NAMED_UNIT(*) PLANE_ANGLE_UNIT() SI_UNIT($,.RADIAN.) );
#5663 = ( NAMED_UNIT(*) SI_UNIT($,.STERADIAN.) SOLID_ANGLE_UNIT() );
#5664 = UNCERTAINTY_MEASURE_WITH_UNIT(LENGTH_MEASURE(1.E-07),#5661,
  'distance_accuracy_value','confusion accuracy');
#5665 = CONTEXT_DEPENDENT_SHAPE_REPRESENTATION(#5666,#5668);
#5666 = ( REPRESENTATION_RELATIONSHIP('','',#2875,#10) 
REPRESENTATION_RELATIONSHIP_WITH_TRANSFORMATION(#5667) 
SHAPE_REPRESENTATION_RELATIONSHIP() );
#5667 = ITEM_DEFINED_TRANSFORMATION('','',#11,#27);
#5668 = PRODUCT_DEFINITION_SHAPE('Placement','Placement of an item',
  #5669);
#5669 = NEXT_ASSEMBLY_USAGE_OCCURRENCE('4','=>[0:1:1:5]','',#5,#2870,$);
#5670 = PRODUCT_RELATED_PRODUCT_CATEGORY('part',$,(#2872));
#5671 = SHAPE_DEFINITION_REPRESENTATION(#5672,#5678);
#5672 = PRODUCT_DEFINITION_SHAPE('','',#5673);
#5673 = PRODUCT_DEFINITION('design','',#5674,#5677);
#5674 = PRODUCT_DEFINITION_FORMATION('','',#5675);
#5675 = PRODUCT('COMPOUND','COMPOUND','',(#5676));
#5676 = PRODUCT_CONTEXT('',#2,'mechanical');
#5677 = PRODUCT_DEFINITION_CONTEXT('part definition',#2,'design');
#5678 = ADVANCED_BREP_SHAPE_REPRESENTATION('',(#11,#5679),#7339);
#5679 = MANIFOLD_SOLID_BREP('',#5680);
#5680 = CLOSED_SHELL('',(#5681,#6126,#6285,#6393,#6448,#6475,#6502,#6529
    ,#6584,#6611,#6646,#6681,#6736,#6791,#6826,#6861,#7142,#7197,#7220,
    #7323,#7328,#7335));
#5681 = ADVANCED_FACE('',(#5682,#5769),#5696,.T.);
#5682 = FACE_BOUND('',#5683,.T.);
#5683 = EDGE_LOOP('',(#5684,#5714,#5741,#5742));
#5684 = ORIENTED_EDGE('',*,*,#5685,.T.);
#5685 = EDGE_CURVE('',#5686,#5688,#5690,.T.);
#5686 = VERTEX_POINT('',#5687);
#5687 = CARTESIAN_POINT('',(45.,-1.102182119233E-14,263.));
#5688 = VERTEX_POINT('',#5689);
#5689 = CARTESIAN_POINT('',(45.,-1.102182119233E-14,303.));
#5690 = SEAM_CURVE('',#5691,(#5695,#5707),.PCURVE_S1.);
#5691 = LINE('',#5692,#5693);
#5692 = CARTESIAN_POINT('',(45.,-1.102182119233E-14,263.));
#5693 = VECTOR('',#5694,1.);
#5694 = DIRECTION('',(0.,0.,1.));
#5695 = PCURVE('',#5696,#5701);
#5696 = CYLINDRICAL_SURFACE('',#5697,45.);
#5697 = AXIS2_PLACEMENT_3D('',#5698,#5699,#5700);
#5698 = CARTESIAN_POINT('',(0.,0.,263.));
#5699 = DIRECTION('',(0.,0.,1.));
#5700 = DIRECTION('',(1.,0.,-0.));
#5701 = DEFINITIONAL_REPRESENTATION('',(#5702),#5706);
#5702 = LINE('',#5703,#5704);
#5703 = CARTESIAN_POINT('',(6.28318530718,-0.));
#5704 = VECTOR('',#5705,1.);
#5705 = DIRECTION('',(0.,1.));
#5706 = ( GEOMETRIC_REPRESENTATION_CONTEXT(2) 
PARAMETRIC_REPRESENTATION_CONTEXT() REPRESENTATION_CONTEXT('2D SPACE',''
  ) );
#5707 = PCURVE('',#5696,#5708);
#5708 = DEFINITIONAL_REPRESENTATION('',(#5709),#5713);
#5709 = LINE('',#5710,#5711);
#5710 = CARTESIAN_POINT('',(0.,-0.));
#5711 = VECTOR('',#5712,1.);
#5712 = DIRECTION('',(0.,1.));
#5713 = ( GEOMETRIC_REPRESENTATION_CONTEXT(2) 
PARAMETRIC_REPRESENTATION_CONTEXT() REPRESENTATION_CONTEXT('2D SPACE',''
  ) );
#5714 = ORIENTED_EDGE('',*,*,#5715,.F.);
#5715 = EDGE_CURVE('',#5688,#5688,#5716,.T.);
#5716 = SURFACE_CURVE('',#5717,(#5722,#5729),.PCURVE_S1.);
#5717 = CIRCLE('',#5718,45.);
#5718 = AXIS2_PLACEMENT_3D('',#5719,#5720,#5721);
#5719 = CARTESIAN_POINT('',(0.,0.,303.));
#5720 = DIRECTION('',(0.,0.,1.));
#5721 = DIRECTION('',(1.,0.,-0.));
#5722 = PCURVE('',#5696,#5723);
#5723 = DEFINITIONAL_REPRESENTATION('',(#5724),#5728);
#5724 = LINE('',#5725,#5726);
#5725 = CARTESIAN_POINT('',(0.,40.));
#5726 = VECTOR('',#5727,1.);
#5727 = DIRECTION('',(1.,0.));
#5728 = ( GEOMETRIC_REPRESENTATION_CONTEXT(2) 
PARAMETRIC_REPRESENTATION_CONTEXT() REPRESENTATION_CONTEXT('2D SPACE',''
  ) );
#5729 = PCURVE('',#5730,#5735);
#5730 = PLANE('',#5731);
#5731 = AXIS2_PLACEMENT_3D('',#5732,#5733,#5734);
#5732 = CARTESIAN_POINT('',(0.,0.,303.));
#5733 = DIRECTION('',(0.,0.,1.));
#5734 = DIRECTION('',(1.,0.,-0.));
#5735 = DEFINITIONAL_REPRESENTATION('',(#5736),#5740);
#5736 = CIRCLE('',#5737,45.);
#5737 = AXIS2_PLACEMENT_2D('',#5738,#5739);
#5738 = CARTESIAN_POINT('',(0.,0.));
#5739 = DIRECTION('',(1.,0.));
#5740 = ( GEOMETRIC_REPRESENTATION_CONTEXT(2) 
PARAMETRIC_REPRESENTATION_CONTEXT() REPRESENTATION_CONTEXT('2D SPACE',''
  ) );
#5741 = ORIENTED_EDGE('',*,*,#5685,.F.);
#5742 = ORIENTED_EDGE('',*,*,#5743,.T.);
#5743 = EDGE_CURVE('',#5686,#5686,#5744,.T.);
#5744 = SURFACE_CURVE('',#5745,(#5750,#5757),.PCURVE_S1.);
#5745 = CIRCLE('',#5746,45.);
#5746 = AXIS2_PLACEMENT_3D('',#5747,#5748,#5749);
#5747 = CARTESIAN_POINT('',(0.,0.,263.));
#5748 = DIRECTION('',(0.,0.,1.));
#5749 = DIRECTION('',(1.,0.,-0.));
#5750 = PCURVE('',#5696,#5751);
#5751 = DEFINITIONAL_REPRESENTATION('',(#5752),#5756);
#5752 = LINE('',#5753,#5754);
#5753 = CARTESIAN_POINT('',(0.,0.));
#5754 = VECTOR('',#5755,1.);
#5755 = DIRECTION('',(1.,0.));
#5756 = ( GEOMETRIC_REPRESENTATION_CONTEXT(2) 
PARAMETRIC_REPRESENTATION_CONTEXT() REPRESENTATION_CONTEXT('2D SPACE',''
  ) );
#5757 = PCURVE('',#5758,#5763);
#5758 = PLANE('',#5759);
#5759 = AXIS2_PLACEMENT_3D('',#5760,#5761,#5762);
#5760 = CARTESIAN_POINT('',(0.,0.,263.));
#5761 = DIRECTION('',(0.,0.,1.));
#5762 = DIRECTION('',(1.,0.,-0.));
#5763 = DEFINITIONAL_REPRESENTATION('',(#5764),#5768);
#5764 = CIRCLE('',#5765,45.);
#5765 = AXIS2_PLACEMENT_2D('',#5766,#5767);
#5766 = CARTESIAN_POINT('',(0.,0.));
#5767 = DIRECTION('',(1.,0.));
#5768 = ( GEOMETRIC_REPRESENTATION_CONTEXT(2) 
PARAMETRIC_REPRESENTATION_CONTEXT() REPRESENTATION_CONTEXT('2D SPACE',''
  ) );
#5769 = FACE_BOUND('',#5770,.T.);
#5770 = EDGE_LOOP('',(#5771));
#5771 = ORIENTED_EDGE('',*,*,#5772,.T.);
#5772 = EDGE_CURVE('',#5773,#5773,#5775,.T.);
#5773 = VERTEX_POINT('',#5774);
#5774 = CARTESIAN_POINT('',(-45.,-2.449293598295E-15,268.));
#5775 = SURFACE_CURVE('',#5776,(#5889,#6005),.PCURVE_S1.);
#5776 = B_SPLINE_CURVE_WITH_KNOTS('',6,(#5777,#5778,#5779,#5780,#5781,
    #5782,#5783,#5784,#5785,#5786,#5787,#5788,#5789,#5790,#5791,#5792,
    #5793,#5794,#5795,#5796,#5797,#5798,#5799,#5800,#5801,#5802,#5803,
    #5804,#5805,#5806,#5807,#5808,#5809,#5810,#5811,#5812,#5813,#5814,
    #5815,#5816,#5817,#5818,#5819,#5820,#5821,#5822,#5823,#5824,#5825,
    #5826,#5827,#5828,#5829,#5830,#5831,#5832,#5833,#5834,#5835,#5836,
    #5837,#5838,#5839,#5840,#5841,#5842,#5843,#5844,#5845,#5846,#5847,
    #5848,#5849,#5850,#5851,#5852,#5853,#5854,#5855,#5856,#5857,#5858,
    #5859,#5860,#5861,#5862,#5863,#5864,#5865,#5866,#5867,#5868,#5869,
    #5870,#5871,#5872,#5873,#5874,#5875,#5876,#5877,#5878,#5879,#5880,
    #5881,#5882,#5883,#5884,#5885,#5886,#5887,#5888),.UNSPECIFIED.,.T.,
  .F.,(7,5,5,5,5,5,5,5,5,5,5,5,5,5,5,5,5,5,5,5,5,5,7),(0.,
    4.439718954243E-02,7.296511093794E-02,0.112526263289,0.145872894755,
    0.192936820839,0.249976944382,0.326928366207,0.387440996549,
    0.4270090498,0.470677620137,0.499955762802,0.529234018366,
    0.572902700105,0.612470855443,0.645823389776,0.692895646861,
    0.749945867337,0.826910910684,0.887434252644,0.927009310755,
    0.955587273787,1.),.UNSPECIFIED.);
#5777 = CARTESIAN_POINT('',(-45.,1.7763568394E-15,268.));
#5778 = CARTESIAN_POINT('',(-45.,0.56838116088,268.));
#5779 = CARTESIAN_POINT('',(-44.99138522739,1.135563624222,
    268.03876699174));
#5780 = CARTESIAN_POINT('',(-44.97422324587,1.695799510327,
    268.11599348427));
#5781 = CARTESIAN_POINT('',(-44.94915225334,2.243429984284,
    268.22989046586));
#5782 = CARTESIAN_POINT('',(-44.91734829246,2.773147578942,
    268.37722442662));
#5783 = CARTESIAN_POINT('',(-44.85643593814,3.606548996086,
    268.66661293717));
#5784 = CARTESIAN_POINT('',(-44.83037560922,3.923947121653,
    268.79198132191));
#5785 = CARTESIAN_POINT('',(-44.80242424313,4.231974266762,
    268.92851894692));
#5786 = CARTESIAN_POINT('',(-44.77291136061,4.530230065817,
    269.07531718396));
#5787 = CARTESIAN_POINT('',(-44.74216533685,4.818382250768,
    269.2314523863));
#5788 = CARTESIAN_POINT('',(-44.66665691578,5.480844818227,
    269.62382957111));
#5789 = CARTESIAN_POINT('',(-44.62104200323,5.845741390979,
    269.86783683231));
#5790 = CARTESIAN_POINT('',(-44.57441150598,6.190911093014,
    270.1259849483));
#5791 = CARTESIAN_POINT('',(-44.52743555398,6.516540271371,
    270.39648922066));
#5792 = CARTESIAN_POINT('',(-44.48069994285,6.822907627105,
    270.67777125852));
#5793 = CARTESIAN_POINT('',(-44.39593488909,7.352630172413,
    271.21342824198));
#5794 = CARTESIAN_POINT('',(-44.35768118507,7.581528533564,
    271.46515221667));
#5795 = CARTESIAN_POINT('',(-44.3202317533,7.797305120476,
    271.72284974059));
#5796 = CARTESIAN_POINT('',(-44.28383602574,8.000218248995,
    271.98585898245));
#5797 = CARTESIAN_POINT('',(-44.24870820802,8.19051997514,272.2536072348
    ));
#5798 = CARTESIAN_POINT('',(-44.16749973312,8.619587779734,
    272.90950418351));
#5799 = CARTESIAN_POINT('',(-44.12285577167,8.846098698991,
    273.30189050501));
#5800 = CARTESIAN_POINT('',(-44.0816221969,9.048620036275,
    273.70133246849));
#5801 = CARTESIAN_POINT('',(-44.04420767913,9.227716918277,
    274.10664365916));
#5802 = CARTESIAN_POINT('',(-44.010927642,9.383864989405,274.51682945729
    ));
#5803 = CARTESIAN_POINT('',(-43.94699748926,9.679299639325,
    275.43302472772));
#5804 = CARTESIAN_POINT('',(-43.91840233807,9.807987316562,
    275.9408878395));
#5805 = CARTESIAN_POINT('',(-43.89668028362,9.904093471918,
    276.45293485907));
#5806 = CARTESIAN_POINT('',(-43.88210929811,9.968028721996,
    276.96769984046));
#5807 = CARTESIAN_POINT('',(-43.87482193696,10.,277.48383294329));
#5808 = CARTESIAN_POINT('',(-43.87482193696,10.,278.69634822727));
#5809 = CARTESIAN_POINT('',(-43.88808435361,9.941811515301,
    279.39254226565));
#5810 = CARTESIAN_POINT('',(-43.91459739709,9.82548529034,
    280.08538439581));
#5811 = CARTESIAN_POINT('',(-43.95391647952,9.650304499184,
    280.77161580921));
#5812 = CARTESIAN_POINT('',(-44.00513890304,9.414889171752,
    281.44744007233));
#5813 = CARTESIAN_POINT('',(-44.11514863061,8.883174692866,
    282.62750988333));
#5814 = CARTESIAN_POINT('',(-44.16998061675,8.610632973049,
    283.1375483453));
#5815 = CARTESIAN_POINT('',(-44.23048968577,8.298535336573,
    283.63605424317));
#5816 = CARTESIAN_POINT('',(-44.29571521104,7.945484600257,
    284.12037796142));
#5817 = CARTESIAN_POINT('',(-44.36436305204,7.549932163474,
    284.58705940896));
#5818 = CARTESIAN_POINT('',(-44.48069994199,6.822907632468,
    285.32222873605));
#5819 = CARTESIAN_POINT('',(-44.52743555534,6.516540261439,
    285.60351078727));
#5820 = CARTESIAN_POINT('',(-44.574411506,6.190911093891,285.87401505221
    ));
#5821 = CARTESIAN_POINT('',(-44.62104200187,5.845741401325,
    286.13216315998));
#5822 = CARTESIAN_POINT('',(-44.6666569166,5.480844810979,
    286.37617043318));
#5823 = CARTESIAN_POINT('',(-44.75889315888,4.671623044707,
    286.85547322571));
#5824 = CARTESIAN_POINT('',(-44.80521801642,4.222205785072,
    287.08770705434));
#5825 = CARTESIAN_POINT('',(-44.84826918289,3.749284299462,
    287.29691128348));
#5826 = CARTESIAN_POINT('',(-44.88679533816,3.254677755938,
    287.47958246755));
#5827 = CARTESIAN_POINT('',(-44.9196125799,2.740614328992,
    287.63251695992));
#5828 = CARTESIAN_POINT('',(-44.96321514218,1.853726253772,
    287.83345891331));
#5829 = CARTESIAN_POINT('',(-44.97768019271,1.490531929008,
    287.89935667363));
#5830 = CARTESIAN_POINT('',(-44.98877357416,1.12178127444,
    287.94948408519));
#5831 = CARTESIAN_POINT('',(-44.99625631849,0.749234722089,
    287.98315179446));
#5832 = CARTESIAN_POINT('',(-45.,0.374701240898,288.));
#5833 = CARTESIAN_POINT('',(-45.,-0.374702685772,288.));
#5834 = CARTESIAN_POINT('',(-44.99625628949,-0.749236171097,
    287.98315166456));
#5835 = CARTESIAN_POINT('',(-44.98877354187,-1.121782005682,
    287.9494839383));
#5836 = CARTESIAN_POINT('',(-44.9776801877,-1.490531848763,
    287.8993566494));
#5837 = CARTESIAN_POINT('',(-44.96321516482,-1.853725793331,
    287.83345901763));
#5838 = CARTESIAN_POINT('',(-44.9196125802,-2.740614322894,
    287.6325169613));
#5839 = CARTESIAN_POINT('',(-44.88679533753,-3.254677764551,
    287.47958246446));
#5840 = CARTESIAN_POINT('',(-44.84826918298,-3.749284300319,
    287.29691128401));
#5841 = CARTESIAN_POINT('',(-44.80521801709,-4.222205776884,
    287.08770705767));
#5842 = CARTESIAN_POINT('',(-44.75889315839,-4.671623049011,
    286.85547322316));
#5843 = CARTESIAN_POINT('',(-44.66665691578,-5.480844818227,
    286.37617042888));
#5844 = CARTESIAN_POINT('',(-44.62104200323,-5.845741390979,
    286.13216316768));
#5845 = CARTESIAN_POINT('',(-44.57441150598,-6.190911093014,
    285.87401505169));
#5846 = CARTESIAN_POINT('',(-44.52743555398,-6.516540271371,
    285.60351077933));
#5847 = CARTESIAN_POINT('',(-44.48069994285,-6.822907627104,
    285.32222874147));
#5848 = CARTESIAN_POINT('',(-44.39593488914,-7.352630172089,
    284.78657175834));
#5849 = CARTESIAN_POINT('',(-44.35768118508,-7.581528533557,
    284.53484778339));
#5850 = CARTESIAN_POINT('',(-44.32023175326,-7.797305120708,
    284.27715025912));
#5851 = CARTESIAN_POINT('',(-44.28383602571,-8.000218249121,
    284.01414101732));
#5852 = CARTESIAN_POINT('',(-44.24870820805,-8.190519974988,
    283.74639276542));
#5853 = CARTESIAN_POINT('',(-44.16749973312,-8.619587779734,
    283.09049581648));
#5854 = CARTESIAN_POINT('',(-44.12285577167,-8.846098698991,
    282.69810949498));
#5855 = CARTESIAN_POINT('',(-44.0816221969,-9.048620036275,
    282.2986675315));
#5856 = CARTESIAN_POINT('',(-44.04420767913,-9.227716918277,
    281.89335634083));
#5857 = CARTESIAN_POINT('',(-44.010927642,-9.383864989405,281.4831705427
    ));
#5858 = CARTESIAN_POINT('',(-43.94699748926,-9.679299639325,
    280.56697527227));
#5859 = CARTESIAN_POINT('',(-43.91840233807,-9.807987316562,
    280.05911216049));
#5860 = CARTESIAN_POINT('',(-43.89668028362,-9.904093471918,
    279.54706514092));
#5861 = CARTESIAN_POINT('',(-43.88210929811,-9.968028721996,
    279.03230015953));
#5862 = CARTESIAN_POINT('',(-43.87482193696,-10.,278.5161670567));
#5863 = CARTESIAN_POINT('',(-43.87482193696,-10.,277.30365177272));
#5864 = CARTESIAN_POINT('',(-43.88808435361,-9.941811515301,
    276.60745773434));
#5865 = CARTESIAN_POINT('',(-43.91459739709,-9.825485290341,
    275.91461560418));
#5866 = CARTESIAN_POINT('',(-43.95391647952,-9.650304499183,
    275.22838419078));
#5867 = CARTESIAN_POINT('',(-44.00513890304,-9.414889171753,
    274.55255992766));
#5868 = CARTESIAN_POINT('',(-44.11514863061,-8.883174692866,
    273.37249011667));
#5869 = CARTESIAN_POINT('',(-44.16998061675,-8.610632973049,
    272.86245165469));
#5870 = CARTESIAN_POINT('',(-44.23048968577,-8.298535336573,
    272.36394575682));
#5871 = CARTESIAN_POINT('',(-44.29571521104,-7.945484600257,
    271.87962203857));
#5872 = CARTESIAN_POINT('',(-44.36436305204,-7.549932163474,
    271.41294059103));
#5873 = CARTESIAN_POINT('',(-44.48069994285,-6.822907627099,
    270.67777125851));
#5874 = CARTESIAN_POINT('',(-44.52743555398,-6.516540271372,
    270.39648922067));
#5875 = CARTESIAN_POINT('',(-44.57441150598,-6.190911093021,
    270.12598494831));
#5876 = CARTESIAN_POINT('',(-44.62104200323,-5.845741390981,
    269.86783683231));
#5877 = CARTESIAN_POINT('',(-44.66665691578,-5.48084481822,
    269.6238295711));
#5878 = CARTESIAN_POINT('',(-44.74216533685,-4.818382250768,
    269.2314523863));
#5879 = CARTESIAN_POINT('',(-44.77291136061,-4.530230065817,
    269.07531718396));
#5880 = CARTESIAN_POINT('',(-44.80242424313,-4.231974266762,
    268.92851894692));
#5881 = CARTESIAN_POINT('',(-44.83037560922,-3.923947121653,
    268.79198132191));
#5882 = CARTESIAN_POINT('',(-44.85643593814,-3.606548996086,
    268.66661293717));
#5883 = CARTESIAN_POINT('',(-44.91734823492,-2.77314836631,
    268.37722470002));
#5884 = CARTESIAN_POINT('',(-44.94915224757,-2.243430356716,
    268.22989048094));
#5885 = CARTESIAN_POINT('',(-44.97422330806,-1.695798723405,
    268.11599320244));
#5886 = CARTESIAN_POINT('',(-44.99138529006,-1.135561698318,
    268.03876671019));
#5887 = CARTESIAN_POINT('',(-45.,-0.568379093617,268.));
#5888 = CARTESIAN_POINT('',(-45.,1.7763568394E-15,268.));
#5889 = PCURVE('',#5696,#5890);
#5890 = DEFINITIONAL_REPRESENTATION('',(#5891),#6004);
#5891 = B_SPLINE_CURVE_WITH_KNOTS('',6,(#5892,#5893,#5894,#5895,#5896,
    #5897,#5898,#5899,#5900,#5901,#5902,#5903,#5904,#5905,#5906,#5907,
    #5908,#5909,#5910,#5911,#5912,#5913,#5914,#5915,#5916,#5917,#5918,
    #5919,#5920,#5921,#5922,#5923,#5924,#5925,#5926,#5927,#5928,#5929,
    #5930,#5931,#5932,#5933,#5934,#5935,#5936,#5937,#5938,#5939,#5940,
    #5941,#5942,#5943,#5944,#5945,#5946,#5947,#5948,#5949,#5950,#5951,
    #5952,#5953,#5954,#5955,#5956,#5957,#5958,#5959,#5960,#5961,#5962,
    #5963,#5964,#5965,#5966,#5967,#5968,#5969,#5970,#5971,#5972,#5973,
    #5974,#5975,#5976,#5977,#5978,#5979,#5980,#5981,#5982,#5983,#5984,
    #5985,#5986,#5987,#5988,#5989,#5990,#5991,#5992,#5993,#5994,#5995,
    #5996,#5997,#5998,#5999,#6000,#6001,#6002,#6003),.UNSPECIFIED.,.T.,
  .F.,(7,5,5,5,5,5,5,5,5,5,5,5,5,5,5,5,5,5,5,5,5,5,7),(0.,
    4.439718954243E-02,7.296511093794E-02,0.112526263289,0.145872894755,
    0.192936820839,0.249976944382,0.326928366207,0.387440996549,
    0.4270090498,0.470677620137,0.499955762802,0.529234018366,
    0.572902700105,0.612470855443,0.645823389776,0.692895646861,
    0.749945867337,0.826910910684,0.887434252644,0.927009310755,
    0.955587273787,1.),.UNSPECIFIED.);
#5892 = CARTESIAN_POINT('',(3.14159265359,5.));
#5893 = CARTESIAN_POINT('',(3.128961961126,5.));
#5894 = CARTESIAN_POINT('',(3.116357904888,5.038766991741));
#5895 = CARTESIAN_POINT('',(3.103904599021,5.115993484275));
#5896 = CARTESIAN_POINT('',(3.091724206714,5.229890465867));
#5897 = CARTESIAN_POINT('',(3.079932500812,5.377224426622));
#5898 = CARTESIAN_POINT('',(3.061363068382,5.666612937171));
#5899 = CARTESIAN_POINT('',(3.05428632683,5.791981321911));
#5900 = CARTESIAN_POINT('',(3.047413518353,5.928518946926));
#5901 = CARTESIAN_POINT('',(3.040753547569,6.07531718396));
#5902 = CARTESIAN_POINT('',(3.034313983612,6.231452386307));
#5903 = CARTESIAN_POINT('',(3.019497273411,6.623829571111));
#5904 = CARTESIAN_POINT('',(3.011325830571,6.867836832318));
#5905 = CARTESIAN_POINT('',(3.003586242334,7.125984948305));
#5906 = CARTESIAN_POINT('',(2.996275505885,7.396489220669));
#5907 = CARTESIAN_POINT('',(2.989388765954,7.677771258524));
#5908 = CARTESIAN_POINT('',(2.977467396214,8.213428241983));
#5909 = CARTESIAN_POINT('',(2.972310344885,8.465152216679));
#5910 = CARTESIAN_POINT('',(2.967443759224,8.722849740595));
#5911 = CARTESIAN_POINT('',(2.962862709365,8.98585898245));
#5912 = CARTESIAN_POINT('',(2.958562382703,9.253607234803));
#5913 = CARTESIAN_POINT('',(2.948858266296,9.909504183517));
#5914 = CARTESIAN_POINT('',(2.94372799845,10.301890505018));
#5915 = CARTESIAN_POINT('',(2.939135304841,10.701332468496));
#5916 = CARTESIAN_POINT('',(2.935069504115,11.106643659166));
#5917 = CARTESIAN_POINT('',(2.931521630122,11.516829457299));
#5918 = CARTESIAN_POINT('',(2.924804462259,12.433024727723));
#5919 = CARTESIAN_POINT('',(2.921875027972,12.940887839504));
#5920 = CARTESIAN_POINT('',(2.919685476434,13.452934859073));
#5921 = CARTESIAN_POINT('',(2.918228252855,13.967699840462));
#5922 = CARTESIAN_POINT('',(2.917499561288,14.483832943294));
#5923 = CARTESIAN_POINT('',(2.917499561288,15.696348227273));
#5924 = CARTESIAN_POINT('',(2.918825800975,16.392542265651));
#5925 = CARTESIAN_POINT('',(2.921477116801,17.085384395814));
#5926 = CARTESIAN_POINT('',(2.92546686328,17.771615809218));
#5927 = CARTESIAN_POINT('',(2.930820439068,18.447440072337));
#5928 = CARTESIAN_POINT('',(2.942886561978,19.62750988333));
#5929 = CARTESIAN_POINT('',(2.949064296473,20.137548345308));
#5930 = CARTESIAN_POINT('',(2.956128694956,20.636054243172));
#5931 = CARTESIAN_POINT('',(2.964106441306,21.120377961427));
#5932 = CARTESIAN_POINT('',(2.973027128367,21.587059408961));
#5933 = CARTESIAN_POINT('',(2.989388765833,22.322228736053));
#5934 = CARTESIAN_POINT('',(2.996275506108,22.603510787271));
#5935 = CARTESIAN_POINT('',(3.003586242315,22.874015052217));
#5936 = CARTESIAN_POINT('',(3.01132583034,23.132163159987));
#5937 = CARTESIAN_POINT('',(3.019497273573,23.376170433182));
#5938 = CARTESIAN_POINT('',(3.037596416058,23.855473225715));
#5939 = CARTESIAN_POINT('',(3.047635808119,24.087707054344));
#5940 = CARTESIAN_POINT('',(3.058187425455,24.296911283483));
#5941 = CARTESIAN_POINT('',(3.069210455871,24.479582467553));
#5942 = CARTESIAN_POINT('',(3.080656107969,24.632516959922));
#5943 = CARTESIAN_POINT('',(3.100388535894,24.833458913313));
#5944 = CARTESIAN_POINT('',(3.108465569755,24.89935667363));
#5945 = CARTESIAN_POINT('',(3.116663140063,24.949484085196));
#5946 = CARTESIAN_POINT('',(3.124942994118,24.983151794462));
#5947 = CARTESIAN_POINT('',(3.133265959348,25.));
#5948 = CARTESIAN_POINT('',(3.14991937994,25.));
#5949 = CARTESIAN_POINT('',(3.158242345263,24.983151664561));
#5950 = CARTESIAN_POINT('',(3.166522183377,24.949483938302));
#5951 = CARTESIAN_POINT('',(3.174719735649,24.899356649402));
#5952 = CARTESIAN_POINT('',(3.182796761041,24.833459017635));
#5953 = CARTESIAN_POINT('',(3.202529199075,24.632516961304));
#5954 = CARTESIAN_POINT('',(3.2139748515,24.479582464466));
#5955 = CARTESIAN_POINT('',(3.224997881744,24.296911284015));
#5956 = CARTESIAN_POINT('',(3.235549498878,24.087707057675));
#5957 = CARTESIAN_POINT('',(3.245588891218,23.855473223166));
#5958 = CARTESIAN_POINT('',(3.263688033769,23.376170428889));
#5959 = CARTESIAN_POINT('',(3.271859476608,23.132163167682));
#5960 = CARTESIAN_POINT('',(3.279599064845,22.874015051694));
#5961 = CARTESIAN_POINT('',(3.286909801295,22.603510779331));
#5962 = CARTESIAN_POINT('',(3.293796541226,22.322228741477));
#5963 = CARTESIAN_POINT('',(3.305717910958,21.786571758345));
#5964 = CARTESIAN_POINT('',(3.310874962294,21.534847783392));
#5965 = CARTESIAN_POINT('',(3.315741547961,21.277150259124));
#5966 = CARTESIAN_POINT('',(3.320322597818,21.014141017329));
#5967 = CARTESIAN_POINT('',(3.324622924474,20.746392765429));
#5968 = CARTESIAN_POINT('',(3.334327040883,20.090495816483));
#5969 = CARTESIAN_POINT('',(3.339457308729,19.698109494982));
#5970 = CARTESIAN_POINT('',(3.344050002338,19.298667531505));
#5971 = CARTESIAN_POINT('',(3.348115803064,18.893356340835));
#5972 = CARTESIAN_POINT('',(3.351663677058,18.483170542701));
#5973 = CARTESIAN_POINT('',(3.358380844921,17.566975272277));
#5974 = CARTESIAN_POINT('',(3.361310279208,17.059112160496));
#5975 = CARTESIAN_POINT('',(3.363499830745,16.547065140927));
#5976 = CARTESIAN_POINT('',(3.364957054324,16.032300159538));
#5977 = CARTESIAN_POINT('',(3.365685745891,15.516167056706));
#5978 = CARTESIAN_POINT('',(3.365685745891,14.303651772727));
#5979 = CARTESIAN_POINT('',(3.364359506205,13.607457734347));
#5980 = CARTESIAN_POINT('',(3.361708190379,12.914615604188));
#5981 = CARTESIAN_POINT('',(3.3577184439,12.228384190781));
#5982 = CARTESIAN_POINT('',(3.352364868111,11.552559927664));
#5983 = CARTESIAN_POINT('',(3.340298745201,10.37249011667));
#5984 = CARTESIAN_POINT('',(3.334121010707,9.862451654692));
#5985 = CARTESIAN_POINT('',(3.327056612224,9.363945756828));
#5986 = CARTESIAN_POINT('',(3.319078865874,8.879622038573));
#5987 = CARTESIAN_POINT('',(3.310158178812,8.412940591039));
#5988 = CARTESIAN_POINT('',(3.293796541226,7.677771258518));
#5989 = CARTESIAN_POINT('',(3.286909801295,7.396489220672));
#5990 = CARTESIAN_POINT('',(3.279599064846,7.125984948311));
#5991 = CARTESIAN_POINT('',(3.271859476608,6.867836832318));
#5992 = CARTESIAN_POINT('',(3.263688033769,6.623829571107));
#5993 = CARTESIAN_POINT('',(3.248871323567,6.231452386307));
#5994 = CARTESIAN_POINT('',(3.24243175961,6.07531718396));
#5995 = CARTESIAN_POINT('',(3.235771788826,5.928518946926));
#5996 = CARTESIAN_POINT('',(3.228898980349,5.791981321911));
#5997 = CARTESIAN_POINT('',(3.221822238797,5.666612937171));
#5998 = CARTESIAN_POINT('',(3.203252823912,5.377224700026));
#5999 = CARTESIAN_POINT('',(3.191461108729,5.229890480947));
#6000 = CARTESIAN_POINT('',(3.179280690631,5.115993202443));
#6001 = CARTESIAN_POINT('',(3.166827359494,5.038766710199));
#6002 = CARTESIAN_POINT('',(3.154223300115,5.));
#6003 = CARTESIAN_POINT('',(3.14159265359,5.));
#6004 = ( GEOMETRIC_REPRESENTATION_CONTEXT(2) 
PARAMETRIC_REPRESENTATION_CONTEXT() REPRESENTATION_CONTEXT('2D SPACE',''
  ) );
#6005 = PCURVE('',#6006,#6011);
#6006 = CYLINDRICAL_SURFACE('',#6007,10.);
#6007 = AXIS2_PLACEMENT_3D('',#6008,#6009,#6010);
#6008 = CARTESIAN_POINT('',(-55.,0.,278.));
#6009 = DIRECTION('',(1.,0.,2.22044604925E-16));
#6010 = DIRECTION('',(2.22044604925E-16,0.,-1.));
#6011 = DEFINITIONAL_REPRESENTATION('',(#6012),#6125);
#6012 = B_SPLINE_CURVE_WITH_KNOTS('',6,(#6013,#6014,#6015,#6016,#6017,
    #6018,#6019,#6020,#6021,#6022,#6023,#6024,#6025,#6026,#6027,#6028,
    #6029,#6030,#6031,#6032,#6033,#6034,#6035,#6036,#6037,#6038,#6039,
    #6040,#6041,#6042,#6043,#6044,#6045,#6046,#6047,#6048,#6049,#6050,
    #6051,#6052,#6053,#6054,#6055,#6056,#6057,#6058,#6059,#6060,#6061,
    #6062,#6063,#6064,#6065,#6066,#6067,#6068,#6069,#6070,#6071,#6072,
    #6073,#6074,#6075,#6076,#6077,#6078,#6079,#6080,#6081,#6082,#6083,
    #6084,#6085,#6086,#6087,#6088,#6089,#6090,#6091,#6092,#6093,#6094,
    #6095,#6096,#6097,#6098,#6099,#6100,#6101,#6102,#6103,#6104,#6105,
    #6106,#6107,#6108,#6109,#6110,#6111,#6112,#6113,#6114,#6115,#6116,
    #6117,#6118,#6119,#6120,#6121,#6122,#6123,#6124),.UNSPECIFIED.,.F.,
  .F.,(7,5,5,5,5,5,5,5,5,5,5,5,5,5,5,5,5,5,5,5,5,5,7),(0.,
    4.439718954243E-02,7.296511093794E-02,0.112526263289,0.145872894755,
    0.192936820839,0.249976944382,0.326928366207,0.387440996549,
    0.4270090498,0.470677620137,0.499955762802,0.529234018366,
    0.572902700105,0.612470855443,0.645823389776,0.692895646861,
    0.749945867337,0.826910910684,0.887434252644,0.927009310755,
    0.955587273787,1.),.UNSPECIFIED.);
#6013 = CARTESIAN_POINT('',(0.,10.));
#6014 = CARTESIAN_POINT('',(5.6838116088E-02,10.));
#6015 = CARTESIAN_POINT('',(0.113556357258,10.008614772605));
#6016 = CARTESIAN_POINT('',(0.169910491155,10.025776754128));
#6017 = CARTESIAN_POINT('',(0.225658007858,10.050847746654));
#6018 = CARTESIAN_POINT('',(0.280531705906,10.082651707531));
#6019 = CARTESIAN_POINT('',(0.368753224377,10.143564061859));
#6020 = CARTESIAN_POINT('',(0.402849247126,10.169624390772));
#6021 = CARTESIAN_POINT('',(0.436500549334,10.197575756862));
#6022 = CARTESIAN_POINT('',(0.469704203911,10.227088639383));
#6023 = CARTESIAN_POINT('',(0.502453765353,10.257834663145));
#6024 = CARTESIAN_POINT('',(0.579448343633,10.333343084218));
#6025 = CARTESIAN_POINT('',(0.623279179523,10.378957996767));
#6026 = CARTESIAN_POINT('',(0.666293979034,10.425588494012));
#6027 = CARTESIAN_POINT('',(0.708547716804,10.47256444602));
#6028 = CARTESIAN_POINT('',(0.750090223442,10.519300057149));
#6029 = CARTESIAN_POINT('',(0.825425101084,10.60406511091));
#6030 = CARTESIAN_POINT('',(0.859418707229,10.642318814925));
#6031 = CARTESIAN_POINT('',(0.892987974149,10.679768246697));
#6032 = CARTESIAN_POINT('',(0.926167888422,10.716163974258));
#6033 = CARTESIAN_POINT('',(0.958992127038,10.751291791974));
#6034 = CARTESIAN_POINT('',(1.03736941892,10.832500266878));
#6035 = CARTESIAN_POINT('',(1.08260624158,10.87714422833));
#6036 = CARTESIAN_POINT('',(1.127293778429,10.918377803096));
#6037 = CARTESIAN_POINT('',(1.171513901492,10.955792320861));
#6038 = CARTESIAN_POINT('',(1.21534512652,10.989072357999));
#6039 = CARTESIAN_POINT('',(1.311610146435,11.05300251074));
#6040 = CARTESIAN_POINT('',(1.363895086758,11.08159766193));
#6041 = CARTESIAN_POINT('',(1.415842221052,11.103319716372));
#6042 = CARTESIAN_POINT('',(1.46756635046,11.117890701886));
#6043 = CARTESIAN_POINT('',(1.519179621124,11.125178063039));
#6044 = CARTESIAN_POINT('',(1.640431149522,11.125178063039));
#6045 = CARTESIAN_POINT('',(1.710050635686,11.111915646389));
#6046 = CARTESIAN_POINT('',(1.77994224806,11.08540260291));
#6047 = CARTESIAN_POINT('',(1.850388389841,11.046083520476));
#6048 = CARTESIAN_POINT('',(1.921675922827,10.994861096956));
#6049 = CARTESIAN_POINT('',(2.051108725697,10.884851369389));
#6050 = CARTESIAN_POINT('',(2.108805923346,10.830019383243));
#6051 = CARTESIAN_POINT('',(2.167410802307,10.769510314221));
#6052 = CARTESIAN_POINT('',(2.227111492625,10.70428478896));
#6053 = CARTESIAN_POINT('',(2.288108106128,10.635636947954));
#6054 = CARTESIAN_POINT('',(2.391502429385,10.519300058007));
#6055 = CARTESIAN_POINT('',(2.433044938066,10.472564444656));
#6056 = CARTESIAN_POINT('',(2.475298674519,10.425588493998));
#6057 = CARTESIAN_POINT('',(2.518313472769,10.378957998124));
#6058 = CARTESIAN_POINT('',(2.5621443108,10.333343083392));
#6059 = CARTESIAN_POINT('',(2.656195947358,10.241106841119));
#6060 = CARTESIAN_POINT('',(2.706698821667,10.194781983575));
#6061 = CARTESIAN_POINT('',(2.75826691275,10.151730817105));
#6062 = CARTESIAN_POINT('',(2.810831552714,10.113204661837));
#6063 = CARTESIAN_POINT('',(2.864346636505,10.080387420094));
#6064 = CARTESIAN_POINT('',(2.955283324734,10.036784857811));
#6065 = CARTESIAN_POINT('',(2.992161109086,10.022319807287));
#6066 = CARTESIAN_POINT('',(3.029319828219,10.011226425833));
#6067 = CARTESIAN_POINT('',(3.066669182395,10.003743681508));
#6068 = CARTESIAN_POINT('',(3.1041225295,10.));
#6069 = CARTESIAN_POINT('',(3.179062922167,10.));
#6070 = CARTESIAN_POINT('',(3.216516269744,10.003743710508));
#6071 = CARTESIAN_POINT('',(3.253865553075,10.01122645813));
#6072 = CARTESIAN_POINT('',(3.291024190864,10.022319812294));
#6073 = CARTESIAN_POINT('',(3.327901935234,10.036784835174));
#6074 = CARTESIAN_POINT('',(3.418838670049,10.080387419795));
#6075 = CARTESIAN_POINT('',(3.47235375539,10.113204662466));
#6076 = CARTESIAN_POINT('',(3.52491839449,10.151730817019));
#6077 = CARTESIAN_POINT('',(3.57648648462,10.194781982907));
#6078 = CARTESIAN_POINT('',(3.626989360321,10.241106841609));
#6079 = CARTESIAN_POINT('',(3.721040997222,10.333343084218));
#6080 = CARTESIAN_POINT('',(3.764871833113,10.378957996767));
#6081 = CARTESIAN_POINT('',(3.807886632624,10.425588494012));
#6082 = CARTESIAN_POINT('',(3.850140370394,10.47256444602));
#6083 = CARTESIAN_POINT('',(3.891682877032,10.519300057149));
#6084 = CARTESIAN_POINT('',(3.967017754628,10.604065110858));
#6085 = CARTESIAN_POINT('',(4.001011360813,10.64231881492));
#6086 = CARTESIAN_POINT('',(4.034580627775,10.679768246737));
#6087 = CARTESIAN_POINT('',(4.067760542037,10.716163974283));
#6088 = CARTESIAN_POINT('',(4.1005847806,10.751291791945));
#6089 = CARTESIAN_POINT('',(4.178962072509,10.832500266878));
#6090 = CARTESIAN_POINT('',(4.22419889517,10.87714422833));
#6091 = CARTESIAN_POINT('',(4.268886432019,10.918377803096));
#6092 = CARTESIAN_POINT('',(4.313106555082,10.955792320861));
#6093 = CARTESIAN_POINT('',(4.35693778011,10.989072357999));
#6094 = CARTESIAN_POINT('',(4.453202800024,11.05300251074));
#6095 = CARTESIAN_POINT('',(4.505487740348,11.08159766193));
#6096 = CARTESIAN_POINT('',(4.557434874642,11.103319716372));
#6097 = CARTESIAN_POINT('',(4.60915900405,11.117890701886));
#6098 = CARTESIAN_POINT('',(4.660772274714,11.125178063039));
#6099 = CARTESIAN_POINT('',(4.782023803112,11.125178063039));
#6100 = CARTESIAN_POINT('',(4.851643289276,11.111915646389));
#6101 = CARTESIAN_POINT('',(4.921534901649,11.08540260291));
#6102 = CARTESIAN_POINT('',(4.991981043431,11.046083520476));
#6103 = CARTESIAN_POINT('',(5.063268576417,10.994861096956));
#6104 = CARTESIAN_POINT('',(5.192701379287,10.884851369389));
#6105 = CARTESIAN_POINT('',(5.250398576936,10.830019383243));
#6106 = CARTESIAN_POINT('',(5.309003455896,10.769510314221));
#6107 = CARTESIAN_POINT('',(5.368704146215,10.70428478896));
#6108 = CARTESIAN_POINT('',(5.429700759718,10.635636947954));
#6109 = CARTESIAN_POINT('',(5.533095083739,10.519300057148));
#6110 = CARTESIAN_POINT('',(5.574637590375,10.47256444602));
#6111 = CARTESIAN_POINT('',(5.616891328145,10.425588494013));
#6112 = CARTESIAN_POINT('',(5.659906127656,10.378957996767));
#6113 = CARTESIAN_POINT('',(5.703736963548,10.333343084217));
#6114 = CARTESIAN_POINT('',(5.780731541826,10.257834663145));
#6115 = CARTESIAN_POINT('',(5.813481103269,10.227088639383));
#6116 = CARTESIAN_POINT('',(5.846684757846,10.197575756862));
#6117 = CARTESIAN_POINT('',(5.880336060054,10.169624390772));
#6118 = CARTESIAN_POINT('',(5.914432082803,10.143564061859));
#6119 = CARTESIAN_POINT('',(6.002653517925,10.082651765079));
#6120 = CARTESIAN_POINT('',(6.057527263638,10.050847752422));
#6121 = CARTESIAN_POINT('',(6.113274898329,10.025776691939));
#6122 = CARTESIAN_POINT('',(6.169629142509,10.008614709931));
#6123 = CARTESIAN_POINT('',(6.226347397818,10.));
#6124 = CARTESIAN_POINT('',(6.28318530718,10.));
#6125 = ( GEOMETRIC_REPRESENTATION_CONTEXT(2) 
PARAMETRIC_REPRESENTATION_CONTEXT() REPRESENTATION_CONTEXT('2D SPACE',''
  ) );
#6126 = ADVANCED_FACE('',(#6127,#6130,#6161,#6192,#6223,#6254),#5758,.F.
  );
#6127 = FACE_BOUND('',#6128,.F.);
#6128 = EDGE_LOOP('',(#6129));
#6129 = ORIENTED_EDGE('',*,*,#5743,.T.);
#6130 = FACE_BOUND('',#6131,.F.);
#6131 = EDGE_LOOP('',(#6132));
#6132 = ORIENTED_EDGE('',*,*,#6133,.F.);
#6133 = EDGE_CURVE('',#6134,#6134,#6136,.T.);
#6134 = VERTEX_POINT('',#6135);
#6135 = CARTESIAN_POINT('',(-25.58427124746,-28.28427124746,263.));
#6136 = SURFACE_CURVE('',#6137,(#6142,#6149),.PCURVE_S1.);
#6137 = CIRCLE('',#6138,2.7);
#6138 = AXIS2_PLACEMENT_3D('',#6139,#6140,#6141);
#6139 = CARTESIAN_POINT('',(-28.28427124746,-28.28427124746,263.));
#6140 = DIRECTION('',(0.,0.,1.));
#6141 = DIRECTION('',(1.,0.,-0.));
#6142 = PCURVE('',#5758,#6143);
#6143 = DEFINITIONAL_REPRESENTATION('',(#6144),#6148);
#6144 = CIRCLE('',#6145,2.7);
#6145 = AXIS2_PLACEMENT_2D('',#6146,#6147);
#6146 = CARTESIAN_POINT('',(-28.28427124746,-28.28427124746));
#6147 = DIRECTION('',(1.,0.));
#6148 = ( GEOMETRIC_REPRESENTATION_CONTEXT(2) 
PARAMETRIC_REPRESENTATION_CONTEXT() REPRESENTATION_CONTEXT('2D SPACE',''
  ) );
#6149 = PCURVE('',#6150,#6155);
#6150 = CYLINDRICAL_SURFACE('',#6151,2.7);
#6151 = AXIS2_PLACEMENT_3D('',#6152,#6153,#6154);
#6152 = CARTESIAN_POINT('',(-28.28427124746,-28.28427124746,262.));
#6153 = DIRECTION('',(0.,0.,1.));
#6154 = DIRECTION('',(1.,0.,-0.));
#6155 = DEFINITIONAL_REPRESENTATION('',(#6156),#6160);
#6156 = LINE('',#6157,#6158);
#6157 = CARTESIAN_POINT('',(0.,1.));
#6158 = VECTOR('',#6159,1.);
#6159 = DIRECTION('',(1.,0.));
#6160 = ( GEOMETRIC_REPRESENTATION_CONTEXT(2) 
PARAMETRIC_REPRESENTATION_CONTEXT() REPRESENTATION_CONTEXT('2D SPACE',''
  ) );
#6161 = FACE_BOUND('',#6162,.F.);
#6162 = EDGE_LOOP('',(#6163));
#6163 = ORIENTED_EDGE('',*,*,#6164,.F.);
#6164 = EDGE_CURVE('',#6165,#6165,#6167,.T.);
#6165 = VERTEX_POINT('',#6166);
#6166 = CARTESIAN_POINT('',(30.984271247462,-28.28427124746,263.));
#6167 = SURFACE_CURVE('',#6168,(#6173,#6180),.PCURVE_S1.);
#6168 = CIRCLE('',#6169,2.7);
#6169 = AXIS2_PLACEMENT_3D('',#6170,#6171,#6172);
#6170 = CARTESIAN_POINT('',(28.284271247462,-28.28427124746,263.));
#6171 = DIRECTION('',(0.,0.,1.));
#6172 = DIRECTION('',(1.,0.,-0.));
#6173 = PCURVE('',#5758,#6174);
#6174 = DEFINITIONAL_REPRESENTATION('',(#6175),#6179);
#6175 = CIRCLE('',#6176,2.7);
#6176 = AXIS2_PLACEMENT_2D('',#6177,#6178);
#6177 = CARTESIAN_POINT('',(28.284271247462,-28.28427124746));
#6178 = DIRECTION('',(1.,0.));
#6179 = ( GEOMETRIC_REPRESENTATION_CONTEXT(2) 
PARAMETRIC_REPRESENTATION_CONTEXT() REPRESENTATION_CONTEXT('2D SPACE',''
  ) );
#6180 = PCURVE('',#6181,#6186);
#6181 = CYLINDRICAL_SURFACE('',#6182,2.7);
#6182 = AXIS2_PLACEMENT_3D('',#6183,#6184,#6185);
#6183 = CARTESIAN_POINT('',(28.284271247462,-28.28427124746,262.));
#6184 = DIRECTION('',(0.,0.,1.));
#6185 = DIRECTION('',(1.,0.,-0.));
#6186 = DEFINITIONAL_REPRESENTATION('',(#6187),#6191);
#6187 = LINE('',#6188,#6189);
#6188 = CARTESIAN_POINT('',(0.,1.));
#6189 = VECTOR('',#6190,1.);
#6190 = DIRECTION('',(1.,0.));
#6191 = ( GEOMETRIC_REPRESENTATION_CONTEXT(2) 
PARAMETRIC_REPRESENTATION_CONTEXT() REPRESENTATION_CONTEXT('2D SPACE',''
  ) );
#6192 = FACE_BOUND('',#6193,.F.);
#6193 = EDGE_LOOP('',(#6194));
#6194 = ORIENTED_EDGE('',*,*,#6195,.F.);
#6195 = EDGE_CURVE('',#6196,#6196,#6198,.T.);
#6196 = VERTEX_POINT('',#6197);
#6197 = CARTESIAN_POINT('',(-25.58427124746,28.284271247462,263.));
#6198 = SURFACE_CURVE('',#6199,(#6204,#6211),.PCURVE_S1.);
#6199 = CIRCLE('',#6200,2.7);
#6200 = AXIS2_PLACEMENT_3D('',#6201,#6202,#6203);
#6201 = CARTESIAN_POINT('',(-28.28427124746,28.284271247462,263.));
#6202 = DIRECTION('',(0.,0.,1.));
#6203 = DIRECTION('',(1.,0.,-0.));
#6204 = PCURVE('',#5758,#6205);
#6205 = DEFINITIONAL_REPRESENTATION('',(#6206),#6210);
#6206 = CIRCLE('',#6207,2.7);
#6207 = AXIS2_PLACEMENT_2D('',#6208,#6209);
#6208 = CARTESIAN_POINT('',(-28.28427124746,28.284271247462));
#6209 = DIRECTION('',(1.,0.));
#6210 = ( GEOMETRIC_REPRESENTATION_CONTEXT(2) 
PARAMETRIC_REPRESENTATION_CONTEXT() REPRESENTATION_CONTEXT('2D SPACE',''
  ) );
#6211 = PCURVE('',#6212,#6217);
#6212 = CYLINDRICAL_SURFACE('',#6213,2.7);
#6213 = AXIS2_PLACEMENT_3D('',#6214,#6215,#6216);
#6214 = CARTESIAN_POINT('',(-28.28427124746,28.284271247462,262.));
#6215 = DIRECTION('',(0.,0.,1.));
#6216 = DIRECTION('',(1.,0.,-0.));
#6217 = DEFINITIONAL_REPRESENTATION('',(#6218),#6222);
#6218 = LINE('',#6219,#6220);
#6219 = CARTESIAN_POINT('',(0.,1.));
#6220 = VECTOR('',#6221,1.);
#6221 = DIRECTION('',(1.,0.));
#6222 = ( GEOMETRIC_REPRESENTATION_CONTEXT(2) 
PARAMETRIC_REPRESENTATION_CONTEXT() REPRESENTATION_CONTEXT('2D SPACE',''
  ) );
#6223 = FACE_BOUND('',#6224,.F.);
#6224 = EDGE_LOOP('',(#6225));
#6225 = ORIENTED_EDGE('',*,*,#6226,.F.);
#6226 = EDGE_CURVE('',#6227,#6227,#6229,.T.);
#6227 = VERTEX_POINT('',#6228);
#6228 = CARTESIAN_POINT('',(32.75,-8.021436534415E-15,263.));
#6229 = SURFACE_CURVE('',#6230,(#6235,#6242),.PCURVE_S1.);
#6230 = CIRCLE('',#6231,32.75);
#6231 = AXIS2_PLACEMENT_3D('',#6232,#6233,#6234);
#6232 = CARTESIAN_POINT('',(0.,0.,263.));
#6233 = DIRECTION('',(0.,0.,1.));
#6234 = DIRECTION('',(1.,0.,-0.));
#6235 = PCURVE('',#5758,#6236);
#6236 = DEFINITIONAL_REPRESENTATION('',(#6237),#6241);
#6237 = CIRCLE('',#6238,32.75);
#6238 = AXIS2_PLACEMENT_2D('',#6239,#6240);
#6239 = CARTESIAN_POINT('',(0.,0.));
#6240 = DIRECTION('',(1.,0.));
#6241 = ( GEOMETRIC_REPRESENTATION_CONTEXT(2) 
PARAMETRIC_REPRESENTATION_CONTEXT() REPRESENTATION_CONTEXT('2D SPACE',''
  ) );
#6242 = PCURVE('',#6243,#6248);
#6243 = CYLINDRICAL_SURFACE('',#6244,32.75);
#6244 = AXIS2_PLACEMENT_3D('',#6245,#6246,#6247);
#6245 = CARTESIAN_POINT('',(0.,0.,262.));
#6246 = DIRECTION('',(0.,0.,1.));
#6247 = DIRECTION('',(1.,0.,-0.));
#6248 = DEFINITIONAL_REPRESENTATION('',(#6249),#6253);
#6249 = LINE('',#6250,#6251);
#6250 = CARTESIAN_POINT('',(0.,1.));
#6251 = VECTOR('',#6252,1.);
#6252 = DIRECTION('',(1.,0.));
#6253 = ( GEOMETRIC_REPRESENTATION_CONTEXT(2) 
PARAMETRIC_REPRESENTATION_CONTEXT() REPRESENTATION_CONTEXT('2D SPACE',''
  ) );
#6254 = FACE_BOUND('',#6255,.F.);
#6255 = EDGE_LOOP('',(#6256));
#6256 = ORIENTED_EDGE('',*,*,#6257,.F.);
#6257 = EDGE_CURVE('',#6258,#6258,#6260,.T.);
#6258 = VERTEX_POINT('',#6259);
#6259 = CARTESIAN_POINT('',(30.984271247462,28.284271247462,263.));
#6260 = SURFACE_CURVE('',#6261,(#6266,#6273),.PCURVE_S1.);
#6261 = CIRCLE('',#6262,2.7);
#6262 = AXIS2_PLACEMENT_3D('',#6263,#6264,#6265);
#6263 = CARTESIAN_POINT('',(28.284271247462,28.284271247462,263.));
#6264 = DIRECTION('',(0.,0.,1.));
#6265 = DIRECTION('',(1.,0.,-0.));
#6266 = PCURVE('',#5758,#6267);
#6267 = DEFINITIONAL_REPRESENTATION('',(#6268),#6272);
#6268 = CIRCLE('',#6269,2.7);
#6269 = AXIS2_PLACEMENT_2D('',#6270,#6271);
#6270 = CARTESIAN_POINT('',(28.284271247462,28.284271247462));
#6271 = DIRECTION('',(1.,0.));
#6272 = ( GEOMETRIC_REPRESENTATION_CONTEXT(2) 
PARAMETRIC_REPRESENTATION_CONTEXT() REPRESENTATION_CONTEXT('2D SPACE',''
  ) );
#6273 = PCURVE('',#6274,#6279);
#6274 = CYLINDRICAL_SURFACE('',#6275,2.7);
#6275 = AXIS2_PLACEMENT_3D('',#6276,#6277,#6278);
#6276 = CARTESIAN_POINT('',(28.284271247462,28.284271247462,262.));
#6277 = DIRECTION('',(0.,0.,1.));
#6278 = DIRECTION('',(1.,0.,-0.));
#6279 = DEFINITIONAL_REPRESENTATION('',(#6280),#6284);
#6280 = LINE('',#6281,#6282);
#6281 = CARTESIAN_POINT('',(0.,1.));
#6282 = VECTOR('',#6283,1.);
#6283 = DIRECTION('',(1.,0.));
#6284 = ( GEOMETRIC_REPRESENTATION_CONTEXT(2) 
PARAMETRIC_REPRESENTATION_CONTEXT() REPRESENTATION_CONTEXT('2D SPACE',''
  ) );
#6285 = ADVANCED_FACE('',(#6286,#6289,#6315,#6341,#6367),#5730,.T.);
#6286 = FACE_BOUND('',#6287,.T.);
#6287 = EDGE_LOOP('',(#6288));
#6288 = ORIENTED_EDGE('',*,*,#5715,.T.);
#6289 = FACE_BOUND('',#6290,.T.);
#6290 = EDGE_LOOP('',(#6291));
#6291 = ORIENTED_EDGE('',*,*,#6292,.F.);
#6292 = EDGE_CURVE('',#6293,#6293,#6295,.T.);
#6293 = VERTEX_POINT('',#6294);
#6294 = CARTESIAN_POINT('',(-25.58427124746,-28.28427124746,303.));
#6295 = SURFACE_CURVE('',#6296,(#6301,#6308),.PCURVE_S1.);
#6296 = CIRCLE('',#6297,2.7);
#6297 = AXIS2_PLACEMENT_3D('',#6298,#6299,#6300);
#6298 = CARTESIAN_POINT('',(-28.28427124746,-28.28427124746,303.));
#6299 = DIRECTION('',(0.,0.,1.));
#6300 = DIRECTION('',(1.,0.,-0.));
#6301 = PCURVE('',#5730,#6302);
#6302 = DEFINITIONAL_REPRESENTATION('',(#6303),#6307);
#6303 = CIRCLE('',#6304,2.7);
#6304 = AXIS2_PLACEMENT_2D('',#6305,#6306);
#6305 = CARTESIAN_POINT('',(-28.28427124746,-28.28427124746));
#6306 = DIRECTION('',(1.,0.));
#6307 = ( GEOMETRIC_REPRESENTATION_CONTEXT(2) 
PARAMETRIC_REPRESENTATION_CONTEXT() REPRESENTATION_CONTEXT('2D SPACE',''
  ) );
#6308 = PCURVE('',#6150,#6309);
#6309 = DEFINITIONAL_REPRESENTATION('',(#6310),#6314);
#6310 = LINE('',#6311,#6312);
#6311 = CARTESIAN_POINT('',(0.,41.));
#6312 = VECTOR('',#6313,1.);
#6313 = DIRECTION('',(1.,0.));
#6314 = ( GEOMETRIC_REPRESENTATION_CONTEXT(2) 
PARAMETRIC_REPRESENTATION_CONTEXT() REPRESENTATION_CONTEXT('2D SPACE',''
  ) );
#6315 = FACE_BOUND('',#6316,.T.);
#6316 = EDGE_LOOP('',(#6317));
#6317 = ORIENTED_EDGE('',*,*,#6318,.F.);
#6318 = EDGE_CURVE('',#6319,#6319,#6321,.T.);
#6319 = VERTEX_POINT('',#6320);
#6320 = CARTESIAN_POINT('',(30.984271247462,-28.28427124746,303.));
#6321 = SURFACE_CURVE('',#6322,(#6327,#6334),.PCURVE_S1.);
#6322 = CIRCLE('',#6323,2.7);
#6323 = AXIS2_PLACEMENT_3D('',#6324,#6325,#6326);
#6324 = CARTESIAN_POINT('',(28.284271247462,-28.28427124746,303.));
#6325 = DIRECTION('',(0.,0.,1.));
#6326 = DIRECTION('',(1.,0.,-0.));
#6327 = PCURVE('',#5730,#6328);
#6328 = DEFINITIONAL_REPRESENTATION('',(#6329),#6333);
#6329 = CIRCLE('',#6330,2.7);
#6330 = AXIS2_PLACEMENT_2D('',#6331,#6332);
#6331 = CARTESIAN_POINT('',(28.284271247462,-28.28427124746));
#6332 = DIRECTION('',(1.,0.));
#6333 = ( GEOMETRIC_REPRESENTATION_CONTEXT(2) 
PARAMETRIC_REPRESENTATION_CONTEXT() REPRESENTATION_CONTEXT('2D SPACE',''
  ) );
#6334 = PCURVE('',#6181,#6335);
#6335 = DEFINITIONAL_REPRESENTATION('',(#6336),#6340);
#6336 = LINE('',#6337,#6338);
#6337 = CARTESIAN_POINT('',(0.,41.));
#6338 = VECTOR('',#6339,1.);
#6339 = DIRECTION('',(1.,0.));
#6340 = ( GEOMETRIC_REPRESENTATION_CONTEXT(2) 
PARAMETRIC_REPRESENTATION_CONTEXT() REPRESENTATION_CONTEXT('2D SPACE',''
  ) );
#6341 = FACE_BOUND('',#6342,.T.);
#6342 = EDGE_LOOP('',(#6343));
#6343 = ORIENTED_EDGE('',*,*,#6344,.F.);
#6344 = EDGE_CURVE('',#6345,#6345,#6347,.T.);
#6345 = VERTEX_POINT('',#6346);
#6346 = CARTESIAN_POINT('',(-25.58427124746,28.284271247462,303.));
#6347 = SURFACE_CURVE('',#6348,(#6353,#6360),.PCURVE_S1.);
#6348 = CIRCLE('',#6349,2.7);
#6349 = AXIS2_PLACEMENT_3D('',#6350,#6351,#6352);
#6350 = CARTESIAN_POINT('',(-28.28427124746,28.284271247462,303.));
#6351 = DIRECTION('',(0.,0.,1.));
#6352 = DIRECTION('',(1.,0.,-0.));
#6353 = PCURVE('',#5730,#6354);
#6354 = DEFINITIONAL_REPRESENTATION('',(#6355),#6359);
#6355 = CIRCLE('',#6356,2.7);
#6356 = AXIS2_PLACEMENT_2D('',#6357,#6358);
#6357 = CARTESIAN_POINT('',(-28.28427124746,28.284271247462));
#6358 = DIRECTION('',(1.,0.));
#6359 = ( GEOMETRIC_REPRESENTATION_CONTEXT(2) 
PARAMETRIC_REPRESENTATION_CONTEXT() REPRESENTATION_CONTEXT('2D SPACE',''
  ) );
#6360 = PCURVE('',#6212,#6361);
#6361 = DEFINITIONAL_REPRESENTATION('',(#6362),#6366);
#6362 = LINE('',#6363,#6364);
#6363 = CARTESIAN_POINT('',(0.,41.));
#6364 = VECTOR('',#6365,1.);
#6365 = DIRECTION('',(1.,0.));
#6366 = ( GEOMETRIC_REPRESENTATION_CONTEXT(2) 
PARAMETRIC_REPRESENTATION_CONTEXT() REPRESENTATION_CONTEXT('2D SPACE',''
  ) );
#6367 = FACE_BOUND('',#6368,.T.);
#6368 = EDGE_LOOP('',(#6369));
#6369 = ORIENTED_EDGE('',*,*,#6370,.F.);
#6370 = EDGE_CURVE('',#6371,#6371,#6373,.T.);
#6371 = VERTEX_POINT('',#6372);
#6372 = CARTESIAN_POINT('',(30.984271247462,28.284271247462,303.));
#6373 = SURFACE_CURVE('',#6374,(#6379,#6386),.PCURVE_S1.);
#6374 = CIRCLE('',#6375,2.7);
#6375 = AXIS2_PLACEMENT_3D('',#6376,#6377,#6378);
#6376 = CARTESIAN_POINT('',(28.284271247462,28.284271247462,303.));
#6377 = DIRECTION('',(0.,0.,1.));
#6378 = DIRECTION('',(1.,0.,-0.));
#6379 = PCURVE('',#5730,#6380);
#6380 = DEFINITIONAL_REPRESENTATION('',(#6381),#6385);
#6381 = CIRCLE('',#6382,2.7);
#6382 = AXIS2_PLACEMENT_2D('',#6383,#6384);
#6383 = CARTESIAN_POINT('',(28.284271247462,28.284271247462));
#6384 = DIRECTION('',(1.,0.));
#6385 = ( GEOMETRIC_REPRESENTATION_CONTEXT(2) 
PARAMETRIC_REPRESENTATION_CONTEXT() REPRESENTATION_CONTEXT('2D SPACE',''
  ) );
#6386 = PCURVE('',#6274,#6387);
#6387 = DEFINITIONAL_REPRESENTATION('',(#6388),#6392);
#6388 = LINE('',#6389,#6390);
#6389 = CARTESIAN_POINT('',(0.,41.));
#6390 = VECTOR('',#6391,1.);
#6391 = DIRECTION('',(1.,0.));
#6392 = ( GEOMETRIC_REPRESENTATION_CONTEXT(2) 
PARAMETRIC_REPRESENTATION_CONTEXT() REPRESENTATION_CONTEXT('2D SPACE',''
  ) );
#6393 = ADVANCED_FACE('',(#6394),#6006,.T.);
#6394 = FACE_BOUND('',#6395,.T.);
#6395 = EDGE_LOOP('',(#6396,#6397,#6420,#6447));
#6396 = ORIENTED_EDGE('',*,*,#5772,.F.);
#6397 = ORIENTED_EDGE('',*,*,#6398,.F.);
#6398 = EDGE_CURVE('',#6399,#5773,#6401,.T.);
#6399 = VERTEX_POINT('',#6400);
#6400 = CARTESIAN_POINT('',(-55.,-2.449293598295E-15,268.));
#6401 = SEAM_CURVE('',#6402,(#6406,#6413),.PCURVE_S1.);
#6402 = LINE('',#6403,#6404);
#6403 = CARTESIAN_POINT('',(-55.,-2.449293598295E-15,268.));
#6404 = VECTOR('',#6405,1.);
#6405 = DIRECTION('',(1.,0.,2.22044604925E-16));
#6406 = PCURVE('',#6006,#6407);
#6407 = DEFINITIONAL_REPRESENTATION('',(#6408),#6412);
#6408 = LINE('',#6409,#6410);
#6409 = CARTESIAN_POINT('',(6.28318530718,-0.));
#6410 = VECTOR('',#6411,1.);
#6411 = DIRECTION('',(0.,1.));
#6412 = ( GEOMETRIC_REPRESENTATION_CONTEXT(2) 
PARAMETRIC_REPRESENTATION_CONTEXT() REPRESENTATION_CONTEXT('2D SPACE',''
  ) );
#6413 = PCURVE('',#6006,#6414);
#6414 = DEFINITIONAL_REPRESENTATION('',(#6415),#6419);
#6415 = LINE('',#6416,#6417);
#6416 = CARTESIAN_POINT('',(0.,-0.));
#6417 = VECTOR('',#6418,1.);
#6418 = DIRECTION('',(0.,1.));
#6419 = ( GEOMETRIC_REPRESENTATION_CONTEXT(2) 
PARAMETRIC_REPRESENTATION_CONTEXT() REPRESENTATION_CONTEXT('2D SPACE',''
  ) );
#6420 = ORIENTED_EDGE('',*,*,#6421,.T.);
#6421 = EDGE_CURVE('',#6399,#6399,#6422,.T.);
#6422 = SURFACE_CURVE('',#6423,(#6428,#6435),.PCURVE_S1.);
#6423 = CIRCLE('',#6424,10.);
#6424 = AXIS2_PLACEMENT_3D('',#6425,#6426,#6427);
#6425 = CARTESIAN_POINT('',(-55.,0.,278.));
#6426 = DIRECTION('',(1.,-0.,2.22044604925E-16));
#6427 = DIRECTION('',(2.22044604925E-16,0.,-1.));
#6428 = PCURVE('',#6006,#6429);
#6429 = DEFINITIONAL_REPRESENTATION('',(#6430),#6434);
#6430 = LINE('',#6431,#6432);
#6431 = CARTESIAN_POINT('',(0.,0.));
#6432 = VECTOR('',#6433,1.);
#6433 = DIRECTION('',(1.,0.));
#6434 = ( GEOMETRIC_REPRESENTATION_CONTEXT(2) 
PARAMETRIC_REPRESENTATION_CONTEXT() REPRESENTATION_CONTEXT('2D SPACE',''
  ) );
#6435 = PCURVE('',#6436,#6441);
#6436 = PLANE('',#6437);
#6437 = AXIS2_PLACEMENT_3D('',#6438,#6439,#6440);
#6438 = CARTESIAN_POINT('',(-55.,0.,278.));
#6439 = DIRECTION('',(1.,0.,2.22044604925E-16));
#6440 = DIRECTION('',(2.22044604925E-16,0.,-1.));
#6441 = DEFINITIONAL_REPRESENTATION('',(#6442),#6446);
#6442 = CIRCLE('',#6443,10.);
#6443 = AXIS2_PLACEMENT_2D('',#6444,#6445);
#6444 = CARTESIAN_POINT('',(0.,0.));
#6445 = DIRECTION('',(1.,0.));
#6446 = ( GEOMETRIC_REPRESENTATION_CONTEXT(2) 
PARAMETRIC_REPRESENTATION_CONTEXT() REPRESENTATION_CONTEXT('2D SPACE',''
  ) );
#6447 = ORIENTED_EDGE('',*,*,#6398,.T.);
#6448 = ADVANCED_FACE('',(#6449),#6150,.F.);
#6449 = FACE_BOUND('',#6450,.F.);
#6450 = EDGE_LOOP('',(#6451,#6452,#6473,#6474));
#6451 = ORIENTED_EDGE('',*,*,#6292,.F.);
#6452 = ORIENTED_EDGE('',*,*,#6453,.F.);
#6453 = EDGE_CURVE('',#6134,#6293,#6454,.T.);
#6454 = SEAM_CURVE('',#6455,(#6459,#6466),.PCURVE_S1.);
#6455 = LINE('',#6456,#6457);
#6456 = CARTESIAN_POINT('',(-25.58427124746,-28.28427124746,262.));
#6457 = VECTOR('',#6458,1.);
#6458 = DIRECTION('',(0.,0.,1.));
#6459 = PCURVE('',#6150,#6460);
#6460 = DEFINITIONAL_REPRESENTATION('',(#6461),#6465);
#6461 = LINE('',#6462,#6463);
#6462 = CARTESIAN_POINT('',(6.28318530718,-0.));
#6463 = VECTOR('',#6464,1.);
#6464 = DIRECTION('',(0.,1.));
#6465 = ( GEOMETRIC_REPRESENTATION_CONTEXT(2) 
PARAMETRIC_REPRESENTATION_CONTEXT() REPRESENTATION_CONTEXT('2D SPACE',''
  ) );
#6466 = PCURVE('',#6150,#6467);
#6467 = DEFINITIONAL_REPRESENTATION('',(#6468),#6472);
#6468 = LINE('',#6469,#6470);
#6469 = CARTESIAN_POINT('',(0.,-0.));
#6470 = VECTOR('',#6471,1.);
#6471 = DIRECTION('',(0.,1.));
#6472 = ( GEOMETRIC_REPRESENTATION_CONTEXT(2) 
PARAMETRIC_REPRESENTATION_CONTEXT() REPRESENTATION_CONTEXT('2D SPACE',''
  ) );
#6473 = ORIENTED_EDGE('',*,*,#6133,.T.);
#6474 = ORIENTED_EDGE('',*,*,#6453,.T.);
#6475 = ADVANCED_FACE('',(#6476),#6181,.F.);
#6476 = FACE_BOUND('',#6477,.F.);
#6477 = EDGE_LOOP('',(#6478,#6479,#6500,#6501));
#6478 = ORIENTED_EDGE('',*,*,#6318,.F.);
#6479 = ORIENTED_EDGE('',*,*,#6480,.F.);
#6480 = EDGE_CURVE('',#6165,#6319,#6481,.T.);
#6481 = SEAM_CURVE('',#6482,(#6486,#6493),.PCURVE_S1.);
#6482 = LINE('',#6483,#6484);
#6483 = CARTESIAN_POINT('',(30.984271247462,-28.28427124746,262.));
#6484 = VECTOR('',#6485,1.);
#6485 = DIRECTION('',(0.,0.,1.));
#6486 = PCURVE('',#6181,#6487);
#6487 = DEFINITIONAL_REPRESENTATION('',(#6488),#6492);
#6488 = LINE('',#6489,#6490);
#6489 = CARTESIAN_POINT('',(6.28318530718,-0.));
#6490 = VECTOR('',#6491,1.);
#6491 = DIRECTION('',(0.,1.));
#6492 = ( GEOMETRIC_REPRESENTATION_CONTEXT(2) 
PARAMETRIC_REPRESENTATION_CONTEXT() REPRESENTATION_CONTEXT('2D SPACE',''
  ) );
#6493 = PCURVE('',#6181,#6494);
#6494 = DEFINITIONAL_REPRESENTATION('',(#6495),#6499);
#6495 = LINE('',#6496,#6497);
#6496 = CARTESIAN_POINT('',(0.,-0.));
#6497 = VECTOR('',#6498,1.);
#6498 = DIRECTION('',(0.,1.));
#6499 = ( GEOMETRIC_REPRESENTATION_CONTEXT(2) 
PARAMETRIC_REPRESENTATION_CONTEXT() REPRESENTATION_CONTEXT('2D SPACE',''
  ) );
#6500 = ORIENTED_EDGE('',*,*,#6164,.T.);
#6501 = ORIENTED_EDGE('',*,*,#6480,.T.);
#6502 = ADVANCED_FACE('',(#6503),#6212,.F.);
#6503 = FACE_BOUND('',#6504,.F.);
#6504 = EDGE_LOOP('',(#6505,#6506,#6527,#6528));
#6505 = ORIENTED_EDGE('',*,*,#6344,.F.);
#6506 = ORIENTED_EDGE('',*,*,#6507,.F.);
#6507 = EDGE_CURVE('',#6196,#6345,#6508,.T.);
#6508 = SEAM_CURVE('',#6509,(#6513,#6520),.PCURVE_S1.);
#6509 = LINE('',#6510,#6511);
#6510 = CARTESIAN_POINT('',(-25.58427124746,28.284271247462,262.));
#6511 = VECTOR('',#6512,1.);
#6512 = DIRECTION('',(0.,0.,1.));
#6513 = PCURVE('',#6212,#6514);
#6514 = DEFINITIONAL_REPRESENTATION('',(#6515),#6519);
#6515 = LINE('',#6516,#6517);
#6516 = CARTESIAN_POINT('',(6.28318530718,-0.));
#6517 = VECTOR('',#6518,1.);
#6518 = DIRECTION('',(0.,1.));
#6519 = ( GEOMETRIC_REPRESENTATION_CONTEXT(2) 
PARAMETRIC_REPRESENTATION_CONTEXT() REPRESENTATION_CONTEXT('2D SPACE',''
  ) );
#6520 = PCURVE('',#6212,#6521);
#6521 = DEFINITIONAL_REPRESENTATION('',(#6522),#6526);
#6522 = LINE('',#6523,#6524);
#6523 = CARTESIAN_POINT('',(0.,-0.));
#6524 = VECTOR('',#6525,1.);
#6525 = DIRECTION('',(0.,1.));
#6526 = ( GEOMETRIC_REPRESENTATION_CONTEXT(2) 
PARAMETRIC_REPRESENTATION_CONTEXT() REPRESENTATION_CONTEXT('2D SPACE',''
  ) );
#6527 = ORIENTED_EDGE('',*,*,#6195,.T.);
#6528 = ORIENTED_EDGE('',*,*,#6507,.T.);
#6529 = ADVANCED_FACE('',(#6530),#6243,.F.);
#6530 = FACE_BOUND('',#6531,.F.);
#6531 = EDGE_LOOP('',(#6532,#6555,#6582,#6583));
#6532 = ORIENTED_EDGE('',*,*,#6533,.T.);
#6533 = EDGE_CURVE('',#6227,#6534,#6536,.T.);
#6534 = VERTEX_POINT('',#6535);
#6535 = CARTESIAN_POINT('',(32.75,-8.021436534415E-15,265.));
#6536 = SEAM_CURVE('',#6537,(#6541,#6548),.PCURVE_S1.);
#6537 = LINE('',#6538,#6539);
#6538 = CARTESIAN_POINT('',(32.75,-8.021436534415E-15,262.));
#6539 = VECTOR('',#6540,1.);
#6540 = DIRECTION('',(0.,0.,1.));
#6541 = PCURVE('',#6243,#6542);
#6542 = DEFINITIONAL_REPRESENTATION('',(#6543),#6547);
#6543 = LINE('',#6544,#6545);
#6544 = CARTESIAN_POINT('',(6.28318530718,-0.));
#6545 = VECTOR('',#6546,1.);
#6546 = DIRECTION('',(0.,1.));
#6547 = ( GEOMETRIC_REPRESENTATION_CONTEXT(2) 
PARAMETRIC_REPRESENTATION_CONTEXT() REPRESENTATION_CONTEXT('2D SPACE',''
  ) );
#6548 = PCURVE('',#6243,#6549);
#6549 = DEFINITIONAL_REPRESENTATION('',(#6550),#6554);
#6550 = LINE('',#6551,#6552);
#6551 = CARTESIAN_POINT('',(0.,-0.));
#6552 = VECTOR('',#6553,1.);
#6553 = DIRECTION('',(0.,1.));
#6554 = ( GEOMETRIC_REPRESENTATION_CONTEXT(2) 
PARAMETRIC_REPRESENTATION_CONTEXT() REPRESENTATION_CONTEXT('2D SPACE',''
  ) );
#6555 = ORIENTED_EDGE('',*,*,#6556,.F.);
#6556 = EDGE_CURVE('',#6534,#6534,#6557,.T.);
#6557 = SURFACE_CURVE('',#6558,(#6563,#6570),.PCURVE_S1.);
#6558 = CIRCLE('',#6559,32.75);
#6559 = AXIS2_PLACEMENT_3D('',#6560,#6561,#6562);
#6560 = CARTESIAN_POINT('',(0.,0.,265.));
#6561 = DIRECTION('',(0.,0.,1.));
#6562 = DIRECTION('',(1.,0.,-0.));
#6563 = PCURVE('',#6243,#6564);
#6564 = DEFINITIONAL_REPRESENTATION('',(#6565),#6569);
#6565 = LINE('',#6566,#6567);
#6566 = CARTESIAN_POINT('',(0.,3.));
#6567 = VECTOR('',#6568,1.);
#6568 = DIRECTION('',(1.,0.));
#6569 = ( GEOMETRIC_REPRESENTATION_CONTEXT(2) 
PARAMETRIC_REPRESENTATION_CONTEXT() REPRESENTATION_CONTEXT('2D SPACE',''
  ) );
#6570 = PCURVE('',#6571,#6576);
#6571 = PLANE('',#6572);
#6572 = AXIS2_PLACEMENT_3D('',#6573,#6574,#6575);
#6573 = CARTESIAN_POINT('',(0.,0.,265.));
#6574 = DIRECTION('',(0.,0.,1.));
#6575 = DIRECTION('',(1.,0.,-0.));
#6576 = DEFINITIONAL_REPRESENTATION('',(#6577),#6581);
#6577 = CIRCLE('',#6578,32.75);
#6578 = AXIS2_PLACEMENT_2D('',#6579,#6580);
#6579 = CARTESIAN_POINT('',(0.,0.));
#6580 = DIRECTION('',(1.,0.));
#6581 = ( GEOMETRIC_REPRESENTATION_CONTEXT(2) 
PARAMETRIC_REPRESENTATION_CONTEXT() REPRESENTATION_CONTEXT('2D SPACE',''
  ) );
#6582 = ORIENTED_EDGE('',*,*,#6533,.F.);
#6583 = ORIENTED_EDGE('',*,*,#6226,.T.);
#6584 = ADVANCED_FACE('',(#6585),#6274,.F.);
#6585 = FACE_BOUND('',#6586,.F.);
#6586 = EDGE_LOOP('',(#6587,#6588,#6609,#6610));
#6587 = ORIENTED_EDGE('',*,*,#6370,.F.);
#6588 = ORIENTED_EDGE('',*,*,#6589,.F.);
#6589 = EDGE_CURVE('',#6258,#6371,#6590,.T.);
#6590 = SEAM_CURVE('',#6591,(#6595,#6602),.PCURVE_S1.);
#6591 = LINE('',#6592,#6593);
#6592 = CARTESIAN_POINT('',(30.984271247462,28.284271247462,262.));
#6593 = VECTOR('',#6594,1.);
#6594 = DIRECTION('',(0.,0.,1.));
#6595 = PCURVE('',#6274,#6596);
#6596 = DEFINITIONAL_REPRESENTATION('',(#6597),#6601);
#6597 = LINE('',#6598,#6599);
#6598 = CARTESIAN_POINT('',(6.28318530718,-0.));
#6599 = VECTOR('',#6600,1.);
#6600 = DIRECTION('',(0.,1.));
#6601 = ( GEOMETRIC_REPRESENTATION_CONTEXT(2) 
PARAMETRIC_REPRESENTATION_CONTEXT() REPRESENTATION_CONTEXT('2D SPACE',''
  ) );
#6602 = PCURVE('',#6274,#6603);
#6603 = DEFINITIONAL_REPRESENTATION('',(#6604),#6608);
#6604 = LINE('',#6605,#6606);
#6605 = CARTESIAN_POINT('',(0.,-0.));
#6606 = VECTOR('',#6607,1.);
#6607 = DIRECTION('',(0.,1.));
#6608 = ( GEOMETRIC_REPRESENTATION_CONTEXT(2) 
PARAMETRIC_REPRESENTATION_CONTEXT() REPRESENTATION_CONTEXT('2D SPACE',''
  ) );
#6609 = ORIENTED_EDGE('',*,*,#6257,.T.);
#6610 = ORIENTED_EDGE('',*,*,#6589,.T.);
#6611 = ADVANCED_FACE('',(#6612,#6615),#6436,.F.);
#6612 = FACE_BOUND('',#6613,.F.);
#6613 = EDGE_LOOP('',(#6614));
#6614 = ORIENTED_EDGE('',*,*,#6421,.T.);
#6615 = FACE_BOUND('',#6616,.F.);
#6616 = EDGE_LOOP('',(#6617));
#6617 = ORIENTED_EDGE('',*,*,#6618,.F.);
#6618 = EDGE_CURVE('',#6619,#6619,#6621,.T.);
#6619 = VERTEX_POINT('',#6620);
#6620 = CARTESIAN_POINT('',(-55.,-1.616533774875E-15,271.4));
#6621 = SURFACE_CURVE('',#6622,(#6627,#6634),.PCURVE_S1.);
#6622 = CIRCLE('',#6623,6.6);
#6623 = AXIS2_PLACEMENT_3D('',#6624,#6625,#6626);
#6624 = CARTESIAN_POINT('',(-55.,0.,278.));
#6625 = DIRECTION('',(1.,0.,2.22044604925E-16));
#6626 = DIRECTION('',(2.22044604925E-16,0.,-1.));
#6627 = PCURVE('',#6436,#6628);
#6628 = DEFINITIONAL_REPRESENTATION('',(#6629),#6633);
#6629 = CIRCLE('',#6630,6.6);
#6630 = AXIS2_PLACEMENT_2D('',#6631,#6632);
#6631 = CARTESIAN_POINT('',(0.,0.));
#6632 = DIRECTION('',(1.,0.));
#6633 = ( GEOMETRIC_REPRESENTATION_CONTEXT(2) 
PARAMETRIC_REPRESENTATION_CONTEXT() REPRESENTATION_CONTEXT('2D SPACE',''
  ) );
#6634 = PCURVE('',#6635,#6640);
#6635 = CYLINDRICAL_SURFACE('',#6636,6.6);
#6636 = AXIS2_PLACEMENT_3D('',#6637,#6638,#6639);
#6637 = CARTESIAN_POINT('',(-56.,0.,278.));
#6638 = DIRECTION('',(1.,0.,2.22044604925E-16));
#6639 = DIRECTION('',(2.22044604925E-16,0.,-1.));
#6640 = DEFINITIONAL_REPRESENTATION('',(#6641),#6645);
#6641 = LINE('',#6642,#6643);
#6642 = CARTESIAN_POINT('',(0.,1.));
#6643 = VECTOR('',#6644,1.);
#6644 = DIRECTION('',(1.,0.));
#6645 = ( GEOMETRIC_REPRESENTATION_CONTEXT(2) 
PARAMETRIC_REPRESENTATION_CONTEXT() REPRESENTATION_CONTEXT('2D SPACE',''
  ) );
#6646 = ADVANCED_FACE('',(#6647,#6650),#6571,.F.);
#6647 = FACE_BOUND('',#6648,.F.);
#6648 = EDGE_LOOP('',(#6649));
#6649 = ORIENTED_EDGE('',*,*,#6556,.T.);
#6650 = FACE_BOUND('',#6651,.F.);
#6651 = EDGE_LOOP('',(#6652));
#6652 = ORIENTED_EDGE('',*,*,#6653,.F.);
#6653 = EDGE_CURVE('',#6654,#6654,#6656,.T.);
#6654 = VERTEX_POINT('',#6655);
#6655 = CARTESIAN_POINT('',(32.4,-7.935711258475E-15,265.));
#6656 = SURFACE_CURVE('',#6657,(#6662,#6669),.PCURVE_S1.);
#6657 = CIRCLE('',#6658,32.4);
#6658 = AXIS2_PLACEMENT_3D('',#6659,#6660,#6661);
#6659 = CARTESIAN_POINT('',(0.,0.,265.));
#6660 = DIRECTION('',(0.,0.,1.));
#6661 = DIRECTION('',(1.,0.,-0.));
#6662 = PCURVE('',#6571,#6663);
#6663 = DEFINITIONAL_REPRESENTATION('',(#6664),#6668);
#6664 = CIRCLE('',#6665,32.4);
#6665 = AXIS2_PLACEMENT_2D('',#6666,#6667);
#6666 = CARTESIAN_POINT('',(0.,0.));
#6667 = DIRECTION('',(1.,0.));
#6668 = ( GEOMETRIC_REPRESENTATION_CONTEXT(2) 
PARAMETRIC_REPRESENTATION_CONTEXT() REPRESENTATION_CONTEXT('2D SPACE',''
  ) );
#6669 = PCURVE('',#6670,#6675);
#6670 = CYLINDRICAL_SURFACE('',#6671,32.4);
#6671 = AXIS2_PLACEMENT_3D('',#6672,#6673,#6674);
#6672 = CARTESIAN_POINT('',(0.,0.,264.9));
#6673 = DIRECTION('',(0.,0.,1.));
#6674 = DIRECTION('',(1.,0.,-0.));
#6675 = DEFINITIONAL_REPRESENTATION('',(#6676),#6680);
#6676 = LINE('',#6677,#6678);
#6677 = CARTESIAN_POINT('',(0.,0.1));
#6678 = VECTOR('',#6679,1.);
#6679 = DIRECTION('',(1.,0.));
#6680 = ( GEOMETRIC_REPRESENTATION_CONTEXT(2) 
PARAMETRIC_REPRESENTATION_CONTEXT() REPRESENTATION_CONTEXT('2D SPACE',''
  ) );
#6681 = ADVANCED_FACE('',(#6682),#6635,.F.);
#6682 = FACE_BOUND('',#6683,.F.);
#6683 = EDGE_LOOP('',(#6684,#6707,#6734,#6735));
#6684 = ORIENTED_EDGE('',*,*,#6685,.T.);
#6685 = EDGE_CURVE('',#6619,#6686,#6688,.T.);
#6686 = VERTEX_POINT('',#6687);
#6687 = CARTESIAN_POINT('',(-44.,-1.616533774875E-15,271.4));
#6688 = SEAM_CURVE('',#6689,(#6693,#6700),.PCURVE_S1.);
#6689 = LINE('',#6690,#6691);
#6690 = CARTESIAN_POINT('',(-56.,-1.616533774875E-15,271.4));
#6691 = VECTOR('',#6692,1.);
#6692 = DIRECTION('',(1.,0.,2.22044604925E-16));
#6693 = PCURVE('',#6635,#6694);
#6694 = DEFINITIONAL_REPRESENTATION('',(#6695),#6699);
#6695 = LINE('',#6696,#6697);
#6696 = CARTESIAN_POINT('',(6.28318530718,-0.));
#6697 = VECTOR('',#6698,1.);
#6698 = DIRECTION('',(0.,1.));
#6699 = ( GEOMETRIC_REPRESENTATION_CONTEXT(2) 
PARAMETRIC_REPRESENTATION_CONTEXT() REPRESENTATION_CONTEXT('2D SPACE',''
  ) );
#6700 = PCURVE('',#6635,#6701);
#6701 = DEFINITIONAL_REPRESENTATION('',(#6702),#6706);
#6702 = LINE('',#6703,#6704);
#6703 = CARTESIAN_POINT('',(0.,-0.));
#6704 = VECTOR('',#6705,1.);
#6705 = DIRECTION('',(0.,1.));
#6706 = ( GEOMETRIC_REPRESENTATION_CONTEXT(2) 
PARAMETRIC_REPRESENTATION_CONTEXT() REPRESENTATION_CONTEXT('2D SPACE',''
  ) );
#6707 = ORIENTED_EDGE('',*,*,#6708,.F.);
#6708 = EDGE_CURVE('',#6686,#6686,#6709,.T.);
#6709 = SURFACE_CURVE('',#6710,(#6715,#6722),.PCURVE_S1.);
#6710 = CIRCLE('',#6711,6.6);
#6711 = AXIS2_PLACEMENT_3D('',#6712,#6713,#6714);
#6712 = CARTESIAN_POINT('',(-44.,0.,278.));
#6713 = DIRECTION('',(1.,-0.,2.22044604925E-16));
#6714 = DIRECTION('',(2.22044604925E-16,0.,-1.));
#6715 = PCURVE('',#6635,#6716);
#6716 = DEFINITIONAL_REPRESENTATION('',(#6717),#6721);
#6717 = LINE('',#6718,#6719);
#6718 = CARTESIAN_POINT('',(0.,12.));
#6719 = VECTOR('',#6720,1.);
#6720 = DIRECTION('',(1.,0.));
#6721 = ( GEOMETRIC_REPRESENTATION_CONTEXT(2) 
PARAMETRIC_REPRESENTATION_CONTEXT() REPRESENTATION_CONTEXT('2D SPACE',''
  ) );
#6722 = PCURVE('',#6723,#6728);
#6723 = PLANE('',#6724);
#6724 = AXIS2_PLACEMENT_3D('',#6725,#6726,#6727);
#6725 = CARTESIAN_POINT('',(-44.,0.,278.));
#6726 = DIRECTION('',(1.,0.,2.22044604925E-16));
#6727 = DIRECTION('',(2.22044604925E-16,0.,-1.));
#6728 = DEFINITIONAL_REPRESENTATION('',(#6729),#6733);
#6729 = CIRCLE('',#6730,6.6);
#6730 = AXIS2_PLACEMENT_2D('',#6731,#6732);
#6731 = CARTESIAN_POINT('',(0.,0.));
#6732 = DIRECTION('',(1.,0.));
#6733 = ( GEOMETRIC_REPRESENTATION_CONTEXT(2) 
PARAMETRIC_REPRESENTATION_CONTEXT() REPRESENTATION_CONTEXT('2D SPACE',''
  ) );
#6734 = ORIENTED_EDGE('',*,*,#6685,.F.);
#6735 = ORIENTED_EDGE('',*,*,#6618,.T.);
#6736 = ADVANCED_FACE('',(#6737),#6670,.F.);
#6737 = FACE_BOUND('',#6738,.F.);
#6738 = EDGE_LOOP('',(#6739,#6762,#6789,#6790));
#6739 = ORIENTED_EDGE('',*,*,#6740,.T.);
#6740 = EDGE_CURVE('',#6654,#6741,#6743,.T.);
#6741 = VERTEX_POINT('',#6742);
#6742 = CARTESIAN_POINT('',(32.4,-7.935711258475E-15,266.3));
#6743 = SEAM_CURVE('',#6744,(#6748,#6755),.PCURVE_S1.);
#6744 = LINE('',#6745,#6746);
#6745 = CARTESIAN_POINT('',(32.4,-7.935711258475E-15,264.9));
#6746 = VECTOR('',#6747,1.);
#6747 = DIRECTION('',(0.,0.,1.));
#6748 = PCURVE('',#6670,#6749);
#6749 = DEFINITIONAL_REPRESENTATION('',(#6750),#6754);
#6750 = LINE('',#6751,#6752);
#6751 = CARTESIAN_POINT('',(6.28318530718,-0.));
#6752 = VECTOR('',#6753,1.);
#6753 = DIRECTION('',(0.,1.));
#6754 = ( GEOMETRIC_REPRESENTATION_CONTEXT(2) 
PARAMETRIC_REPRESENTATION_CONTEXT() REPRESENTATION_CONTEXT('2D SPACE',''
  ) );
#6755 = PCURVE('',#6670,#6756);
#6756 = DEFINITIONAL_REPRESENTATION('',(#6757),#6761);
#6757 = LINE('',#6758,#6759);
#6758 = CARTESIAN_POINT('',(0.,-0.));
#6759 = VECTOR('',#6760,1.);
#6760 = DIRECTION('',(0.,1.));
#6761 = ( GEOMETRIC_REPRESENTATION_CONTEXT(2) 
PARAMETRIC_REPRESENTATION_CONTEXT() REPRESENTATION_CONTEXT('2D SPACE',''
  ) );
#6762 = ORIENTED_EDGE('',*,*,#6763,.F.);
#6763 = EDGE_CURVE('',#6741,#6741,#6764,.T.);
#6764 = SURFACE_CURVE('',#6765,(#6770,#6777),.PCURVE_S1.);
#6765 = CIRCLE('',#6766,32.4);
#6766 = AXIS2_PLACEMENT_3D('',#6767,#6768,#6769);
#6767 = CARTESIAN_POINT('',(0.,0.,266.3));
#6768 = DIRECTION('',(0.,0.,1.));
#6769 = DIRECTION('',(1.,0.,-0.));
#6770 = PCURVE('',#6670,#6771);
#6771 = DEFINITIONAL_REPRESENTATION('',(#6772),#6776);
#6772 = LINE('',#6773,#6774);
#6773 = CARTESIAN_POINT('',(0.,1.4));
#6774 = VECTOR('',#6775,1.);
#6775 = DIRECTION('',(1.,0.));
#6776 = ( GEOMETRIC_REPRESENTATION_CONTEXT(2) 
PARAMETRIC_REPRESENTATION_CONTEXT() REPRESENTATION_CONTEXT('2D SPACE',''
  ) );
#6777 = PCURVE('',#6778,#6783);
#6778 = PLANE('',#6779);
#6779 = AXIS2_PLACEMENT_3D('',#6780,#6781,#6782);
#6780 = CARTESIAN_POINT('',(0.,0.,266.3));
#6781 = DIRECTION('',(0.,0.,1.));
#6782 = DIRECTION('',(1.,0.,-0.));
#6783 = DEFINITIONAL_REPRESENTATION('',(#6784),#6788);
#6784 = CIRCLE('',#6785,32.4);
#6785 = AXIS2_PLACEMENT_2D('',#6786,#6787);
#6786 = CARTESIAN_POINT('',(0.,0.));
#6787 = DIRECTION('',(1.,0.));
#6788 = ( GEOMETRIC_REPRESENTATION_CONTEXT(2) 
PARAMETRIC_REPRESENTATION_CONTEXT() REPRESENTATION_CONTEXT('2D SPACE',''
  ) );
#6789 = ORIENTED_EDGE('',*,*,#6740,.F.);
#6790 = ORIENTED_EDGE('',*,*,#6653,.T.);
#6791 = ADVANCED_FACE('',(#6792,#6795),#6723,.F.);
#6792 = FACE_BOUND('',#6793,.F.);
#6793 = EDGE_LOOP('',(#6794));
#6794 = ORIENTED_EDGE('',*,*,#6708,.T.);
#6795 = FACE_BOUND('',#6796,.F.);
#6796 = EDGE_LOOP('',(#6797));
#6797 = ORIENTED_EDGE('',*,*,#6798,.F.);
#6798 = EDGE_CURVE('',#6799,#6799,#6801,.T.);
#6799 = VERTEX_POINT('',#6800);
#6800 = CARTESIAN_POINT('',(-44.,-1.178722544179E-15,273.1875));
#6801 = SURFACE_CURVE('',#6802,(#6807,#6814),.PCURVE_S1.);
#6802 = CIRCLE('',#6803,4.8125);
#6803 = AXIS2_PLACEMENT_3D('',#6804,#6805,#6806);
#6804 = CARTESIAN_POINT('',(-44.,0.,278.));
#6805 = DIRECTION('',(1.,0.,2.22044604925E-16));
#6806 = DIRECTION('',(2.22044604925E-16,0.,-1.));
#6807 = PCURVE('',#6723,#6808);
#6808 = DEFINITIONAL_REPRESENTATION('',(#6809),#6813);
#6809 = CIRCLE('',#6810,4.8125);
#6810 = AXIS2_PLACEMENT_2D('',#6811,#6812);
#6811 = CARTESIAN_POINT('',(0.,0.));
#6812 = DIRECTION('',(1.,0.));
#6813 = ( GEOMETRIC_REPRESENTATION_CONTEXT(2) 
PARAMETRIC_REPRESENTATION_CONTEXT() REPRESENTATION_CONTEXT('2D SPACE',''
  ) );
#6814 = PCURVE('',#6815,#6820);
#6815 = CYLINDRICAL_SURFACE('',#6816,4.8125);
#6816 = AXIS2_PLACEMENT_3D('',#6817,#6818,#6819);
#6817 = CARTESIAN_POINT('',(-45.,0.,278.));
#6818 = DIRECTION('',(1.,0.,2.22044604925E-16));
#6819 = DIRECTION('',(2.22044604925E-16,0.,-1.));
#6820 = DEFINITIONAL_REPRESENTATION('',(#6821),#6825);
#6821 = LINE('',#6822,#6823);
#6822 = CARTESIAN_POINT('',(0.,1.));
#6823 = VECTOR('',#6824,1.);
#6824 = DIRECTION('',(1.,0.));
#6825 = ( GEOMETRIC_REPRESENTATION_CONTEXT(2) 
PARAMETRIC_REPRESENTATION_CONTEXT() REPRESENTATION_CONTEXT('2D SPACE',''
  ) );
#6826 = ADVANCED_FACE('',(#6827,#6830),#6778,.F.);
#6827 = FACE_BOUND('',#6828,.F.);
#6828 = EDGE_LOOP('',(#6829));
#6829 = ORIENTED_EDGE('',*,*,#6763,.T.);
#6830 = FACE_BOUND('',#6831,.F.);
#6831 = EDGE_LOOP('',(#6832));
#6832 = ORIENTED_EDGE('',*,*,#6833,.F.);
#6833 = EDGE_CURVE('',#6834,#6834,#6836,.T.);
#6834 = VERTEX_POINT('',#6835);
#6835 = CARTESIAN_POINT('',(30.,-7.347880794884E-15,266.3));
#6836 = SURFACE_CURVE('',#6837,(#6842,#6849),.PCURVE_S1.);
#6837 = CIRCLE('',#6838,30.);
#6838 = AXIS2_PLACEMENT_3D('',#6839,#6840,#6841);
#6839 = CARTESIAN_POINT('',(0.,0.,266.3));
#6840 = DIRECTION('',(0.,0.,1.));
#6841 = DIRECTION('',(1.,0.,-0.));
#6842 = PCURVE('',#6778,#6843);
#6843 = DEFINITIONAL_REPRESENTATION('',(#6844),#6848);
#6844 = CIRCLE('',#6845,30.);
#6845 = AXIS2_PLACEMENT_2D('',#6846,#6847);
#6846 = CARTESIAN_POINT('',(0.,0.));
#6847 = DIRECTION('',(1.,0.));
#6848 = ( GEOMETRIC_REPRESENTATION_CONTEXT(2) 
PARAMETRIC_REPRESENTATION_CONTEXT() REPRESENTATION_CONTEXT('2D SPACE',''
  ) );
#6849 = PCURVE('',#6850,#6855);
#6850 = CYLINDRICAL_SURFACE('',#6851,30.);
#6851 = AXIS2_PLACEMENT_3D('',#6852,#6853,#6854);
#6852 = CARTESIAN_POINT('',(0.,0.,263.9));
#6853 = DIRECTION('',(0.,0.,1.));
#6854 = DIRECTION('',(1.,0.,-0.));
#6855 = DEFINITIONAL_REPRESENTATION('',(#6856),#6860);
#6856 = LINE('',#6857,#6858);
#6857 = CARTESIAN_POINT('',(0.,2.4));
#6858 = VECTOR('',#6859,1.);
#6859 = DIRECTION('',(1.,0.));
#6860 = ( GEOMETRIC_REPRESENTATION_CONTEXT(2) 
PARAMETRIC_REPRESENTATION_CONTEXT() REPRESENTATION_CONTEXT('2D SPACE',''
  ) );
#6861 = ADVANCED_FACE('',(#6862),#6815,.F.);
#6862 = FACE_BOUND('',#6863,.F.);
#6863 = EDGE_LOOP('',(#6864,#6895,#6950,#6971,#6972,#6973,#7023,#7052));
#6864 = ORIENTED_EDGE('',*,*,#6865,.F.);
#6865 = EDGE_CURVE('',#6866,#6868,#6870,.T.);
#6866 = VERTEX_POINT('',#6867);
#6867 = CARTESIAN_POINT('',(-28.,2.368543856465,273.81070933808));
#6868 = VERTEX_POINT('',#6869);
#6869 = CARTESIAN_POINT('',(-28.,2.368543856465,282.18929066191));
#6870 = SURFACE_CURVE('',#6871,(#6876,#6883),.PCURVE_S1.);
#6871 = CIRCLE('',#6872,4.8125);
#6872 = AXIS2_PLACEMENT_3D('',#6873,#6874,#6875);
#6873 = CARTESIAN_POINT('',(-28.,0.,278.));
#6874 = DIRECTION('',(1.,-0.,2.22044604925E-16));
#6875 = DIRECTION('',(2.22044604925E-16,0.,-1.));
#6876 = PCURVE('',#6815,#6877);
#6877 = DEFINITIONAL_REPRESENTATION('',(#6878),#6882);
#6878 = LINE('',#6879,#6880);
#6879 = CARTESIAN_POINT('',(0.,17.));
#6880 = VECTOR('',#6881,1.);
#6881 = DIRECTION('',(1.,0.));
#6882 = ( GEOMETRIC_REPRESENTATION_CONTEXT(2) 
PARAMETRIC_REPRESENTATION_CONTEXT() REPRESENTATION_CONTEXT('2D SPACE',''
  ) );
#6883 = PCURVE('',#6884,#6889);
#6884 = PLANE('',#6885);
#6885 = AXIS2_PLACEMENT_3D('',#6886,#6887,#6888);
#6886 = CARTESIAN_POINT('',(-28.,0.,278.));
#6887 = DIRECTION('',(1.,0.,2.22044604925E-16));
#6888 = DIRECTION('',(2.22044604925E-16,0.,-1.));
#6889 = DEFINITIONAL_REPRESENTATION('',(#6890),#6894);
#6890 = CIRCLE('',#6891,4.8125);
#6891 = AXIS2_PLACEMENT_2D('',#6892,#6893);
#6892 = CARTESIAN_POINT('',(0.,0.));
#6893 = DIRECTION('',(1.,0.));
#6894 = ( GEOMETRIC_REPRESENTATION_CONTEXT(2) 
PARAMETRIC_REPRESENTATION_CONTEXT() REPRESENTATION_CONTEXT('2D SPACE',''
  ) );
#6895 = ORIENTED_EDGE('',*,*,#6896,.F.);
#6896 = EDGE_CURVE('',#6897,#6866,#6899,.T.);
#6897 = VERTEX_POINT('',#6898);
#6898 = CARTESIAN_POINT('',(-28.1,-1.178722544179E-15,273.1875));
#6899 = SURFACE_CURVE('',#6900,(#6913,#6929),.PCURVE_S1.);
#6900 = B_SPLINE_CURVE_WITH_KNOTS('',6,(#6901,#6902,#6903,#6904,#6905,
    #6906,#6907,#6908,#6909,#6910,#6911,#6912),.UNSPECIFIED.,.F.,.F.,(7,
    5,7),(0.,0.621451416308,1.),.UNSPECIFIED.);
#6901 = CARTESIAN_POINT('',(-28.1,1.131267480712E-15,273.1875));
#6902 = CARTESIAN_POINT('',(-28.1,0.267261028779,273.1875));
#6903 = CARTESIAN_POINT('',(-28.09694970421,0.534066577529,
    273.20531078242));
#6904 = CARTESIAN_POINT('',(-28.09086840703,0.79786448905,
    273.24081818424));
#6905 = CARTESIAN_POINT('',(-28.08196791426,1.056139297905,
    273.29327030826));
#6906 = CARTESIAN_POINT('',(-28.07064221933,1.306527205122,
    273.36129387273));
#6907 = CARTESIAN_POINT('',(-28.04931420692,1.693363915669,
    273.49260724161));
#6908 = CARTESIAN_POINT('',(-28.04051608905,1.836254529658,
    273.54740939435));
#6909 = CARTESIAN_POINT('',(-28.03108746384,1.975389842014,
    273.60697135022));
#6910 = CARTESIAN_POINT('',(-28.02112621548,2.110585827272,
    273.67094845201));
#6911 = CARTESIAN_POINT('',(-28.01073122423,2.241683899308,
    273.73898489023));
#6912 = CARTESIAN_POINT('',(-27.9999994,2.368550949417,273.81071334831)
  );
#6913 = PCURVE('',#6815,#6914);
#6914 = DEFINITIONAL_REPRESENTATION('',(#6915),#6928);
#6915 = B_SPLINE_CURVE_WITH_KNOTS('',6,(#6916,#6917,#6918,#6919,#6920,
    #6921,#6922,#6923,#6924,#6925,#6926,#6927),.UNSPECIFIED.,.F.,.F.,(7,
    5,7),(0.,0.621451416308,1.),.UNSPECIFIED.);
#6916 = CARTESIAN_POINT('',(0.,16.9));
#6917 = CARTESIAN_POINT('',(5.553475922673E-02,16.9));
#6918 = CARTESIAN_POINT('',(0.110974869396,16.903050295785));
#6919 = CARTESIAN_POINT('',(0.166098337694,16.909131592964));
#6920 = CARTESIAN_POINT('',(0.220685384086,16.918032085731));
#6921 = CARTESIAN_POINT('',(0.274496353354,16.929357780665));
#6922 = CARTESIAN_POINT('',(0.359382926963,16.950685793074));
#6923 = CARTESIAN_POINT('',(0.391159139665,16.959483910942));
#6924 = CARTESIAN_POINT('',(0.422574069226,16.968912536152));
#6925 = CARTESIAN_POINT('',(0.453621607274,16.97887378452));
#6926 = CARTESIAN_POINT('',(0.484293036117,16.989268775771));
#6927 = CARTESIAN_POINT('',(0.514576724166,17.0000006));
#6928 = ( GEOMETRIC_REPRESENTATION_CONTEXT(2) 
PARAMETRIC_REPRESENTATION_CONTEXT() REPRESENTATION_CONTEXT('2D SPACE',''
  ) );
#6929 = PCURVE('',#6930,#6935);
#6930 = CYLINDRICAL_SURFACE('',#6931,28.1);
#6931 = AXIS2_PLACEMENT_3D('',#6932,#6933,#6934);
#6932 = CARTESIAN_POINT('',(0.,0.,264.9));
#6933 = DIRECTION('',(0.,0.,1.));
#6934 = DIRECTION('',(1.,0.,-0.));
#6935 = DEFINITIONAL_REPRESENTATION('',(#6936),#6949);
#6936 = B_SPLINE_CURVE_WITH_KNOTS('',6,(#6937,#6938,#6939,#6940,#6941,
    #6942,#6943,#6944,#6945,#6946,#6947,#6948),.UNSPECIFIED.,.F.,.F.,(7,
    5,7),(0.,0.621451416308,1.),.UNSPECIFIED.);
#6937 = CARTESIAN_POINT('',(3.14159265359,8.2875));
#6938 = CARTESIAN_POINT('',(3.13208158495,8.2875));
#6939 = CARTESIAN_POINT('',(3.122586724961,8.305310782423));
#6940 = CARTESIAN_POINT('',(3.113197353289,8.340818184244));
#6941 = CARTESIAN_POINT('',(3.104001450649,8.393270308261));
#6942 = CARTESIAN_POINT('',(3.0950821726,8.461293872734));
#6943 = CARTESIAN_POINT('',(3.081294833879,8.592607241614));
#6944 = CARTESIAN_POINT('',(3.076200233641,8.647409394353));
#6945 = CARTESIAN_POINT('',(3.07123757956,8.706971350227));
#6946 = CARTESIAN_POINT('',(3.066413409313,8.770948452013));
#6947 = CARTESIAN_POINT('',(3.061733419017,8.83898489023));
#6948 = CARTESIAN_POINT('',(3.057202452845,8.910713348311));
#6949 = ( GEOMETRIC_REPRESENTATION_CONTEXT(2) 
PARAMETRIC_REPRESENTATION_CONTEXT() REPRESENTATION_CONTEXT('2D SPACE',''
  ) );
#6950 = ORIENTED_EDGE('',*,*,#6951,.F.);
#6951 = EDGE_CURVE('',#6799,#6897,#6952,.T.);
#6952 = SEAM_CURVE('',#6953,(#6957,#6964),.PCURVE_S1.);
#6953 = LINE('',#6954,#6955);
#6954 = CARTESIAN_POINT('',(-45.,-1.178722544179E-15,273.1875));
#6955 = VECTOR('',#6956,1.);
#6956 = DIRECTION('',(1.,0.,2.22044604925E-16));
#6957 = PCURVE('',#6815,#6958);
#6958 = DEFINITIONAL_REPRESENTATION('',(#6959),#6963);
#6959 = LINE('',#6960,#6961);
#6960 = CARTESIAN_POINT('',(6.28318530718,-0.));
#6961 = VECTOR('',#6962,1.);
#6962 = DIRECTION('',(0.,1.));
#6963 = ( GEOMETRIC_REPRESENTATION_CONTEXT(2) 
PARAMETRIC_REPRESENTATION_CONTEXT() REPRESENTATION_CONTEXT('2D SPACE',''
  ) );
#6964 = PCURVE('',#6815,#6965);
#6965 = DEFINITIONAL_REPRESENTATION('',(#6966),#6970);
#6966 = LINE('',#6967,#6968);
#6967 = CARTESIAN_POINT('',(0.,-0.));
#6968 = VECTOR('',#6969,1.);
#6969 = DIRECTION('',(0.,1.));
#6970 = ( GEOMETRIC_REPRESENTATION_CONTEXT(2) 
PARAMETRIC_REPRESENTATION_CONTEXT() REPRESENTATION_CONTEXT('2D SPACE',''
  ) );
#6971 = ORIENTED_EDGE('',*,*,#6798,.T.);
#6972 = ORIENTED_EDGE('',*,*,#6951,.T.);
#6973 = ORIENTED_EDGE('',*,*,#6974,.F.);
#6974 = EDGE_CURVE('',#6975,#6897,#6977,.T.);
#6975 = VERTEX_POINT('',#6976);
#6976 = CARTESIAN_POINT('',(-28.,-2.368543856465,273.81070933808));
#6977 = SURFACE_CURVE('',#6978,(#6991,#7007),.PCURVE_S1.);
#6978 = B_SPLINE_CURVE_WITH_KNOTS('',6,(#6979,#6980,#6981,#6982,#6983,
    #6984,#6985,#6986,#6987,#6988,#6989,#6990),.UNSPECIFIED.,.F.,.F.,(7,
    5,7),(0.,0.378548583692,1.),.UNSPECIFIED.);
#6979 = CARTESIAN_POINT('',(-27.9999994,-2.368550949417,273.81071334831)
  );
#6980 = CARTESIAN_POINT('',(-28.01073122423,-2.241683899308,
    273.73898489023));
#6981 = CARTESIAN_POINT('',(-28.02112621548,-2.110585827272,
    273.67094845201));
#6982 = CARTESIAN_POINT('',(-28.03108746384,-1.975389842014,
    273.60697135022));
#6983 = CARTESIAN_POINT('',(-28.04051608905,-1.836254529658,
    273.54740939435));
#6984 = CARTESIAN_POINT('',(-28.04931420692,-1.693363915669,
    273.49260724161));
#6985 = CARTESIAN_POINT('',(-28.07064221933,-1.306527205122,
    273.36129387273));
#6986 = CARTESIAN_POINT('',(-28.08196791426,-1.056139297905,
    273.29327030826));
#6987 = CARTESIAN_POINT('',(-28.09086840703,-0.79786448905,
    273.24081818424));
#6988 = CARTESIAN_POINT('',(-28.09694970421,-0.534066577529,
    273.20531078242));
#6989 = CARTESIAN_POINT('',(-28.1,-0.267261028779,273.1875));
#6990 = CARTESIAN_POINT('',(-28.1,1.33226762955E-15,273.1875));
#6991 = PCURVE('',#6815,#6992);
#6992 = DEFINITIONAL_REPRESENTATION('',(#6993),#7006);
#6993 = B_SPLINE_CURVE_WITH_KNOTS('',6,(#6994,#6995,#6996,#6997,#6998,
    #6999,#7000,#7001,#7002,#7003,#7004,#7005),.UNSPECIFIED.,.F.,.F.,(7,
    5,7),(0.,0.378548583692,1.),.UNSPECIFIED.);
#6994 = CARTESIAN_POINT('',(5.768608583013,17.0000006));
#6995 = CARTESIAN_POINT('',(5.798892271063,16.989268775771));
#6996 = CARTESIAN_POINT('',(5.829563699906,16.97887378452));
#6997 = CARTESIAN_POINT('',(5.860611237954,16.968912536152));
#6998 = CARTESIAN_POINT('',(5.892026167514,16.959483910942));
#6999 = CARTESIAN_POINT('',(5.923802380217,16.950685793074));
#7000 = CARTESIAN_POINT('',(6.008688953825,16.929357780665));
#7001 = CARTESIAN_POINT('',(6.062499923093,16.918032085731));
#7002 = CARTESIAN_POINT('',(6.117086969486,16.909131592964));
#7003 = CARTESIAN_POINT('',(6.172210437783,16.903050295785));
#7004 = CARTESIAN_POINT('',(6.227650547953,16.9));
#7005 = CARTESIAN_POINT('',(6.28318530718,16.9));
#7006 = ( GEOMETRIC_REPRESENTATION_CONTEXT(2) 
PARAMETRIC_REPRESENTATION_CONTEXT() REPRESENTATION_CONTEXT('2D SPACE',''
  ) );
#7007 = PCURVE('',#6930,#7008);
#7008 = DEFINITIONAL_REPRESENTATION('',(#7009),#7022);
#7009 = B_SPLINE_CURVE_WITH_KNOTS('',6,(#7010,#7011,#7012,#7013,#7014,
    #7015,#7016,#7017,#7018,#7019,#7020,#7021),.UNSPECIFIED.,.F.,.F.,(7,
    5,7),(0.,0.378548583692,1.),.UNSPECIFIED.);
#7010 = CARTESIAN_POINT('',(3.225982854335,8.910713348311));
#7011 = CARTESIAN_POINT('',(3.221451888163,8.838984890231));
#7012 = CARTESIAN_POINT('',(3.216771897866,8.770948452013));
#7013 = CARTESIAN_POINT('',(3.211947727619,8.706971350227));
#7014 = CARTESIAN_POINT('',(3.206985073539,8.647409394353));
#7015 = CARTESIAN_POINT('',(3.201890473301,8.592607241614));
#7016 = CARTESIAN_POINT('',(3.18810313458,8.461293872734));
#7017 = CARTESIAN_POINT('',(3.179183856531,8.393270308261));
#7018 = CARTESIAN_POINT('',(3.169987953891,8.340818184244));
#7019 = CARTESIAN_POINT('',(3.160598582218,8.305310782423));
#7020 = CARTESIAN_POINT('',(3.15110372223,8.2875));
#7021 = CARTESIAN_POINT('',(3.14159265359,8.2875));
#7022 = ( GEOMETRIC_REPRESENTATION_CONTEXT(2) 
PARAMETRIC_REPRESENTATION_CONTEXT() REPRESENTATION_CONTEXT('2D SPACE',''
  ) );
#7023 = ORIENTED_EDGE('',*,*,#7024,.F.);
#7024 = EDGE_CURVE('',#7025,#6975,#7027,.T.);
#7025 = VERTEX_POINT('',#7026);
#7026 = CARTESIAN_POINT('',(-28.,-2.368543856465,282.18929066191));
#7027 = SURFACE_CURVE('',#7028,(#7033,#7040),.PCURVE_S1.);
#7028 = CIRCLE('',#7029,4.8125);
#7029 = AXIS2_PLACEMENT_3D('',#7030,#7031,#7032);
#7030 = CARTESIAN_POINT('',(-28.,0.,278.));
#7031 = DIRECTION('',(1.,-0.,2.22044604925E-16));
#7032 = DIRECTION('',(2.22044604925E-16,0.,-1.));
#7033 = PCURVE('',#6815,#7034);
#7034 = DEFINITIONAL_REPRESENTATION('',(#7035),#7039);
#7035 = LINE('',#7036,#7037);
#7036 = CARTESIAN_POINT('',(0.,17.));
#7037 = VECTOR('',#7038,1.);
#7038 = DIRECTION('',(1.,0.));
#7039 = ( GEOMETRIC_REPRESENTATION_CONTEXT(2) 
PARAMETRIC_REPRESENTATION_CONTEXT() REPRESENTATION_CONTEXT('2D SPACE',''
  ) );
#7040 = PCURVE('',#7041,#7046);
#7041 = PLANE('',#7042);
#7042 = AXIS2_PLACEMENT_3D('',#7043,#7044,#7045);
#7043 = CARTESIAN_POINT('',(-28.,0.,278.));
#7044 = DIRECTION('',(1.,0.,2.22044604925E-16));
#7045 = DIRECTION('',(2.22044604925E-16,0.,-1.));
#7046 = DEFINITIONAL_REPRESENTATION('',(#7047),#7051);
#7047 = CIRCLE('',#7048,4.8125);
#7048 = AXIS2_PLACEMENT_2D('',#7049,#7050);
#7049 = CARTESIAN_POINT('',(0.,0.));
#7050 = DIRECTION('',(1.,0.));
#7051 = ( GEOMETRIC_REPRESENTATION_CONTEXT(2) 
PARAMETRIC_REPRESENTATION_CONTEXT() REPRESENTATION_CONTEXT('2D SPACE',''
  ) );
#7052 = ORIENTED_EDGE('',*,*,#7053,.F.);
#7053 = EDGE_CURVE('',#6868,#7025,#7054,.T.);
#7054 = SURFACE_CURVE('',#7055,(#7082,#7112),.PCURVE_S1.);
#7055 = B_SPLINE_CURVE_WITH_KNOTS('',5,(#7056,#7057,#7058,#7059,#7060,
    #7061,#7062,#7063,#7064,#7065,#7066,#7067,#7068,#7069,#7070,#7071,
    #7072,#7073,#7074,#7075,#7076,#7077,#7078,#7079,#7080,#7081),
  .UNSPECIFIED.,.F.,.F.,(6,4,4,4,4,4,6),(0.,0.189176699332,
    0.292128448668,0.500000010125,0.707871571585,0.810823316586,1.),
  .UNSPECIFIED.);
#7056 = CARTESIAN_POINT('',(-27.9999994,2.368550949417,282.18928665168)
  );
#7057 = CARTESIAN_POINT('',(-28.01287758907,2.216310489294,
    282.27536080138));
#7058 = CARTESIAN_POINT('',(-28.02525052868,2.057723496259,
    282.35589692129));
#7059 = CARTESIAN_POINT('',(-28.03692439901,1.893056187755,
    282.43016037826));
#7060 = CARTESIAN_POINT('',(-28.04769946914,1.722651213458,
    282.49745106042));
#7061 = CARTESIAN_POINT('',(-28.06266042926,1.451296879758,
    282.58956344465));
#7062 = CARTESIAN_POINT('',(-28.06761013383,1.354110457601,
    282.61975621947));
#7063 = CARTESIAN_POINT('',(-28.07220409379,1.255485375587,
    282.64755743116));
#7064 = CARTESIAN_POINT('',(-28.07641275175,1.155546174026,
    282.67285891856));
#7065 = CARTESIAN_POINT('',(-28.08787681024,0.85024873248,
    282.74141575163));
#7066 = CARTESIAN_POINT('',(-28.09387071901,0.641138833611,
    282.77671517995));
#7067 = CARTESIAN_POINT('',(-28.09795592653,0.428638890262,
    282.80056362479));
#7068 = CARTESIAN_POINT('',(-28.1,0.214366780258,282.8125));
#7069 = CARTESIAN_POINT('',(-28.1,-0.214366780261,282.8125));
#7070 = CARTESIAN_POINT('',(-28.09795592653,-0.428638890259,
    282.80056362479));
#7071 = CARTESIAN_POINT('',(-28.09387071901,-0.641138833608,
    282.77671517995));
#7072 = CARTESIAN_POINT('',(-28.08787681024,-0.850248732483,
    282.74141575163));
#7073 = CARTESIAN_POINT('',(-28.07641275191,-1.155546169765,
    282.67285891952));
#7074 = CARTESIAN_POINT('',(-28.07220409362,-1.25548537898,
    282.64755743009));
#7075 = CARTESIAN_POINT('',(-28.06761013368,-1.354110461117,
    282.6197562186));
#7076 = CARTESIAN_POINT('',(-28.06266042948,-1.451296875743,
    282.58956344601));
#7077 = CARTESIAN_POINT('',(-28.04769946914,-1.722651213449,
    282.49745106042));
#7078 = CARTESIAN_POINT('',(-28.03692439901,-1.893056187763,
    282.43016037825));
#7079 = CARTESIAN_POINT('',(-28.02525052868,-2.057723496265,
    282.35589692128));
#7080 = CARTESIAN_POINT('',(-28.01287758907,-2.216310489287,
    282.27536080138));
#7081 = CARTESIAN_POINT('',(-27.9999994,-2.368550949417,282.18928665168)
  );
#7082 = PCURVE('',#6815,#7083);
#7083 = DEFINITIONAL_REPRESENTATION('',(#7084),#7111);
#7084 = B_SPLINE_CURVE_WITH_KNOTS('',5,(#7085,#7086,#7087,#7088,#7089,
    #7090,#7091,#7092,#7093,#7094,#7095,#7096,#7097,#7098,#7099,#7100,
    #7101,#7102,#7103,#7104,#7105,#7106,#7107,#7108,#7109,#7110),
  .UNSPECIFIED.,.F.,.F.,(6,4,4,4,4,4,6),(0.,0.189176699332,
    0.292128448668,0.500000010125,0.707871571585,0.810823316586,1.),
  .UNSPECIFIED.);
#7085 = CARTESIAN_POINT('',(2.627015929424,17.0000006));
#7086 = CARTESIAN_POINT('',(2.663356355081,16.987122410925));
#7087 = CARTESIAN_POINT('',(2.700278391935,16.974749471317));
#7088 = CARTESIAN_POINT('',(2.737758776796,16.963075600986));
#7089 = CARTESIAN_POINT('',(2.775782988182,16.952300530853));
#7090 = CARTESIAN_POINT('',(2.835328369976,16.93733957074));
#7091 = CARTESIAN_POINT('',(2.856467850217,16.932389866169));
#7092 = CARTESIAN_POINT('',(2.877750016287,16.927795906204));
#7093 = CARTESIAN_POINT('',(2.899163902374,16.923587248245));
#7094 = CARTESIAN_POINT('',(2.964182136382,16.912123189756));
#7095 = CARTESIAN_POINT('',(3.008184871866,16.906129280983));
#7096 = CARTESIAN_POINT('',(3.052524828197,16.902044073463));
#7097 = CARTESIAN_POINT('',(3.097048907043,16.9));
#7098 = CARTESIAN_POINT('',(3.186136400138,16.9));
#7099 = CARTESIAN_POINT('',(3.230660478982,16.902044073463));
#7100 = CARTESIAN_POINT('',(3.275000435313,16.906129280982));
#7101 = CARTESIAN_POINT('',(3.319003170799,16.912123189756));
#7102 = CARTESIAN_POINT('',(3.384021403898,16.923587248085));
#7103 = CARTESIAN_POINT('',(3.405435291633,16.927795906379));
#7104 = CARTESIAN_POINT('',(3.426717457715,16.932389866313));
#7105 = CARTESIAN_POINT('',(3.447856936322,16.937339570519));
#7106 = CARTESIAN_POINT('',(3.507402318996,16.952300530852));
#7107 = CARTESIAN_POINT('',(3.545426530385,16.963075600986));
#7108 = CARTESIAN_POINT('',(3.582906915246,16.974749471318));
#7109 = CARTESIAN_POINT('',(3.619828952097,16.987122410925));
#7110 = CARTESIAN_POINT('',(3.656169377756,17.0000006));
#7111 = ( GEOMETRIC_REPRESENTATION_CONTEXT(2) 
PARAMETRIC_REPRESENTATION_CONTEXT() REPRESENTATION_CONTEXT('2D SPACE',''
  ) );
#7112 = PCURVE('',#6930,#7113);
#7113 = DEFINITIONAL_REPRESENTATION('',(#7114),#7141);
#7114 = B_SPLINE_CURVE_WITH_KNOTS('',5,(#7115,#7116,#7117,#7118,#7119,
    #7120,#7121,#7122,#7123,#7124,#7125,#7126,#7127,#7128,#7129,#7130,
    #7131,#7132,#7133,#7134,#7135,#7136,#7137,#7138,#7139,#7140),
  .UNSPECIFIED.,.F.,.F.,(6,4,4,4,4,4,6),(0.,0.189176699332,
    0.292128448668,0.500000010125,0.707871571585,0.810823316586,1.),
  .UNSPECIFIED.);
#7115 = CARTESIAN_POINT('',(3.057202452845,17.289286651689));
#7116 = CARTESIAN_POINT('',(3.062639612251,17.375360801382));
#7117 = CARTESIAN_POINT('',(3.068300307844,17.455896921293));
#7118 = CARTESIAN_POINT('',(3.074174851277,17.53016037826));
#7119 = CARTESIAN_POINT('',(3.08025099837,17.597451060421));
#7120 = CARTESIAN_POINT('',(3.089922402376,17.689563444656));
#7121 = CARTESIAN_POINT('',(3.093385445887,17.719756219474));
#7122 = CARTESIAN_POINT('',(3.096898995868,17.747557431166));
#7123 = CARTESIAN_POINT('',(3.100458666199,17.772858918564));
#7124 = CARTESIAN_POINT('',(3.111331000933,17.841415751638));
#7125 = CARTESIAN_POINT('',(3.1187753981,17.876715179951));
#7126 = CARTESIAN_POINT('',(3.126338601175,17.900563624794));
#7127 = CARTESIAN_POINT('',(3.133963942549,17.9125));
#7128 = CARTESIAN_POINT('',(3.149221364631,17.9125));
#7129 = CARTESIAN_POINT('',(3.156846706004,17.900563624793));
#7130 = CARTESIAN_POINT('',(3.164409909079,17.876715179952));
#7131 = CARTESIAN_POINT('',(3.171854306246,17.841415751638));
#7132 = CARTESIAN_POINT('',(3.182726640829,17.772858919521));
#7133 = CARTESIAN_POINT('',(3.186286311432,17.747557430097));
#7134 = CARTESIAN_POINT('',(3.189799861418,17.719756218607));
#7135 = CARTESIAN_POINT('',(3.193262904661,17.689563446019));
#7136 = CARTESIAN_POINT('',(3.20293430881,17.597451060424));
#7137 = CARTESIAN_POINT('',(3.209010455903,17.530160378258));
#7138 = CARTESIAN_POINT('',(3.214884999335,17.455896921288));
#7139 = CARTESIAN_POINT('',(3.220545694928,17.375360801386));
#7140 = CARTESIAN_POINT('',(3.225982854335,17.289286651689));
#7141 = ( GEOMETRIC_REPRESENTATION_CONTEXT(2) 
PARAMETRIC_REPRESENTATION_CONTEXT() REPRESENTATION_CONTEXT('2D SPACE',''
  ) );
#7142 = ADVANCED_FACE('',(#7143),#6850,.T.);
#7143 = FACE_BOUND('',#7144,.T.);
#7144 = EDGE_LOOP('',(#7145,#7168,#7169,#7170));
#7145 = ORIENTED_EDGE('',*,*,#7146,.T.);
#7146 = EDGE_CURVE('',#7147,#6834,#7149,.T.);
#7147 = VERTEX_POINT('',#7148);
#7148 = CARTESIAN_POINT('',(30.,-7.347880794884E-15,265.));
#7149 = SEAM_CURVE('',#7150,(#7154,#7161),.PCURVE_S1.);
#7150 = LINE('',#7151,#7152);
#7151 = CARTESIAN_POINT('',(30.,-7.347880794884E-15,263.9));
#7152 = VECTOR('',#7153,1.);
#7153 = DIRECTION('',(0.,0.,1.));
#7154 = PCURVE('',#6850,#7155);
#7155 = DEFINITIONAL_REPRESENTATION('',(#7156),#7160);
#7156 = LINE('',#7157,#7158);
#7157 = CARTESIAN_POINT('',(6.28318530718,-0.));
#7158 = VECTOR('',#7159,1.);
#7159 = DIRECTION('',(0.,1.));
#7160 = ( GEOMETRIC_REPRESENTATION_CONTEXT(2) 
PARAMETRIC_REPRESENTATION_CONTEXT() REPRESENTATION_CONTEXT('2D SPACE',''
  ) );
#7161 = PCURVE('',#6850,#7162);
#7162 = DEFINITIONAL_REPRESENTATION('',(#7163),#7167);
#7163 = LINE('',#7164,#7165);
#7164 = CARTESIAN_POINT('',(0.,-0.));
#7165 = VECTOR('',#7166,1.);
#7166 = DIRECTION('',(0.,1.));
#7167 = ( GEOMETRIC_REPRESENTATION_CONTEXT(2) 
PARAMETRIC_REPRESENTATION_CONTEXT() REPRESENTATION_CONTEXT('2D SPACE',''
  ) );
#7168 = ORIENTED_EDGE('',*,*,#6833,.F.);
#7169 = ORIENTED_EDGE('',*,*,#7146,.F.);
#7170 = ORIENTED_EDGE('',*,*,#7171,.T.);
#7171 = EDGE_CURVE('',#7147,#7147,#7172,.T.);
#7172 = SURFACE_CURVE('',#7173,(#7178,#7185),.PCURVE_S1.);
#7173 = CIRCLE('',#7174,30.);
#7174 = AXIS2_PLACEMENT_3D('',#7175,#7176,#7177);
#7175 = CARTESIAN_POINT('',(0.,0.,265.));
#7176 = DIRECTION('',(0.,0.,1.));
#7177 = DIRECTION('',(1.,0.,-0.));
#7178 = PCURVE('',#6850,#7179);
#7179 = DEFINITIONAL_REPRESENTATION('',(#7180),#7184);
#7180 = LINE('',#7181,#7182);
#7181 = CARTESIAN_POINT('',(0.,1.1));
#7182 = VECTOR('',#7183,1.);
#7183 = DIRECTION('',(1.,0.));
#7184 = ( GEOMETRIC_REPRESENTATION_CONTEXT(2) 
PARAMETRIC_REPRESENTATION_CONTEXT() REPRESENTATION_CONTEXT('2D SPACE',''
  ) );
#7185 = PCURVE('',#7186,#7191);
#7186 = PLANE('',#7187);
#7187 = AXIS2_PLACEMENT_3D('',#7188,#7189,#7190);
#7188 = CARTESIAN_POINT('',(0.,0.,265.));
#7189 = DIRECTION('',(0.,0.,1.));
#7190 = DIRECTION('',(1.,0.,-0.));
#7191 = DEFINITIONAL_REPRESENTATION('',(#7192),#7196);
#7192 = CIRCLE('',#7193,30.);
#7193 = AXIS2_PLACEMENT_2D('',#7194,#7195);
#7194 = CARTESIAN_POINT('',(0.,0.));
#7195 = DIRECTION('',(1.,0.));
#7196 = ( GEOMETRIC_REPRESENTATION_CONTEXT(2) 
PARAMETRIC_REPRESENTATION_CONTEXT() REPRESENTATION_CONTEXT('2D SPACE',''
  ) );
#7197 = ADVANCED_FACE('',(#7198),#6884,.F.);
#7198 = FACE_BOUND('',#7199,.F.);
#7199 = EDGE_LOOP('',(#7200,#7219));
#7200 = ORIENTED_EDGE('',*,*,#7201,.F.);
#7201 = EDGE_CURVE('',#6866,#6868,#7202,.T.);
#7202 = SURFACE_CURVE('',#7203,(#7207,#7213),.PCURVE_S1.);
#7203 = LINE('',#7204,#7205);
#7204 = CARTESIAN_POINT('',(-28.,2.368543856465,264.9));
#7205 = VECTOR('',#7206,1.);
#7206 = DIRECTION('',(0.,0.,1.));
#7207 = PCURVE('',#6884,#7208);
#7208 = DEFINITIONAL_REPRESENTATION('',(#7209),#7212);
#7209 = B_SPLINE_CURVE_WITH_KNOTS('',1,(#7210,#7211),.UNSPECIFIED.,.F.,
  .F.,(2,2),(7.325,18.875),.PIECEWISE_BEZIER_KNOTS.);
#7210 = CARTESIAN_POINT('',(5.775,2.368543856465));
#7211 = CARTESIAN_POINT('',(-5.775,2.368543856465));
#7212 = ( GEOMETRIC_REPRESENTATION_CONTEXT(2) 
PARAMETRIC_REPRESENTATION_CONTEXT() REPRESENTATION_CONTEXT('2D SPACE',''
  ) );
#7213 = PCURVE('',#6930,#7214);
#7214 = DEFINITIONAL_REPRESENTATION('',(#7215),#7218);
#7215 = B_SPLINE_CURVE_WITH_KNOTS('',1,(#7216,#7217),.UNSPECIFIED.,.F.,
  .F.,(2,2),(7.325,18.875),.PIECEWISE_BEZIER_KNOTS.);
#7216 = CARTESIAN_POINT('',(3.057202706164,7.325));
#7217 = CARTESIAN_POINT('',(3.057202706164,18.875));
#7218 = ( GEOMETRIC_REPRESENTATION_CONTEXT(2) 
PARAMETRIC_REPRESENTATION_CONTEXT() REPRESENTATION_CONTEXT('2D SPACE',''
  ) );
#7219 = ORIENTED_EDGE('',*,*,#6865,.T.);
#7220 = ADVANCED_FACE('',(#7221,#7298),#6930,.F.);
#7221 = FACE_BOUND('',#7222,.F.);
#7222 = EDGE_LOOP('',(#7223,#7247,#7270,#7297));
#7223 = ORIENTED_EDGE('',*,*,#7224,.T.);
#7224 = EDGE_CURVE('',#7225,#7225,#7227,.T.);
#7225 = VERTEX_POINT('',#7226);
#7226 = CARTESIAN_POINT('',(28.1,-6.882515011208E-15,265.));
#7227 = SURFACE_CURVE('',#7228,(#7233,#7240),.PCURVE_S1.);
#7228 = CIRCLE('',#7229,28.1);
#7229 = AXIS2_PLACEMENT_3D('',#7230,#7231,#7232);
#7230 = CARTESIAN_POINT('',(0.,0.,265.));
#7231 = DIRECTION('',(0.,0.,1.));
#7232 = DIRECTION('',(1.,0.,-0.));
#7233 = PCURVE('',#6930,#7234);
#7234 = DEFINITIONAL_REPRESENTATION('',(#7235),#7239);
#7235 = LINE('',#7236,#7237);
#7236 = CARTESIAN_POINT('',(0.,0.1));
#7237 = VECTOR('',#7238,1.);
#7238 = DIRECTION('',(1.,0.));
#7239 = ( GEOMETRIC_REPRESENTATION_CONTEXT(2) 
PARAMETRIC_REPRESENTATION_CONTEXT() REPRESENTATION_CONTEXT('2D SPACE',''
  ) );
#7240 = PCURVE('',#7186,#7241);
#7241 = DEFINITIONAL_REPRESENTATION('',(#7242),#7246);
#7242 = CIRCLE('',#7243,28.1);
#7243 = AXIS2_PLACEMENT_2D('',#7244,#7245);
#7244 = CARTESIAN_POINT('',(0.,0.));
#7245 = DIRECTION('',(1.,0.));
#7246 = ( GEOMETRIC_REPRESENTATION_CONTEXT(2) 
PARAMETRIC_REPRESENTATION_CONTEXT() REPRESENTATION_CONTEXT('2D SPACE',''
  ) );
#7247 = ORIENTED_EDGE('',*,*,#7248,.T.);
#7248 = EDGE_CURVE('',#7225,#7249,#7251,.T.);
#7249 = VERTEX_POINT('',#7250);
#7250 = CARTESIAN_POINT('',(28.1,-6.882515011208E-15,290.));
#7251 = SEAM_CURVE('',#7252,(#7256,#7263),.PCURVE_S1.);
#7252 = LINE('',#7253,#7254);
#7253 = CARTESIAN_POINT('',(28.1,-6.882515011208E-15,264.9));
#7254 = VECTOR('',#7255,1.);
#7255 = DIRECTION('',(0.,0.,1.));
#7256 = PCURVE('',#6930,#7257);
#7257 = DEFINITIONAL_REPRESENTATION('',(#7258),#7262);
#7258 = LINE('',#7259,#7260);
#7259 = CARTESIAN_POINT('',(0.,-0.));
#7260 = VECTOR('',#7261,1.);
#7261 = DIRECTION('',(0.,1.));
#7262 = ( GEOMETRIC_REPRESENTATION_CONTEXT(2) 
PARAMETRIC_REPRESENTATION_CONTEXT() REPRESENTATION_CONTEXT('2D SPACE',''
  ) );
#7263 = PCURVE('',#6930,#7264);
#7264 = DEFINITIONAL_REPRESENTATION('',(#7265),#7269);
#7265 = LINE('',#7266,#7267);
#7266 = CARTESIAN_POINT('',(6.28318530718,-0.));
#7267 = VECTOR('',#7268,1.);
#7268 = DIRECTION('',(0.,1.));
#7269 = ( GEOMETRIC_REPRESENTATION_CONTEXT(2) 
PARAMETRIC_REPRESENTATION_CONTEXT() REPRESENTATION_CONTEXT('2D SPACE',''
  ) );
#7270 = ORIENTED_EDGE('',*,*,#7271,.F.);
#7271 = EDGE_CURVE('',#7249,#7249,#7272,.T.);
#7272 = SURFACE_CURVE('',#7273,(#7278,#7285),.PCURVE_S1.);
#7273 = CIRCLE('',#7274,28.1);
#7274 = AXIS2_PLACEMENT_3D('',#7275,#7276,#7277);
#7275 = CARTESIAN_POINT('',(0.,0.,290.));
#7276 = DIRECTION('',(0.,0.,1.));
#7277 = DIRECTION('',(1.,0.,-0.));
#7278 = PCURVE('',#6930,#7279);
#7279 = DEFINITIONAL_REPRESENTATION('',(#7280),#7284);
#7280 = LINE('',#7281,#7282);
#7281 = CARTESIAN_POINT('',(0.,25.1));
#7282 = VECTOR('',#7283,1.);
#7283 = DIRECTION('',(1.,0.));
#7284 = ( GEOMETRIC_REPRESENTATION_CONTEXT(2) 
PARAMETRIC_REPRESENTATION_CONTEXT() REPRESENTATION_CONTEXT('2D SPACE',''
  ) );
#7285 = PCURVE('',#7286,#7291);
#7286 = PLANE('',#7287);
#7287 = AXIS2_PLACEMENT_3D('',#7288,#7289,#7290);
#7288 = CARTESIAN_POINT('',(0.,0.,290.));
#7289 = DIRECTION('',(0.,0.,1.));
#7290 = DIRECTION('',(1.,0.,-0.));
#7291 = DEFINITIONAL_REPRESENTATION('',(#7292),#7296);
#7292 = CIRCLE('',#7293,28.1);
#7293 = AXIS2_PLACEMENT_2D('',#7294,#7295);
#7294 = CARTESIAN_POINT('',(0.,0.));
#7295 = DIRECTION('',(1.,0.));
#7296 = ( GEOMETRIC_REPRESENTATION_CONTEXT(2) 
PARAMETRIC_REPRESENTATION_CONTEXT() REPRESENTATION_CONTEXT('2D SPACE',''
  ) );
#7297 = ORIENTED_EDGE('',*,*,#7248,.F.);
#7298 = FACE_BOUND('',#7299,.F.);
#7299 = EDGE_LOOP('',(#7300,#7319,#7320,#7321,#7322));
#7300 = ORIENTED_EDGE('',*,*,#7301,.F.);
#7301 = EDGE_CURVE('',#6975,#7025,#7302,.T.);
#7302 = SURFACE_CURVE('',#7303,(#7307,#7313),.PCURVE_S1.);
#7303 = LINE('',#7304,#7305);
#7304 = CARTESIAN_POINT('',(-28.,-2.368543856465,264.9));
#7305 = VECTOR('',#7306,1.);
#7306 = DIRECTION('',(0.,0.,1.));
#7307 = PCURVE('',#6930,#7308);
#7308 = DEFINITIONAL_REPRESENTATION('',(#7309),#7312);
#7309 = B_SPLINE_CURVE_WITH_KNOTS('',1,(#7310,#7311),.UNSPECIFIED.,.F.,
  .F.,(2,2),(7.325,18.875),.PIECEWISE_BEZIER_KNOTS.);
#7310 = CARTESIAN_POINT('',(3.225982601015,7.325));
#7311 = CARTESIAN_POINT('',(3.225982601015,18.875));
#7312 = ( GEOMETRIC_REPRESENTATION_CONTEXT(2) 
PARAMETRIC_REPRESENTATION_CONTEXT() REPRESENTATION_CONTEXT('2D SPACE',''
  ) );
#7313 = PCURVE('',#7041,#7314);
#7314 = DEFINITIONAL_REPRESENTATION('',(#7315),#7318);
#7315 = B_SPLINE_CURVE_WITH_KNOTS('',1,(#7316,#7317),.UNSPECIFIED.,.F.,
  .F.,(2,2),(7.325,18.875),.PIECEWISE_BEZIER_KNOTS.);
#7316 = CARTESIAN_POINT('',(5.775,-2.368543856465));
#7317 = CARTESIAN_POINT('',(-5.775,-2.368543856465));
#7318 = ( GEOMETRIC_REPRESENTATION_CONTEXT(2) 
PARAMETRIC_REPRESENTATION_CONTEXT() REPRESENTATION_CONTEXT('2D SPACE',''
  ) );
#7319 = ORIENTED_EDGE('',*,*,#6974,.T.);
#7320 = ORIENTED_EDGE('',*,*,#6896,.T.);
#7321 = ORIENTED_EDGE('',*,*,#7201,.T.);
#7322 = ORIENTED_EDGE('',*,*,#7053,.T.);
#7323 = ADVANCED_FACE('',(#7324),#7041,.F.);
#7324 = FACE_BOUND('',#7325,.F.);
#7325 = EDGE_LOOP('',(#7326,#7327));
#7326 = ORIENTED_EDGE('',*,*,#7024,.T.);
#7327 = ORIENTED_EDGE('',*,*,#7301,.T.);
#7328 = ADVANCED_FACE('',(#7329,#7332),#7186,.F.);
#7329 = FACE_BOUND('',#7330,.F.);
#7330 = EDGE_LOOP('',(#7331));
#7331 = ORIENTED_EDGE('',*,*,#7171,.T.);
#7332 = FACE_BOUND('',#7333,.F.);
#7333 = EDGE_LOOP('',(#7334));
#7334 = ORIENTED_EDGE('',*,*,#7224,.F.);
#7335 = ADVANCED_FACE('',(#7336),#7286,.F.);
#7336 = FACE_BOUND('',#7337,.F.);
#7337 = EDGE_LOOP('',(#7338));
#7338 = ORIENTED_EDGE('',*,*,#7271,.T.);
#7339 = ( GEOMETRIC_REPRESENTATION_CONTEXT(3) 
GLOBAL_UNCERTAINTY_ASSIGNED_CONTEXT((#7343)) 
GLOBAL_UNIT_ASSIGNED_CONTEXT((#7340,#7341,#7342)) REPRESENTATION_CONTEXT
('Context #1','3D Context with UNIT and UNCERTAINTY') );
#7340 = ( LENGTH_UNIT() NAMED_UNIT(*) SI_UNIT(.MILLI.,.METRE.) );
#7341 = ( NAMED_UNIT(*) PLANE_ANGLE_UNIT() SI_UNIT($,.RADIAN.) );
#7342 = ( NAMED_UNIT(*) SI_UNIT($,.STERADIAN.) SOLID_ANGLE_UNIT() );
#7343 = UNCERTAINTY_MEASURE_WITH_UNIT(LENGTH_MEASURE(1.E-07),#7340,
  'distance_accuracy_value','confusion accuracy');
#7344 = CONTEXT_DEPENDENT_SHAPE_REPRESENTATION(#7345,#7347);
#7345 = ( REPRESENTATION_RELATIONSHIP('','',#5678,#10) 
REPRESENTATION_RELATIONSHIP_WITH_TRANSFORMATION(#7346) 
SHAPE_REPRESENTATION_RELATIONSHIP() );
#7346 = ITEM_DEFINED_TRANSFORMATION('','',#11,#31);
#7347 = PRODUCT_DEFINITION_SHAPE('Placement','Placement of an item',
  #7348);
#7348 = NEXT_ASSEMBLY_USAGE_OCCURRENCE('5','=>[0:1:1:6]','',#5,#5673,$);
#7349 = PRODUCT_RELATED_PRODUCT_CATEGORY('part',$,(#5675));
#7350 = SHAPE_DEFINITION_REPRESENTATION(#7351,#7357);
#7351 = PRODUCT_DEFINITION_SHAPE('','',#7352);
#7352 = PRODUCT_DEFINITION('design','',#7353,#7356);
#7353 = PRODUCT_DEFINITION_FORMATION('','',#7354);
#7354 = PRODUCT('COMPOUND','COMPOUND','',(#7355));
#7355 = PRODUCT_CONTEXT('',#2,'mechanical');
#7356 = PRODUCT_DEFINITION_CONTEXT('part definition',#2,'design');
#7357 = SHAPE_REPRESENTATION('',(#11,#7358,#7726,#8094,#8462),#8830);
#7358 = MANIFOLD_SOLID_BREP('',#7359);
#7359 = CLOSED_SHELL('',(#7360,#7428,#7483,#7538,#7573,#7577,#7632,#7667
    ,#7722));
#7360 = ADVANCED_FACE('',(#7361,#7397),#7374,.T.);
#7361 = FACE_BOUND('',#7362,.T.);
#7362 = EDGE_LOOP('',(#7363));
#7363 = ORIENTED_EDGE('',*,*,#7364,.T.);
#7364 = EDGE_CURVE('',#7365,#7365,#7367,.T.);
#7365 = VERTEX_POINT('',#7366);
#7366 = CARTESIAN_POINT('',(33.284271247462,28.284271247462,304.));
#7367 = SURFACE_CURVE('',#7368,(#7373,#7385),.PCURVE_S1.);
#7368 = CIRCLE('',#7369,5.);
#7369 = AXIS2_PLACEMENT_3D('',#7370,#7371,#7372);
#7370 = CARTESIAN_POINT('',(28.284271247462,28.284271247462,304.));
#7371 = DIRECTION('',(0.,0.,1.));
#7372 = DIRECTION('',(1.,0.,-0.));
#7373 = PCURVE('',#7374,#7379);
#7374 = PLANE('',#7375);
#7375 = AXIS2_PLACEMENT_3D('',#7376,#7377,#7378);
#7376 = CARTESIAN_POINT('',(28.284271247462,28.284271247462,304.));
#7377 = DIRECTION('',(0.,0.,1.));
#7378 = DIRECTION('',(1.,0.,-0.));
#7379 = DEFINITIONAL_REPRESENTATION('',(#7380),#7384);
#7380 = CIRCLE('',#7381,5.);
#7381 = AXIS2_PLACEMENT_2D('',#7382,#7383);
#7382 = CARTESIAN_POINT('',(0.,0.));
#7383 = DIRECTION('',(1.,0.));
#7384 = ( GEOMETRIC_REPRESENTATION_CONTEXT(2) 
PARAMETRIC_REPRESENTATION_CONTEXT() REPRESENTATION_CONTEXT('2D SPACE',''
  ) );
#7385 = PCURVE('',#7386,#7391);
#7386 = CYLINDRICAL_SURFACE('',#7387,5.);
#7387 = AXIS2_PLACEMENT_3D('',#7388,#7389,#7390);
#7388 = CARTESIAN_POINT('',(28.284271247462,28.284271247462,303.));
#7389 = DIRECTION('',(0.,0.,1.));
#7390 = DIRECTION('',(1.,0.,-0.));
#7391 = DEFINITIONAL_REPRESENTATION('',(#7392),#7396);
#7392 = LINE('',#7393,#7394);
#7393 = CARTESIAN_POINT('',(0.,1.));
#7394 = VECTOR('',#7395,1.);
#7395 = DIRECTION('',(1.,0.));
#7396 = ( GEOMETRIC_REPRESENTATION_CONTEXT(2) 
PARAMETRIC_REPRESENTATION_CONTEXT() REPRESENTATION_CONTEXT('2D SPACE',''
  ) );
#7397 = FACE_BOUND('',#7398,.T.);
#7398 = EDGE_LOOP('',(#7399));
#7399 = ORIENTED_EDGE('',*,*,#7400,.F.);
#7400 = EDGE_CURVE('',#7401,#7401,#7403,.T.);
#7401 = VERTEX_POINT('',#7402);
#7402 = CARTESIAN_POINT('',(32.284271247462,28.284271247462,304.));
#7403 = SURFACE_CURVE('',#7404,(#7409,#7416),.PCURVE_S1.);
#7404 = CIRCLE('',#7405,4.);
#7405 = AXIS2_PLACEMENT_3D('',#7406,#7407,#7408);
#7406 = CARTESIAN_POINT('',(28.284271247462,28.284271247462,304.));
#7407 = DIRECTION('',(0.,0.,1.));
#7408 = DIRECTION('',(1.,0.,-0.));
#7409 = PCURVE('',#7374,#7410);
#7410 = DEFINITIONAL_REPRESENTATION('',(#7411),#7415);
#7411 = CIRCLE('',#7412,4.);
#7412 = AXIS2_PLACEMENT_2D('',#7413,#7414);
#7413 = CARTESIAN_POINT('',(0.,0.));
#7414 = DIRECTION('',(1.,0.));
#7415 = ( GEOMETRIC_REPRESENTATION_CONTEXT(2) 
PARAMETRIC_REPRESENTATION_CONTEXT() REPRESENTATION_CONTEXT('2D SPACE',''
  ) );
#7416 = PCURVE('',#7417,#7422);
#7417 = CYLINDRICAL_SURFACE('',#7418,4.);
#7418 = AXIS2_PLACEMENT_3D('',#7419,#7420,#7421);
#7419 = CARTESIAN_POINT('',(28.284271247462,28.284271247462,304.));
#7420 = DIRECTION('',(0.,0.,1.));
#7421 = DIRECTION('',(1.,0.,-0.));
#7422 = DEFINITIONAL_REPRESENTATION('',(#7423),#7427);
#7423 = LINE('',#7424,#7425);
#7424 = CARTESIAN_POINT('',(0.,0.));
#7425 = VECTOR('',#7426,1.);
#7426 = DIRECTION('',(1.,0.));
#7427 = ( GEOMETRIC_REPRESENTATION_CONTEXT(2) 
PARAMETRIC_REPRESENTATION_CONTEXT() REPRESENTATION_CONTEXT('2D SPACE',''
  ) );
#7428 = ADVANCED_FACE('',(#7429),#7386,.T.);
#7429 = FACE_BOUND('',#7430,.T.);
#7430 = EDGE_LOOP('',(#7431,#7432,#7455,#7482));
#7431 = ORIENTED_EDGE('',*,*,#7364,.F.);
#7432 = ORIENTED_EDGE('',*,*,#7433,.F.);
#7433 = EDGE_CURVE('',#7434,#7365,#7436,.T.);
#7434 = VERTEX_POINT('',#7435);
#7435 = CARTESIAN_POINT('',(33.284271247462,28.284271247462,303.));
#7436 = SEAM_CURVE('',#7437,(#7441,#7448),.PCURVE_S1.);
#7437 = LINE('',#7438,#7439);
#7438 = CARTESIAN_POINT('',(33.284271247462,28.284271247462,303.));
#7439 = VECTOR('',#7440,1.);
#7440 = DIRECTION('',(0.,0.,1.));
#7441 = PCURVE('',#7386,#7442);
#7442 = DEFINITIONAL_REPRESENTATION('',(#7443),#7447);
#7443 = LINE('',#7444,#7445);
#7444 = CARTESIAN_POINT('',(6.28318530718,-0.));
#7445 = VECTOR('',#7446,1.);
#7446 = DIRECTION('',(0.,1.));
#7447 = ( GEOMETRIC_REPRESENTATION_CONTEXT(2) 
PARAMETRIC_REPRESENTATION_CONTEXT() REPRESENTATION_CONTEXT('2D SPACE',''
  ) );
#7448 = PCURVE('',#7386,#7449);
#7449 = DEFINITIONAL_REPRESENTATION('',(#7450),#7454);
#7450 = LINE('',#7451,#7452);
#7451 = CARTESIAN_POINT('',(0.,-0.));
#7452 = VECTOR('',#7453,1.);
#7453 = DIRECTION('',(0.,1.));
#7454 = ( GEOMETRIC_REPRESENTATION_CONTEXT(2) 
PARAMETRIC_REPRESENTATION_CONTEXT() REPRESENTATION_CONTEXT('2D SPACE',''
  ) );
#7455 = ORIENTED_EDGE('',*,*,#7456,.T.);
#7456 = EDGE_CURVE('',#7434,#7434,#7457,.T.);
#7457 = SURFACE_CURVE('',#7458,(#7463,#7470),.PCURVE_S1.);
#7458 = CIRCLE('',#7459,5.);
#7459 = AXIS2_PLACEMENT_3D('',#7460,#7461,#7462);
#7460 = CARTESIAN_POINT('',(28.284271247462,28.284271247462,303.));
#7461 = DIRECTION('',(0.,0.,1.));
#7462 = DIRECTION('',(1.,0.,-0.));
#7463 = PCURVE('',#7386,#7464);
#7464 = DEFINITIONAL_REPRESENTATION('',(#7465),#7469);
#7465 = LINE('',#7466,#7467);
#7466 = CARTESIAN_POINT('',(0.,0.));
#7467 = VECTOR('',#7468,1.);
#7468 = DIRECTION('',(1.,0.));
#7469 = ( GEOMETRIC_REPRESENTATION_CONTEXT(2) 
PARAMETRIC_REPRESENTATION_CONTEXT() REPRESENTATION_CONTEXT('2D SPACE',''
  ) );
#7470 = PCURVE('',#7471,#7476);
#7471 = PLANE('',#7472);
#7472 = AXIS2_PLACEMENT_3D('',#7473,#7474,#7475);
#7473 = CARTESIAN_POINT('',(28.284271247462,28.284271247462,303.));
#7474 = DIRECTION('',(0.,0.,1.));
#7475 = DIRECTION('',(1.,0.,-0.));
#7476 = DEFINITIONAL_REPRESENTATION('',(#7477),#7481);
#7477 = CIRCLE('',#7478,5.);
#7478 = AXIS2_PLACEMENT_2D('',#7479,#7480);
#7479 = CARTESIAN_POINT('',(0.,0.));
#7480 = DIRECTION('',(1.,0.));
#7481 = ( GEOMETRIC_REPRESENTATION_CONTEXT(2) 
PARAMETRIC_REPRESENTATION_CONTEXT() REPRESENTATION_CONTEXT('2D SPACE',''
  ) );
#7482 = ORIENTED_EDGE('',*,*,#7433,.T.);
#7483 = ADVANCED_FACE('',(#7484),#7417,.T.);
#7484 = FACE_BOUND('',#7485,.T.);
#7485 = EDGE_LOOP('',(#7486,#7515,#7536,#7537));
#7486 = ORIENTED_EDGE('',*,*,#7487,.F.);
#7487 = EDGE_CURVE('',#7488,#7488,#7490,.T.);
#7488 = VERTEX_POINT('',#7489);
#7489 = CARTESIAN_POINT('',(32.284271247462,28.284271247462,310.));
#7490 = SURFACE_CURVE('',#7491,(#7496,#7503),.PCURVE_S1.);
#7491 = CIRCLE('',#7492,4.);
#7492 = AXIS2_PLACEMENT_3D('',#7493,#7494,#7495);
#7493 = CARTESIAN_POINT('',(28.284271247462,28.284271247462,310.));
#7494 = DIRECTION('',(0.,0.,1.));
#7495 = DIRECTION('',(1.,0.,-0.));
#7496 = PCURVE('',#7417,#7497);
#7497 = DEFINITIONAL_REPRESENTATION('',(#7498),#7502);
#7498 = LINE('',#7499,#7500);
#7499 = CARTESIAN_POINT('',(0.,6.));
#7500 = VECTOR('',#7501,1.);
#7501 = DIRECTION('',(1.,0.));
#7502 = ( GEOMETRIC_REPRESENTATION_CONTEXT(2) 
PARAMETRIC_REPRESENTATION_CONTEXT() REPRESENTATION_CONTEXT('2D SPACE',''
  ) );
#7503 = PCURVE('',#7504,#7509);
#7504 = PLANE('',#7505);
#7505 = AXIS2_PLACEMENT_3D('',#7506,#7507,#7508);
#7506 = CARTESIAN_POINT('',(28.284271247462,28.284271247462,310.));
#7507 = DIRECTION('',(0.,0.,1.));
#7508 = DIRECTION('',(1.,0.,-0.));
#7509 = DEFINITIONAL_REPRESENTATION('',(#7510),#7514);
#7510 = CIRCLE('',#7511,4.);
#7511 = AXIS2_PLACEMENT_2D('',#7512,#7513);
#7512 = CARTESIAN_POINT('',(0.,0.));
#7513 = DIRECTION('',(1.,0.));
#7514 = ( GEOMETRIC_REPRESENTATION_CONTEXT(2) 
PARAMETRIC_REPRESENTATION_CONTEXT() REPRESENTATION_CONTEXT('2D SPACE',''
  ) );
#7515 = ORIENTED_EDGE('',*,*,#7516,.F.);
#7516 = EDGE_CURVE('',#7401,#7488,#7517,.T.);
#7517 = SEAM_CURVE('',#7518,(#7522,#7529),.PCURVE_S1.);
#7518 = LINE('',#7519,#7520);
#7519 = CARTESIAN_POINT('',(32.284271247462,28.284271247462,304.));
#7520 = VECTOR('',#7521,1.);
#7521 = DIRECTION('',(0.,0.,1.));
#7522 = PCURVE('',#7417,#7523);
#7523 = DEFINITIONAL_REPRESENTATION('',(#7524),#7528);
#7524 = LINE('',#7525,#7526);
#7525 = CARTESIAN_POINT('',(6.28318530718,-0.));
#7526 = VECTOR('',#7527,1.);
#7527 = DIRECTION('',(0.,1.));
#7528 = ( GEOMETRIC_REPRESENTATION_CONTEXT(2) 
PARAMETRIC_REPRESENTATION_CONTEXT() REPRESENTATION_CONTEXT('2D SPACE',''
  ) );
#7529 = PCURVE('',#7417,#7530);
#7530 = DEFINITIONAL_REPRESENTATION('',(#7531),#7535);
#7531 = LINE('',#7532,#7533);
#7532 = CARTESIAN_POINT('',(0.,-0.));
#7533 = VECTOR('',#7534,1.);
#7534 = DIRECTION('',(0.,1.));
#7535 = ( GEOMETRIC_REPRESENTATION_CONTEXT(2) 
PARAMETRIC_REPRESENTATION_CONTEXT() REPRESENTATION_CONTEXT('2D SPACE',''
  ) );
#7536 = ORIENTED_EDGE('',*,*,#7400,.T.);
#7537 = ORIENTED_EDGE('',*,*,#7516,.T.);
#7538 = ADVANCED_FACE('',(#7539,#7542),#7471,.F.);
#7539 = FACE_BOUND('',#7540,.F.);
#7540 = EDGE_LOOP('',(#7541));
#7541 = ORIENTED_EDGE('',*,*,#7456,.T.);
#7542 = FACE_BOUND('',#7543,.F.);
#7543 = EDGE_LOOP('',(#7544));
#7544 = ORIENTED_EDGE('',*,*,#7545,.F.);
#7545 = EDGE_CURVE('',#7546,#7546,#7548,.T.);
#7546 = VERTEX_POINT('',#7547);
#7547 = CARTESIAN_POINT('',(30.784271247462,28.284271247462,303.));
#7548 = SURFACE_CURVE('',#7549,(#7554,#7561),.PCURVE_S1.);
#7549 = CIRCLE('',#7550,2.5);
#7550 = AXIS2_PLACEMENT_3D('',#7551,#7552,#7553);
#7551 = CARTESIAN_POINT('',(28.284271247462,28.284271247462,303.));
#7552 = DIRECTION('',(0.,0.,1.));
#7553 = DIRECTION('',(1.,0.,-0.));
#7554 = PCURVE('',#7471,#7555);
#7555 = DEFINITIONAL_REPRESENTATION('',(#7556),#7560);
#7556 = CIRCLE('',#7557,2.5);
#7557 = AXIS2_PLACEMENT_2D('',#7558,#7559);
#7558 = CARTESIAN_POINT('',(0.,0.));
#7559 = DIRECTION('',(1.,0.));
#7560 = ( GEOMETRIC_REPRESENTATION_CONTEXT(2) 
PARAMETRIC_REPRESENTATION_CONTEXT() REPRESENTATION_CONTEXT('2D SPACE',''
  ) );
#7561 = PCURVE('',#7562,#7567);
#7562 = CYLINDRICAL_SURFACE('',#7563,2.5);
#7563 = AXIS2_PLACEMENT_3D('',#7564,#7565,#7566);
#7564 = CARTESIAN_POINT('',(28.284271247462,28.284271247462,63.));
#7565 = DIRECTION('',(0.,0.,1.));
#7566 = DIRECTION('',(1.,0.,-0.));
#7567 = DEFINITIONAL_REPRESENTATION('',(#7568),#7572);
#7568 = LINE('',#7569,#7570);
#7569 = CARTESIAN_POINT('',(0.,240.));
#7570 = VECTOR('',#7571,1.);
#7571 = DIRECTION('',(1.,0.));
#7572 = ( GEOMETRIC_REPRESENTATION_CONTEXT(2) 
PARAMETRIC_REPRESENTATION_CONTEXT() REPRESENTATION_CONTEXT('2D SPACE',''
  ) );
#7573 = ADVANCED_FACE('',(#7574),#7504,.T.);
#7574 = FACE_BOUND('',#7575,.T.);
#7575 = EDGE_LOOP('',(#7576));
#7576 = ORIENTED_EDGE('',*,*,#7487,.T.);
#7577 = ADVANCED_FACE('',(#7578),#7562,.T.);
#7578 = FACE_BOUND('',#7579,.T.);
#7579 = EDGE_LOOP('',(#7580,#7581,#7604,#7631));
#7580 = ORIENTED_EDGE('',*,*,#7545,.F.);
#7581 = ORIENTED_EDGE('',*,*,#7582,.F.);
#7582 = EDGE_CURVE('',#7583,#7546,#7585,.T.);
#7583 = VERTEX_POINT('',#7584);
#7584 = CARTESIAN_POINT('',(30.784271247462,28.284271247462,63.));
#7585 = SEAM_CURVE('',#7586,(#7590,#7597),.PCURVE_S1.);
#7586 = LINE('',#7587,#7588);
#7587 = CARTESIAN_POINT('',(30.784271247462,28.284271247462,63.));
#7588 = VECTOR('',#7589,1.);
#7589 = DIRECTION('',(0.,0.,1.));
#7590 = PCURVE('',#7562,#7591);
#7591 = DEFINITIONAL_REPRESENTATION('',(#7592),#7596);
#7592 = LINE('',#7593,#7594);
#7593 = CARTESIAN_POINT('',(6.28318530718,-0.));
#7594 = VECTOR('',#7595,1.);
#7595 = DIRECTION('',(0.,1.));
#7596 = ( GEOMETRIC_REPRESENTATION_CONTEXT(2) 
PARAMETRIC_REPRESENTATION_CONTEXT() REPRESENTATION_CONTEXT('2D SPACE',''
  ) );
#7597 = PCURVE('',#7562,#7598);
#7598 = DEFINITIONAL_REPRESENTATION('',(#7599),#7603);
#7599 = LINE('',#7600,#7601);
#7600 = CARTESIAN_POINT('',(0.,-0.));
#7601 = VECTOR('',#7602,1.);
#7602 = DIRECTION('',(0.,1.));
#7603 = ( GEOMETRIC_REPRESENTATION_CONTEXT(2) 
PARAMETRIC_REPRESENTATION_CONTEXT() REPRESENTATION_CONTEXT('2D SPACE',''
  ) );
#7604 = ORIENTED_EDGE('',*,*,#7605,.T.);
#7605 = EDGE_CURVE('',#7583,#7583,#7606,.T.);
#7606 = SURFACE_CURVE('',#7607,(#7612,#7619),.PCURVE_S1.);
#7607 = CIRCLE('',#7608,2.5);
#7608 = AXIS2_PLACEMENT_3D('',#7609,#7610,#7611);
#7609 = CARTESIAN_POINT('',(28.284271247462,28.284271247462,63.));
#7610 = DIRECTION('',(0.,0.,1.));
#7611 = DIRECTION('',(1.,0.,-0.));
#7612 = PCURVE('',#7562,#7613);
#7613 = DEFINITIONAL_REPRESENTATION('',(#7614),#7618);
#7614 = LINE('',#7615,#7616);
#7615 = CARTESIAN_POINT('',(0.,0.));
#7616 = VECTOR('',#7617,1.);
#7617 = DIRECTION('',(1.,0.));
#7618 = ( GEOMETRIC_REPRESENTATION_CONTEXT(2) 
PARAMETRIC_REPRESENTATION_CONTEXT() REPRESENTATION_CONTEXT('2D SPACE',''
  ) );
#7619 = PCURVE('',#7620,#7625);
#7620 = PLANE('',#7621);
#7621 = AXIS2_PLACEMENT_3D('',#7622,#7623,#7624);
#7622 = CARTESIAN_POINT('',(28.284271247462,28.284271247462,63.));
#7623 = DIRECTION('',(0.,0.,1.));
#7624 = DIRECTION('',(1.,0.,-0.));
#7625 = DEFINITIONAL_REPRESENTATION('',(#7626),#7630);
#7626 = CIRCLE('',#7627,2.5);
#7627 = AXIS2_PLACEMENT_2D('',#7628,#7629);
#7628 = CARTESIAN_POINT('',(0.,0.));
#7629 = DIRECTION('',(1.,0.));
#7630 = ( GEOMETRIC_REPRESENTATION_CONTEXT(2) 
PARAMETRIC_REPRESENTATION_CONTEXT() REPRESENTATION_CONTEXT('2D SPACE',''
  ) );
#7631 = ORIENTED_EDGE('',*,*,#7582,.T.);
#7632 = ADVANCED_FACE('',(#7633,#7636),#7620,.F.);
#7633 = FACE_BOUND('',#7634,.F.);
#7634 = EDGE_LOOP('',(#7635));
#7635 = ORIENTED_EDGE('',*,*,#7605,.T.);
#7636 = FACE_BOUND('',#7637,.F.);
#7637 = EDGE_LOOP('',(#7638));
#7638 = ORIENTED_EDGE('',*,*,#7639,.F.);
#7639 = EDGE_CURVE('',#7640,#7640,#7642,.T.);
#7640 = VERTEX_POINT('',#7641);
#7641 = CARTESIAN_POINT('',(30.384271247462,28.284271247462,63.));
#7642 = SURFACE_CURVE('',#7643,(#7648,#7655),.PCURVE_S1.);
#7643 = CIRCLE('',#7644,2.1);
#7644 = AXIS2_PLACEMENT_3D('',#7645,#7646,#7647);
#7645 = CARTESIAN_POINT('',(28.284271247462,28.284271247462,63.));
#7646 = DIRECTION('',(0.,0.,1.));
#7647 = DIRECTION('',(1.,0.,-0.));
#7648 = PCURVE('',#7620,#7649);
#7649 = DEFINITIONAL_REPRESENTATION('',(#7650),#7654);
#7650 = CIRCLE('',#7651,2.1);
#7651 = AXIS2_PLACEMENT_2D('',#7652,#7653);
#7652 = CARTESIAN_POINT('',(0.,0.));
#7653 = DIRECTION('',(1.,0.));
#7654 = ( GEOMETRIC_REPRESENTATION_CONTEXT(2) 
PARAMETRIC_REPRESENTATION_CONTEXT() REPRESENTATION_CONTEXT('2D SPACE',''
  ) );
#7655 = PCURVE('',#7656,#7661);
#7656 = CYLINDRICAL_SURFACE('',#7657,2.1);
#7657 = AXIS2_PLACEMENT_3D('',#7658,#7659,#7660);
#7658 = CARTESIAN_POINT('',(28.284271247462,28.284271247462,51.));
#7659 = DIRECTION('',(0.,0.,1.));
#7660 = DIRECTION('',(1.,0.,-0.));
#7661 = DEFINITIONAL_REPRESENTATION('',(#7662),#7666);
#7662 = LINE('',#7663,#7664);
#7663 = CARTESIAN_POINT('',(0.,12.));
#7664 = VECTOR('',#7665,1.);
#7665 = DIRECTION('',(1.,0.));
#7666 = ( GEOMETRIC_REPRESENTATION_CONTEXT(2) 
PARAMETRIC_REPRESENTATION_CONTEXT() REPRESENTATION_CONTEXT('2D SPACE',''
  ) );
#7667 = ADVANCED_FACE('',(#7668),#7656,.T.);
#7668 = FACE_BOUND('',#7669,.T.);
#7669 = EDGE_LOOP('',(#7670,#7671,#7694,#7721));
#7670 = ORIENTED_EDGE('',*,*,#7639,.F.);
#7671 = ORIENTED_EDGE('',*,*,#7672,.F.);
#7672 = EDGE_CURVE('',#7673,#7640,#7675,.T.);
#7673 = VERTEX_POINT('',#7674);
#7674 = CARTESIAN_POINT('',(30.384271247462,28.284271247462,51.));
#7675 = SEAM_CURVE('',#7676,(#7680,#7687),.PCURVE_S1.);
#7676 = LINE('',#7677,#7678);
#7677 = CARTESIAN_POINT('',(30.384271247462,28.284271247462,51.));
#7678 = VECTOR('',#7679,1.);
#7679 = DIRECTION('',(0.,0.,1.));
#7680 = PCURVE('',#7656,#7681);
#7681 = DEFINITIONAL_REPRESENTATION('',(#7682),#7686);
#7682 = LINE('',#7683,#7684);
#7683 = CARTESIAN_POINT('',(6.28318530718,-0.));
#7684 = VECTOR('',#7685,1.);
#7685 = DIRECTION('',(0.,1.));
#7686 = ( GEOMETRIC_REPRESENTATION_CONTEXT(2) 
PARAMETRIC_REPRESENTATION_CONTEXT() REPRESENTATION_CONTEXT('2D SPACE',''
  ) );
#7687 = PCURVE('',#7656,#7688);
#7688 = DEFINITIONAL_REPRESENTATION('',(#7689),#7693);
#7689 = LINE('',#7690,#7691);
#7690 = CARTESIAN_POINT('',(0.,-0.));
#7691 = VECTOR('',#7692,1.);
#7692 = DIRECTION('',(0.,1.));
#7693 = ( GEOMETRIC_REPRESENTATION_CONTEXT(2) 
PARAMETRIC_REPRESENTATION_CONTEXT() REPRESENTATION_CONTEXT('2D SPACE',''
  ) );
#7694 = ORIENTED_EDGE('',*,*,#7695,.T.);
#7695 = EDGE_CURVE('',#7673,#7673,#7696,.T.);
#7696 = SURFACE_CURVE('',#7697,(#7702,#7709),.PCURVE_S1.);
#7697 = CIRCLE('',#7698,2.1);
#7698 = AXIS2_PLACEMENT_3D('',#7699,#7700,#7701);
#7699 = CARTESIAN_POINT('',(28.284271247462,28.284271247462,51.));
#7700 = DIRECTION('',(0.,0.,1.));
#7701 = DIRECTION('',(1.,0.,-0.));
#7702 = PCURVE('',#7656,#7703);
#7703 = DEFINITIONAL_REPRESENTATION('',(#7704),#7708);
#7704 = LINE('',#7705,#7706);
#7705 = CARTESIAN_POINT('',(0.,0.));
#7706 = VECTOR('',#7707,1.);
#7707 = DIRECTION('',(1.,0.));
#7708 = ( GEOMETRIC_REPRESENTATION_CONTEXT(2) 
PARAMETRIC_REPRESENTATION_CONTEXT() REPRESENTATION_CONTEXT('2D SPACE',''
  ) );
#7709 = PCURVE('',#7710,#7715);
#7710 = PLANE('',#7711);
#7711 = AXIS2_PLACEMENT_3D('',#7712,#7713,#7714);
#7712 = CARTESIAN_POINT('',(28.284271247462,28.284271247462,51.));
#7713 = DIRECTION('',(0.,0.,1.));
#7714 = DIRECTION('',(1.,0.,-0.));
#7715 = DEFINITIONAL_REPRESENTATION('',(#7716),#7720);
#7716 = CIRCLE('',#7717,2.1);
#7717 = AXIS2_PLACEMENT_2D('',#7718,#7719);
#7718 = CARTESIAN_POINT('',(0.,0.));
#7719 = DIRECTION('',(1.,0.));
#7720 = ( GEOMETRIC_REPRESENTATION_CONTEXT(2) 
PARAMETRIC_REPRESENTATION_CONTEXT() REPRESENTATION_CONTEXT('2D SPACE',''
  ) );
#7721 = ORIENTED_EDGE('',*,*,#7672,.T.);
#7722 = ADVANCED_FACE('',(#7723),#7710,.F.);
#7723 = FACE_BOUND('',#7724,.T.);
#7724 = EDGE_LOOP('',(#7725));
#7725 = ORIENTED_EDGE('',*,*,#7695,.F.);
#7726 = MANIFOLD_SOLID_BREP('',#7727);
#7727 = CLOSED_SHELL('',(#7728,#7796,#7851,#7906,#7941,#7945,#8000,#8035
    ,#8090));
#7728 = ADVANCED_FACE('',(#7729,#7765),#7742,.T.);
#7729 = FACE_BOUND('',#7730,.T.);
#7730 = EDGE_LOOP('',(#7731));
#7731 = ORIENTED_EDGE('',*,*,#7732,.T.);
#7732 = EDGE_CURVE('',#7733,#7733,#7735,.T.);
#7733 = VERTEX_POINT('',#7734);
#7734 = CARTESIAN_POINT('',(-23.28427124746,28.284271247462,304.));
#7735 = SURFACE_CURVE('',#7736,(#7741,#7753),.PCURVE_S1.);
#7736 = CIRCLE('',#7737,5.);
#7737 = AXIS2_PLACEMENT_3D('',#7738,#7739,#7740);
#7738 = CARTESIAN_POINT('',(-28.28427124746,28.284271247462,304.));
#7739 = DIRECTION('',(0.,0.,1.));
#7740 = DIRECTION('',(1.,0.,-0.));
#7741 = PCURVE('',#7742,#7747);
#7742 = PLANE('',#7743);
#7743 = AXIS2_PLACEMENT_3D('',#7744,#7745,#7746);
#7744 = CARTESIAN_POINT('',(-28.28427124746,28.284271247462,304.));
#7745 = DIRECTION('',(0.,0.,1.));
#7746 = DIRECTION('',(1.,0.,-0.));
#7747 = DEFINITIONAL_REPRESENTATION('',(#7748),#7752);
#7748 = CIRCLE('',#7749,5.);
#7749 = AXIS2_PLACEMENT_2D('',#7750,#7751);
#7750 = CARTESIAN_POINT('',(0.,0.));
#7751 = DIRECTION('',(1.,0.));
#7752 = ( GEOMETRIC_REPRESENTATION_CONTEXT(2) 
PARAMETRIC_REPRESENTATION_CONTEXT() REPRESENTATION_CONTEXT('2D SPACE',''
  ) );
#7753 = PCURVE('',#7754,#7759);
#7754 = CYLINDRICAL_SURFACE('',#7755,5.);
#7755 = AXIS2_PLACEMENT_3D('',#7756,#7757,#7758);
#7756 = CARTESIAN_POINT('',(-28.28427124746,28.284271247462,303.));
#7757 = DIRECTION('',(0.,0.,1.));
#7758 = DIRECTION('',(1.,0.,-0.));
#7759 = DEFINITIONAL_REPRESENTATION('',(#7760),#7764);
#7760 = LINE('',#7761,#7762);
#7761 = CARTESIAN_POINT('',(0.,1.));
#7762 = VECTOR('',#7763,1.);
#7763 = DIRECTION('',(1.,0.));
#7764 = ( GEOMETRIC_REPRESENTATION_CONTEXT(2) 
PARAMETRIC_REPRESENTATION_CONTEXT() REPRESENTATION_CONTEXT('2D SPACE',''
  ) );
#7765 = FACE_BOUND('',#7766,.T.);
#7766 = EDGE_LOOP('',(#7767));
#7767 = ORIENTED_EDGE('',*,*,#7768,.F.);
#7768 = EDGE_CURVE('',#7769,#7769,#7771,.T.);
#7769 = VERTEX_POINT('',#7770);
#7770 = CARTESIAN_POINT('',(-24.28427124746,28.284271247462,304.));
#7771 = SURFACE_CURVE('',#7772,(#7777,#7784),.PCURVE_S1.);
#7772 = CIRCLE('',#7773,4.);
#7773 = AXIS2_PLACEMENT_3D('',#7774,#7775,#7776);
#7774 = CARTESIAN_POINT('',(-28.28427124746,28.284271247462,304.));
#7775 = DIRECTION('',(0.,0.,1.));
#7776 = DIRECTION('',(1.,0.,-0.));
#7777 = PCURVE('',#7742,#7778);
#7778 = DEFINITIONAL_REPRESENTATION('',(#7779),#7783);
#7779 = CIRCLE('',#7780,4.);
#7780 = AXIS2_PLACEMENT_2D('',#7781,#7782);
#7781 = CARTESIAN_POINT('',(0.,0.));
#7782 = DIRECTION('',(1.,0.));
#7783 = ( GEOMETRIC_REPRESENTATION_CONTEXT(2) 
PARAMETRIC_REPRESENTATION_CONTEXT() REPRESENTATION_CONTEXT('2D SPACE',''
  ) );
#7784 = PCURVE('',#7785,#7790);
#7785 = CYLINDRICAL_SURFACE('',#7786,4.);
#7786 = AXIS2_PLACEMENT_3D('',#7787,#7788,#7789);
#7787 = CARTESIAN_POINT('',(-28.28427124746,28.284271247462,304.));
#7788 = DIRECTION('',(0.,0.,1.));
#7789 = DIRECTION('',(1.,0.,-0.));
#7790 = DEFINITIONAL_REPRESENTATION('',(#7791),#7795);
#7791 = LINE('',#7792,#7793);
#7792 = CARTESIAN_POINT('',(0.,0.));
#7793 = VECTOR('',#7794,1.);
#7794 = DIRECTION('',(1.,0.));
#7795 = ( GEOMETRIC_REPRESENTATION_CONTEXT(2) 
PARAMETRIC_REPRESENTATION_CONTEXT() REPRESENTATION_CONTEXT('2D SPACE',''
  ) );
#7796 = ADVANCED_FACE('',(#7797),#7754,.T.);
#7797 = FACE_BOUND('',#7798,.T.);
#7798 = EDGE_LOOP('',(#7799,#7800,#7823,#7850));
#7799 = ORIENTED_EDGE('',*,*,#7732,.F.);
#7800 = ORIENTED_EDGE('',*,*,#7801,.F.);
#7801 = EDGE_CURVE('',#7802,#7733,#7804,.T.);
#7802 = VERTEX_POINT('',#7803);
#7803 = CARTESIAN_POINT('',(-23.28427124746,28.284271247462,303.));
#7804 = SEAM_CURVE('',#7805,(#7809,#7816),.PCURVE_S1.);
#7805 = LINE('',#7806,#7807);
#7806 = CARTESIAN_POINT('',(-23.28427124746,28.284271247462,303.));
#7807 = VECTOR('',#7808,1.);
#7808 = DIRECTION('',(0.,0.,1.));
#7809 = PCURVE('',#7754,#7810);
#7810 = DEFINITIONAL_REPRESENTATION('',(#7811),#7815);
#7811 = LINE('',#7812,#7813);
#7812 = CARTESIAN_POINT('',(6.28318530718,-0.));
#7813 = VECTOR('',#7814,1.);
#7814 = DIRECTION('',(0.,1.));
#7815 = ( GEOMETRIC_REPRESENTATION_CONTEXT(2) 
PARAMETRIC_REPRESENTATION_CONTEXT() REPRESENTATION_CONTEXT('2D SPACE',''
  ) );
#7816 = PCURVE('',#7754,#7817);
#7817 = DEFINITIONAL_REPRESENTATION('',(#7818),#7822);
#7818 = LINE('',#7819,#7820);
#7819 = CARTESIAN_POINT('',(0.,-0.));
#7820 = VECTOR('',#7821,1.);
#7821 = DIRECTION('',(0.,1.));
#7822 = ( GEOMETRIC_REPRESENTATION_CONTEXT(2) 
PARAMETRIC_REPRESENTATION_CONTEXT() REPRESENTATION_CONTEXT('2D SPACE',''
  ) );
#7823 = ORIENTED_EDGE('',*,*,#7824,.T.);
#7824 = EDGE_CURVE('',#7802,#7802,#7825,.T.);
#7825 = SURFACE_CURVE('',#7826,(#7831,#7838),.PCURVE_S1.);
#7826 = CIRCLE('',#7827,5.);
#7827 = AXIS2_PLACEMENT_3D('',#7828,#7829,#7830);
#7828 = CARTESIAN_POINT('',(-28.28427124746,28.284271247462,303.));
#7829 = DIRECTION('',(0.,0.,1.));
#7830 = DIRECTION('',(1.,0.,-0.));
#7831 = PCURVE('',#7754,#7832);
#7832 = DEFINITIONAL_REPRESENTATION('',(#7833),#7837);
#7833 = LINE('',#7834,#7835);
#7834 = CARTESIAN_POINT('',(0.,0.));
#7835 = VECTOR('',#7836,1.);
#7836 = DIRECTION('',(1.,0.));
#7837 = ( GEOMETRIC_REPRESENTATION_CONTEXT(2) 
PARAMETRIC_REPRESENTATION_CONTEXT() REPRESENTATION_CONTEXT('2D SPACE',''
  ) );
#7838 = PCURVE('',#7839,#7844);
#7839 = PLANE('',#7840);
#7840 = AXIS2_PLACEMENT_3D('',#7841,#7842,#7843);
#7841 = CARTESIAN_POINT('',(-28.28427124746,28.284271247462,303.));
#7842 = DIRECTION('',(0.,0.,1.));
#7843 = DIRECTION('',(1.,0.,-0.));
#7844 = DEFINITIONAL_REPRESENTATION('',(#7845),#7849);
#7845 = CIRCLE('',#7846,5.);
#7846 = AXIS2_PLACEMENT_2D('',#7847,#7848);
#7847 = CARTESIAN_POINT('',(0.,0.));
#7848 = DIRECTION('',(1.,0.));
#7849 = ( GEOMETRIC_REPRESENTATION_CONTEXT(2) 
PARAMETRIC_REPRESENTATION_CONTEXT() REPRESENTATION_CONTEXT('2D SPACE',''
  ) );
#7850 = ORIENTED_EDGE('',*,*,#7801,.T.);
#7851 = ADVANCED_FACE('',(#7852),#7785,.T.);
#7852 = FACE_BOUND('',#7853,.T.);
#7853 = EDGE_LOOP('',(#7854,#7883,#7904,#7905));
#7854 = ORIENTED_EDGE('',*,*,#7855,.F.);
#7855 = EDGE_CURVE('',#7856,#7856,#7858,.T.);
#7856 = VERTEX_POINT('',#7857);
#7857 = CARTESIAN_POINT('',(-24.28427124746,28.284271247462,310.));
#7858 = SURFACE_CURVE('',#7859,(#7864,#7871),.PCURVE_S1.);
#7859 = CIRCLE('',#7860,4.);
#7860 = AXIS2_PLACEMENT_3D('',#7861,#7862,#7863);
#7861 = CARTESIAN_POINT('',(-28.28427124746,28.284271247462,310.));
#7862 = DIRECTION('',(0.,0.,1.));
#7863 = DIRECTION('',(1.,0.,-0.));
#7864 = PCURVE('',#7785,#7865);
#7865 = DEFINITIONAL_REPRESENTATION('',(#7866),#7870);
#7866 = LINE('',#7867,#7868);
#7867 = CARTESIAN_POINT('',(0.,6.));
#7868 = VECTOR('',#7869,1.);
#7869 = DIRECTION('',(1.,0.));
#7870 = ( GEOMETRIC_REPRESENTATION_CONTEXT(2) 
PARAMETRIC_REPRESENTATION_CONTEXT() REPRESENTATION_CONTEXT('2D SPACE',''
  ) );
#7871 = PCURVE('',#7872,#7877);
#7872 = PLANE('',#7873);
#7873 = AXIS2_PLACEMENT_3D('',#7874,#7875,#7876);
#7874 = CARTESIAN_POINT('',(-28.28427124746,28.284271247462,310.));
#7875 = DIRECTION('',(0.,0.,1.));
#7876 = DIRECTION('',(1.,0.,-0.));
#7877 = DEFINITIONAL_REPRESENTATION('',(#7878),#7882);
#7878 = CIRCLE('',#7879,4.);
#7879 = AXIS2_PLACEMENT_2D('',#7880,#7881);
#7880 = CARTESIAN_POINT('',(0.,0.));
#7881 = DIRECTION('',(1.,0.));
#7882 = ( GEOMETRIC_REPRESENTATION_CONTEXT(2) 
PARAMETRIC_REPRESENTATION_CONTEXT() REPRESENTATION_CONTEXT('2D SPACE',''
  ) );
#7883 = ORIENTED_EDGE('',*,*,#7884,.F.);
#7884 = EDGE_CURVE('',#7769,#7856,#7885,.T.);
#7885 = SEAM_CURVE('',#7886,(#7890,#7897),.PCURVE_S1.);
#7886 = LINE('',#7887,#7888);
#7887 = CARTESIAN_POINT('',(-24.28427124746,28.284271247462,304.));
#7888 = VECTOR('',#7889,1.);
#7889 = DIRECTION('',(0.,0.,1.));
#7890 = PCURVE('',#7785,#7891);
#7891 = DEFINITIONAL_REPRESENTATION('',(#7892),#7896);
#7892 = LINE('',#7893,#7894);
#7893 = CARTESIAN_POINT('',(6.28318530718,-0.));
#7894 = VECTOR('',#7895,1.);
#7895 = DIRECTION('',(0.,1.));
#7896 = ( GEOMETRIC_REPRESENTATION_CONTEXT(2) 
PARAMETRIC_REPRESENTATION_CONTEXT() REPRESENTATION_CONTEXT('2D SPACE',''
  ) );
#7897 = PCURVE('',#7785,#7898);
#7898 = DEFINITIONAL_REPRESENTATION('',(#7899),#7903);
#7899 = LINE('',#7900,#7901);
#7900 = CARTESIAN_POINT('',(0.,-0.));
#7901 = VECTOR('',#7902,1.);
#7902 = DIRECTION('',(0.,1.));
#7903 = ( GEOMETRIC_REPRESENTATION_CONTEXT(2) 
PARAMETRIC_REPRESENTATION_CONTEXT() REPRESENTATION_CONTEXT('2D SPACE',''
  ) );
#7904 = ORIENTED_EDGE('',*,*,#7768,.T.);
#7905 = ORIENTED_EDGE('',*,*,#7884,.T.);
#7906 = ADVANCED_FACE('',(#7907,#7910),#7839,.F.);
#7907 = FACE_BOUND('',#7908,.F.);
#7908 = EDGE_LOOP('',(#7909));
#7909 = ORIENTED_EDGE('',*,*,#7824,.T.);
#7910 = FACE_BOUND('',#7911,.F.);
#7911 = EDGE_LOOP('',(#7912));
#7912 = ORIENTED_EDGE('',*,*,#7913,.F.);
#7913 = EDGE_CURVE('',#7914,#7914,#7916,.T.);
#7914 = VERTEX_POINT('',#7915);
#7915 = CARTESIAN_POINT('',(-25.78427124746,28.284271247462,303.));
#7916 = SURFACE_CURVE('',#7917,(#7922,#7929),.PCURVE_S1.);
#7917 = CIRCLE('',#7918,2.5);
#7918 = AXIS2_PLACEMENT_3D('',#7919,#7920,#7921);
#7919 = CARTESIAN_POINT('',(-28.28427124746,28.284271247462,303.));
#7920 = DIRECTION('',(0.,0.,1.));
#7921 = DIRECTION('',(1.,0.,-0.));
#7922 = PCURVE('',#7839,#7923);
#7923 = DEFINITIONAL_REPRESENTATION('',(#7924),#7928);
#7924 = CIRCLE('',#7925,2.5);
#7925 = AXIS2_PLACEMENT_2D('',#7926,#7927);
#7926 = CARTESIAN_POINT('',(0.,0.));
#7927 = DIRECTION('',(1.,0.));
#7928 = ( GEOMETRIC_REPRESENTATION_CONTEXT(2) 
PARAMETRIC_REPRESENTATION_CONTEXT() REPRESENTATION_CONTEXT('2D SPACE',''
  ) );
#7929 = PCURVE('',#7930,#7935);
#7930 = CYLINDRICAL_SURFACE('',#7931,2.5);
#7931 = AXIS2_PLACEMENT_3D('',#7932,#7933,#7934);
#7932 = CARTESIAN_POINT('',(-28.28427124746,28.284271247462,63.));
#7933 = DIRECTION('',(0.,0.,1.));
#7934 = DIRECTION('',(1.,0.,-0.));
#7935 = DEFINITIONAL_REPRESENTATION('',(#7936),#7940);
#7936 = LINE('',#7937,#7938);
#7937 = CARTESIAN_POINT('',(0.,240.));
#7938 = VECTOR('',#7939,1.);
#7939 = DIRECTION('',(1.,0.));
#7940 = ( GEOMETRIC_REPRESENTATION_CONTEXT(2) 
PARAMETRIC_REPRESENTATION_CONTEXT() REPRESENTATION_CONTEXT('2D SPACE',''
  ) );
#7941 = ADVANCED_FACE('',(#7942),#7872,.T.);
#7942 = FACE_BOUND('',#7943,.T.);
#7943 = EDGE_LOOP('',(#7944));
#7944 = ORIENTED_EDGE('',*,*,#7855,.T.);
#7945 = ADVANCED_FACE('',(#7946),#7930,.T.);
#7946 = FACE_BOUND('',#7947,.T.);
#7947 = EDGE_LOOP('',(#7948,#7949,#7972,#7999));
#7948 = ORIENTED_EDGE('',*,*,#7913,.F.);
#7949 = ORIENTED_EDGE('',*,*,#7950,.F.);
#7950 = EDGE_CURVE('',#7951,#7914,#7953,.T.);
#7951 = VERTEX_POINT('',#7952);
#7952 = CARTESIAN_POINT('',(-25.78427124746,28.284271247462,63.));
#7953 = SEAM_CURVE('',#7954,(#7958,#7965),.PCURVE_S1.);
#7954 = LINE('',#7955,#7956);
#7955 = CARTESIAN_POINT('',(-25.78427124746,28.284271247462,63.));
#7956 = VECTOR('',#7957,1.);
#7957 = DIRECTION('',(0.,0.,1.));
#7958 = PCURVE('',#7930,#7959);
#7959 = DEFINITIONAL_REPRESENTATION('',(#7960),#7964);
#7960 = LINE('',#7961,#7962);
#7961 = CARTESIAN_POINT('',(6.28318530718,-0.));
#7962 = VECTOR('',#7963,1.);
#7963 = DIRECTION('',(0.,1.));
#7964 = ( GEOMETRIC_REPRESENTATION_CONTEXT(2) 
PARAMETRIC_REPRESENTATION_CONTEXT() REPRESENTATION_CONTEXT('2D SPACE',''
  ) );
#7965 = PCURVE('',#7930,#7966);
#7966 = DEFINITIONAL_REPRESENTATION('',(#7967),#7971);
#7967 = LINE('',#7968,#7969);
#7968 = CARTESIAN_POINT('',(0.,-0.));
#7969 = VECTOR('',#7970,1.);
#7970 = DIRECTION('',(0.,1.));
#7971 = ( GEOMETRIC_REPRESENTATION_CONTEXT(2) 
PARAMETRIC_REPRESENTATION_CONTEXT() REPRESENTATION_CONTEXT('2D SPACE',''
  ) );
#7972 = ORIENTED_EDGE('',*,*,#7973,.T.);
#7973 = EDGE_CURVE('',#7951,#7951,#7974,.T.);
#7974 = SURFACE_CURVE('',#7975,(#7980,#7987),.PCURVE_S1.);
#7975 = CIRCLE('',#7976,2.5);
#7976 = AXIS2_PLACEMENT_3D('',#7977,#7978,#7979);
#7977 = CARTESIAN_POINT('',(-28.28427124746,28.284271247462,63.));
#7978 = DIRECTION('',(0.,0.,1.));
#7979 = DIRECTION('',(1.,0.,-0.));
#7980 = PCURVE('',#7930,#7981);
#7981 = DEFINITIONAL_REPRESENTATION('',(#7982),#7986);
#7982 = LINE('',#7983,#7984);
#7983 = CARTESIAN_POINT('',(0.,0.));
#7984 = VECTOR('',#7985,1.);
#7985 = DIRECTION('',(1.,0.));
#7986 = ( GEOMETRIC_REPRESENTATION_CONTEXT(2) 
PARAMETRIC_REPRESENTATION_CONTEXT() REPRESENTATION_CONTEXT('2D SPACE',''
  ) );
#7987 = PCURVE('',#7988,#7993);
#7988 = PLANE('',#7989);
#7989 = AXIS2_PLACEMENT_3D('',#7990,#7991,#7992);
#7990 = CARTESIAN_POINT('',(-28.28427124746,28.284271247462,63.));
#7991 = DIRECTION('',(0.,0.,1.));
#7992 = DIRECTION('',(1.,0.,-0.));
#7993 = DEFINITIONAL_REPRESENTATION('',(#7994),#7998);
#7994 = CIRCLE('',#7995,2.5);
#7995 = AXIS2_PLACEMENT_2D('',#7996,#7997);
#7996 = CARTESIAN_POINT('',(0.,0.));
#7997 = DIRECTION('',(1.,0.));
#7998 = ( GEOMETRIC_REPRESENTATION_CONTEXT(2) 
PARAMETRIC_REPRESENTATION_CONTEXT() REPRESENTATION_CONTEXT('2D SPACE',''
  ) );
#7999 = ORIENTED_EDGE('',*,*,#7950,.T.);
#8000 = ADVANCED_FACE('',(#8001,#8004),#7988,.F.);
#8001 = FACE_BOUND('',#8002,.F.);
#8002 = EDGE_LOOP('',(#8003));
#8003 = ORIENTED_EDGE('',*,*,#7973,.T.);
#8004 = FACE_BOUND('',#8005,.F.);
#8005 = EDGE_LOOP('',(#8006));
#8006 = ORIENTED_EDGE('',*,*,#8007,.F.);
#8007 = EDGE_CURVE('',#8008,#8008,#8010,.T.);
#8008 = VERTEX_POINT('',#8009);
#8009 = CARTESIAN_POINT('',(-26.18427124746,28.284271247462,63.));
#8010 = SURFACE_CURVE('',#8011,(#8016,#8023),.PCURVE_S1.);
#8011 = CIRCLE('',#8012,2.1);
#8012 = AXIS2_PLACEMENT_3D('',#8013,#8014,#8015);
#8013 = CARTESIAN_POINT('',(-28.28427124746,28.284271247462,63.));
#8014 = DIRECTION('',(0.,0.,1.));
#8015 = DIRECTION('',(1.,0.,-0.));
#8016 = PCURVE('',#7988,#8017);
#8017 = DEFINITIONAL_REPRESENTATION('',(#8018),#8022);
#8018 = CIRCLE('',#8019,2.1);
#8019 = AXIS2_PLACEMENT_2D('',#8020,#8021);
#8020 = CARTESIAN_POINT('',(0.,0.));
#8021 = DIRECTION('',(1.,0.));
#8022 = ( GEOMETRIC_REPRESENTATION_CONTEXT(2) 
PARAMETRIC_REPRESENTATION_CONTEXT() REPRESENTATION_CONTEXT('2D SPACE',''
  ) );
#8023 = PCURVE('',#8024,#8029);
#8024 = CYLINDRICAL_SURFACE('',#8025,2.1);
#8025 = AXIS2_PLACEMENT_3D('',#8026,#8027,#8028);
#8026 = CARTESIAN_POINT('',(-28.28427124746,28.284271247462,51.));
#8027 = DIRECTION('',(0.,0.,1.));
#8028 = DIRECTION('',(1.,0.,-0.));
#8029 = DEFINITIONAL_REPRESENTATION('',(#8030),#8034);
#8030 = LINE('',#8031,#8032);
#8031 = CARTESIAN_POINT('',(0.,12.));
#8032 = VECTOR('',#8033,1.);
#8033 = DIRECTION('',(1.,0.));
#8034 = ( GEOMETRIC_REPRESENTATION_CONTEXT(2) 
PARAMETRIC_REPRESENTATION_CONTEXT() REPRESENTATION_CONTEXT('2D SPACE',''
  ) );
#8035 = ADVANCED_FACE('',(#8036),#8024,.T.);
#8036 = FACE_BOUND('',#8037,.T.);
#8037 = EDGE_LOOP('',(#8038,#8039,#8062,#8089));
#8038 = ORIENTED_EDGE('',*,*,#8007,.F.);
#8039 = ORIENTED_EDGE('',*,*,#8040,.F.);
#8040 = EDGE_CURVE('',#8041,#8008,#8043,.T.);
#8041 = VERTEX_POINT('',#8042);
#8042 = CARTESIAN_POINT('',(-26.18427124746,28.284271247462,51.));
#8043 = SEAM_CURVE('',#8044,(#8048,#8055),.PCURVE_S1.);
#8044 = LINE('',#8045,#8046);
#8045 = CARTESIAN_POINT('',(-26.18427124746,28.284271247462,51.));
#8046 = VECTOR('',#8047,1.);
#8047 = DIRECTION('',(0.,0.,1.));
#8048 = PCURVE('',#8024,#8049);
#8049 = DEFINITIONAL_REPRESENTATION('',(#8050),#8054);
#8050 = LINE('',#8051,#8052);
#8051 = CARTESIAN_POINT('',(6.28318530718,-0.));
#8052 = VECTOR('',#8053,1.);
#8053 = DIRECTION('',(0.,1.));
#8054 = ( GEOMETRIC_REPRESENTATION_CONTEXT(2) 
PARAMETRIC_REPRESENTATION_CONTEXT() REPRESENTATION_CONTEXT('2D SPACE',''
  ) );
#8055 = PCURVE('',#8024,#8056);
#8056 = DEFINITIONAL_REPRESENTATION('',(#8057),#8061);
#8057 = LINE('',#8058,#8059);
#8058 = CARTESIAN_POINT('',(0.,-0.));
#8059 = VECTOR('',#8060,1.);
#8060 = DIRECTION('',(0.,1.));
#8061 = ( GEOMETRIC_REPRESENTATION_CONTEXT(2) 
PARAMETRIC_REPRESENTATION_CONTEXT() REPRESENTATION_CONTEXT('2D SPACE',''
  ) );
#8062 = ORIENTED_EDGE('',*,*,#8063,.T.);
#8063 = EDGE_CURVE('',#8041,#8041,#8064,.T.);
#8064 = SURFACE_CURVE('',#8065,(#8070,#8077),.PCURVE_S1.);
#8065 = CIRCLE('',#8066,2.1);
#8066 = AXIS2_PLACEMENT_3D('',#8067,#8068,#8069);
#8067 = CARTESIAN_POINT('',(-28.28427124746,28.284271247462,51.));
#8068 = DIRECTION('',(0.,0.,1.));
#8069 = DIRECTION('',(1.,0.,-0.));
#8070 = PCURVE('',#8024,#8071);
#8071 = DEFINITIONAL_REPRESENTATION('',(#8072),#8076);
#8072 = LINE('',#8073,#8074);
#8073 = CARTESIAN_POINT('',(0.,0.));
#8074 = VECTOR('',#8075,1.);
#8075 = DIRECTION('',(1.,0.));
#8076 = ( GEOMETRIC_REPRESENTATION_CONTEXT(2) 
PARAMETRIC_REPRESENTATION_CONTEXT() REPRESENTATION_CONTEXT('2D SPACE',''
  ) );
#8077 = PCURVE('',#8078,#8083);
#8078 = PLANE('',#8079);
#8079 = AXIS2_PLACEMENT_3D('',#8080,#8081,#8082);
#8080 = CARTESIAN_POINT('',(-28.28427124746,28.284271247462,51.));
#8081 = DIRECTION('',(0.,0.,1.));
#8082 = DIRECTION('',(1.,0.,-0.));
#8083 = DEFINITIONAL_REPRESENTATION('',(#8084),#8088);
#8084 = CIRCLE('',#8085,2.1);
#8085 = AXIS2_PLACEMENT_2D('',#8086,#8087);
#8086 = CARTESIAN_POINT('',(0.,0.));
#8087 = DIRECTION('',(1.,0.));
#8088 = ( GEOMETRIC_REPRESENTATION_CONTEXT(2) 
PARAMETRIC_REPRESENTATION_CONTEXT() REPRESENTATION_CONTEXT('2D SPACE',''
  ) );
#8089 = ORIENTED_EDGE('',*,*,#8040,.T.);
#8090 = ADVANCED_FACE('',(#8091),#8078,.F.);
#8091 = FACE_BOUND('',#8092,.T.);
#8092 = EDGE_LOOP('',(#8093));
#8093 = ORIENTED_EDGE('',*,*,#8063,.F.);
#8094 = MANIFOLD_SOLID_BREP('',#8095);
#8095 = CLOSED_SHELL('',(#8096,#8164,#8219,#8274,#8309,#8313,#8368,#8403
    ,#8458));
#8096 = ADVANCED_FACE('',(#8097,#8133),#8110,.T.);
#8097 = FACE_BOUND('',#8098,.T.);
#8098 = EDGE_LOOP('',(#8099));
#8099 = ORIENTED_EDGE('',*,*,#8100,.T.);
#8100 = EDGE_CURVE('',#8101,#8101,#8103,.T.);
#8101 = VERTEX_POINT('',#8102);
#8102 = CARTESIAN_POINT('',(-23.28427124746,-28.28427124746,304.));
#8103 = SURFACE_CURVE('',#8104,(#8109,#8121),.PCURVE_S1.);
#8104 = CIRCLE('',#8105,5.);
#8105 = AXIS2_PLACEMENT_3D('',#8106,#8107,#8108);
#8106 = CARTESIAN_POINT('',(-28.28427124746,-28.28427124746,304.));
#8107 = DIRECTION('',(0.,0.,1.));
#8108 = DIRECTION('',(1.,0.,-0.));
#8109 = PCURVE('',#8110,#8115);
#8110 = PLANE('',#8111);
#8111 = AXIS2_PLACEMENT_3D('',#8112,#8113,#8114);
#8112 = CARTESIAN_POINT('',(-28.28427124746,-28.28427124746,304.));
#8113 = DIRECTION('',(0.,0.,1.));
#8114 = DIRECTION('',(1.,0.,-0.));
#8115 = DEFINITIONAL_REPRESENTATION('',(#8116),#8120);
#8116 = CIRCLE('',#8117,5.);
#8117 = AXIS2_PLACEMENT_2D('',#8118,#8119);
#8118 = CARTESIAN_POINT('',(0.,0.));
#8119 = DIRECTION('',(1.,0.));
#8120 = ( GEOMETRIC_REPRESENTATION_CONTEXT(2) 
PARAMETRIC_REPRESENTATION_CONTEXT() REPRESENTATION_CONTEXT('2D SPACE',''
  ) );
#8121 = PCURVE('',#8122,#8127);
#8122 = CYLINDRICAL_SURFACE('',#8123,5.);
#8123 = AXIS2_PLACEMENT_3D('',#8124,#8125,#8126);
#8124 = CARTESIAN_POINT('',(-28.28427124746,-28.28427124746,303.));
#8125 = DIRECTION('',(0.,0.,1.));
#8126 = DIRECTION('',(1.,0.,-0.));
#8127 = DEFINITIONAL_REPRESENTATION('',(#8128),#8132);
#8128 = LINE('',#8129,#8130);
#8129 = CARTESIAN_POINT('',(0.,1.));
#8130 = VECTOR('',#8131,1.);
#8131 = DIRECTION('',(1.,0.));
#8132 = ( GEOMETRIC_REPRESENTATION_CONTEXT(2) 
PARAMETRIC_REPRESENTATION_CONTEXT() REPRESENTATION_CONTEXT('2D SPACE',''
  ) );
#8133 = FACE_BOUND('',#8134,.T.);
#8134 = EDGE_LOOP('',(#8135));
#8135 = ORIENTED_EDGE('',*,*,#8136,.F.);
#8136 = EDGE_CURVE('',#8137,#8137,#8139,.T.);
#8137 = VERTEX_POINT('',#8138);
#8138 = CARTESIAN_POINT('',(-24.28427124746,-28.28427124746,304.));
#8139 = SURFACE_CURVE('',#8140,(#8145,#8152),.PCURVE_S1.);
#8140 = CIRCLE('',#8141,4.);
#8141 = AXIS2_PLACEMENT_3D('',#8142,#8143,#8144);
#8142 = CARTESIAN_POINT('',(-28.28427124746,-28.28427124746,304.));
#8143 = DIRECTION('',(0.,0.,1.));
#8144 = DIRECTION('',(1.,0.,-0.));
#8145 = PCURVE('',#8110,#8146);
#8146 = DEFINITIONAL_REPRESENTATION('',(#8147),#8151);
#8147 = CIRCLE('',#8148,4.);
#8148 = AXIS2_PLACEMENT_2D('',#8149,#8150);
#8149 = CARTESIAN_POINT('',(0.,0.));
#8150 = DIRECTION('',(1.,0.));
#8151 = ( GEOMETRIC_REPRESENTATION_CONTEXT(2) 
PARAMETRIC_REPRESENTATION_CONTEXT() REPRESENTATION_CONTEXT('2D SPACE',''
  ) );
#8152 = PCURVE('',#8153,#8158);
#8153 = CYLINDRICAL_SURFACE('',#8154,4.);
#8154 = AXIS2_PLACEMENT_3D('',#8155,#8156,#8157);
#8155 = CARTESIAN_POINT('',(-28.28427124746,-28.28427124746,304.));
#8156 = DIRECTION('',(0.,0.,1.));
#8157 = DIRECTION('',(1.,0.,-0.));
#8158 = DEFINITIONAL_REPRESENTATION('',(#8159),#8163);
#8159 = LINE('',#8160,#8161);
#8160 = CARTESIAN_POINT('',(0.,0.));
#8161 = VECTOR('',#8162,1.);
#8162 = DIRECTION('',(1.,0.));
#8163 = ( GEOMETRIC_REPRESENTATION_CONTEXT(2) 
PARAMETRIC_REPRESENTATION_CONTEXT() REPRESENTATION_CONTEXT('2D SPACE',''
  ) );
#8164 = ADVANCED_FACE('',(#8165),#8122,.T.);
#8165 = FACE_BOUND('',#8166,.T.);
#8166 = EDGE_LOOP('',(#8167,#8168,#8191,#8218));
#8167 = ORIENTED_EDGE('',*,*,#8100,.F.);
#8168 = ORIENTED_EDGE('',*,*,#8169,.F.);
#8169 = EDGE_CURVE('',#8170,#8101,#8172,.T.);
#8170 = VERTEX_POINT('',#8171);
#8171 = CARTESIAN_POINT('',(-23.28427124746,-28.28427124746,303.));
#8172 = SEAM_CURVE('',#8173,(#8177,#8184),.PCURVE_S1.);
#8173 = LINE('',#8174,#8175);
#8174 = CARTESIAN_POINT('',(-23.28427124746,-28.28427124746,303.));
#8175 = VECTOR('',#8176,1.);
#8176 = DIRECTION('',(0.,0.,1.));
#8177 = PCURVE('',#8122,#8178);
#8178 = DEFINITIONAL_REPRESENTATION('',(#8179),#8183);
#8179 = LINE('',#8180,#8181);
#8180 = CARTESIAN_POINT('',(6.28318530718,-0.));
#8181 = VECTOR('',#8182,1.);
#8182 = DIRECTION('',(0.,1.));
#8183 = ( GEOMETRIC_REPRESENTATION_CONTEXT(2) 
PARAMETRIC_REPRESENTATION_CONTEXT() REPRESENTATION_CONTEXT('2D SPACE',''
  ) );
#8184 = PCURVE('',#8122,#8185);
#8185 = DEFINITIONAL_REPRESENTATION('',(#8186),#8190);
#8186 = LINE('',#8187,#8188);
#8187 = CARTESIAN_POINT('',(0.,-0.));
#8188 = VECTOR('',#8189,1.);
#8189 = DIRECTION('',(0.,1.));
#8190 = ( GEOMETRIC_REPRESENTATION_CONTEXT(2) 
PARAMETRIC_REPRESENTATION_CONTEXT() REPRESENTATION_CONTEXT('2D SPACE',''
  ) );
#8191 = ORIENTED_EDGE('',*,*,#8192,.T.);
#8192 = EDGE_CURVE('',#8170,#8170,#8193,.T.);
#8193 = SURFACE_CURVE('',#8194,(#8199,#8206),.PCURVE_S1.);
#8194 = CIRCLE('',#8195,5.);
#8195 = AXIS2_PLACEMENT_3D('',#8196,#8197,#8198);
#8196 = CARTESIAN_POINT('',(-28.28427124746,-28.28427124746,303.));
#8197 = DIRECTION('',(0.,0.,1.));
#8198 = DIRECTION('',(1.,0.,-0.));
#8199 = PCURVE('',#8122,#8200);
#8200 = DEFINITIONAL_REPRESENTATION('',(#8201),#8205);
#8201 = LINE('',#8202,#8203);
#8202 = CARTESIAN_POINT('',(0.,0.));
#8203 = VECTOR('',#8204,1.);
#8204 = DIRECTION('',(1.,0.));
#8205 = ( GEOMETRIC_REPRESENTATION_CONTEXT(2) 
PARAMETRIC_REPRESENTATION_CONTEXT() REPRESENTATION_CONTEXT('2D SPACE',''
  ) );
#8206 = PCURVE('',#8207,#8212);
#8207 = PLANE('',#8208);
#8208 = AXIS2_PLACEMENT_3D('',#8209,#8210,#8211);
#8209 = CARTESIAN_POINT('',(-28.28427124746,-28.28427124746,303.));
#8210 = DIRECTION('',(0.,0.,1.));
#8211 = DIRECTION('',(1.,0.,-0.));
#8212 = DEFINITIONAL_REPRESENTATION('',(#8213),#8217);
#8213 = CIRCLE('',#8214,5.);
#8214 = AXIS2_PLACEMENT_2D('',#8215,#8216);
#8215 = CARTESIAN_POINT('',(0.,0.));
#8216 = DIRECTION('',(1.,0.));
#8217 = ( GEOMETRIC_REPRESENTATION_CONTEXT(2) 
PARAMETRIC_REPRESENTATION_CONTEXT() REPRESENTATION_CONTEXT('2D SPACE',''
  ) );
#8218 = ORIENTED_EDGE('',*,*,#8169,.T.);
#8219 = ADVANCED_FACE('',(#8220),#8153,.T.);
#8220 = FACE_BOUND('',#8221,.T.);
#8221 = EDGE_LOOP('',(#8222,#8251,#8272,#8273));
#8222 = ORIENTED_EDGE('',*,*,#8223,.F.);
#8223 = EDGE_CURVE('',#8224,#8224,#8226,.T.);
#8224 = VERTEX_POINT('',#8225);
#8225 = CARTESIAN_POINT('',(-24.28427124746,-28.28427124746,310.));
#8226 = SURFACE_CURVE('',#8227,(#8232,#8239),.PCURVE_S1.);
#8227 = CIRCLE('',#8228,4.);
#8228 = AXIS2_PLACEMENT_3D('',#8229,#8230,#8231);
#8229 = CARTESIAN_POINT('',(-28.28427124746,-28.28427124746,310.));
#8230 = DIRECTION('',(0.,0.,1.));
#8231 = DIRECTION('',(1.,0.,-0.));
#8232 = PCURVE('',#8153,#8233);
#8233 = DEFINITIONAL_REPRESENTATION('',(#8234),#8238);
#8234 = LINE('',#8235,#8236);
#8235 = CARTESIAN_POINT('',(0.,6.));
#8236 = VECTOR('',#8237,1.);
#8237 = DIRECTION('',(1.,0.));
#8238 = ( GEOMETRIC_REPRESENTATION_CONTEXT(2) 
PARAMETRIC_REPRESENTATION_CONTEXT() REPRESENTATION_CONTEXT('2D SPACE',''
  ) );
#8239 = PCURVE('',#8240,#8245);
#8240 = PLANE('',#8241);
#8241 = AXIS2_PLACEMENT_3D('',#8242,#8243,#8244);
#8242 = CARTESIAN_POINT('',(-28.28427124746,-28.28427124746,310.));
#8243 = DIRECTION('',(0.,0.,1.));
#8244 = DIRECTION('',(1.,0.,-0.));
#8245 = DEFINITIONAL_REPRESENTATION('',(#8246),#8250);
#8246 = CIRCLE('',#8247,4.);
#8247 = AXIS2_PLACEMENT_2D('',#8248,#8249);
#8248 = CARTESIAN_POINT('',(0.,0.));
#8249 = DIRECTION('',(1.,0.));
#8250 = ( GEOMETRIC_REPRESENTATION_CONTEXT(2) 
PARAMETRIC_REPRESENTATION_CONTEXT() REPRESENTATION_CONTEXT('2D SPACE',''
  ) );
#8251 = ORIENTED_EDGE('',*,*,#8252,.F.);
#8252 = EDGE_CURVE('',#8137,#8224,#8253,.T.);
#8253 = SEAM_CURVE('',#8254,(#8258,#8265),.PCURVE_S1.);
#8254 = LINE('',#8255,#8256);
#8255 = CARTESIAN_POINT('',(-24.28427124746,-28.28427124746,304.));
#8256 = VECTOR('',#8257,1.);
#8257 = DIRECTION('',(0.,0.,1.));
#8258 = PCURVE('',#8153,#8259);
#8259 = DEFINITIONAL_REPRESENTATION('',(#8260),#8264);
#8260 = LINE('',#8261,#8262);
#8261 = CARTESIAN_POINT('',(6.28318530718,-0.));
#8262 = VECTOR('',#8263,1.);
#8263 = DIRECTION('',(0.,1.));
#8264 = ( GEOMETRIC_REPRESENTATION_CONTEXT(2) 
PARAMETRIC_REPRESENTATION_CONTEXT() REPRESENTATION_CONTEXT('2D SPACE',''
  ) );
#8265 = PCURVE('',#8153,#8266);
#8266 = DEFINITIONAL_REPRESENTATION('',(#8267),#8271);
#8267 = LINE('',#8268,#8269);
#8268 = CARTESIAN_POINT('',(0.,-0.));
#8269 = VECTOR('',#8270,1.);
#8270 = DIRECTION('',(0.,1.));
#8271 = ( GEOMETRIC_REPRESENTATION_CONTEXT(2) 
PARAMETRIC_REPRESENTATION_CONTEXT() REPRESENTATION_CONTEXT('2D SPACE',''
  ) );
#8272 = ORIENTED_EDGE('',*,*,#8136,.T.);
#8273 = ORIENTED_EDGE('',*,*,#8252,.T.);
#8274 = ADVANCED_FACE('',(#8275,#8278),#8207,.F.);
#8275 = FACE_BOUND('',#8276,.F.);
#8276 = EDGE_LOOP('',(#8277));
#8277 = ORIENTED_EDGE('',*,*,#8192,.T.);
#8278 = FACE_BOUND('',#8279,.F.);
#8279 = EDGE_LOOP('',(#8280));
#8280 = ORIENTED_EDGE('',*,*,#8281,.F.);
#8281 = EDGE_CURVE('',#8282,#8282,#8284,.T.);
#8282 = VERTEX_POINT('',#8283);
#8283 = CARTESIAN_POINT('',(-25.78427124746,-28.28427124746,303.));
#8284 = SURFACE_CURVE('',#8285,(#8290,#8297),.PCURVE_S1.);
#8285 = CIRCLE('',#8286,2.5);
#8286 = AXIS2_PLACEMENT_3D('',#8287,#8288,#8289);
#8287 = CARTESIAN_POINT('',(-28.28427124746,-28.28427124746,303.));
#8288 = DIRECTION('',(0.,0.,1.));
#8289 = DIRECTION('',(1.,0.,-0.));
#8290 = PCURVE('',#8207,#8291);
#8291 = DEFINITIONAL_REPRESENTATION('',(#8292),#8296);
#8292 = CIRCLE('',#8293,2.5);
#8293 = AXIS2_PLACEMENT_2D('',#8294,#8295);
#8294 = CARTESIAN_POINT('',(0.,0.));
#8295 = DIRECTION('',(1.,0.));
#8296 = ( GEOMETRIC_REPRESENTATION_CONTEXT(2) 
PARAMETRIC_REPRESENTATION_CONTEXT() REPRESENTATION_CONTEXT('2D SPACE',''
  ) );
#8297 = PCURVE('',#8298,#8303);
#8298 = CYLINDRICAL_SURFACE('',#8299,2.5);
#8299 = AXIS2_PLACEMENT_3D('',#8300,#8301,#8302);
#8300 = CARTESIAN_POINT('',(-28.28427124746,-28.28427124746,63.));
#8301 = DIRECTION('',(0.,0.,1.));
#8302 = DIRECTION('',(1.,0.,-0.));
#8303 = DEFINITIONAL_REPRESENTATION('',(#8304),#8308);
#8304 = LINE('',#8305,#8306);
#8305 = CARTESIAN_POINT('',(0.,240.));
#8306 = VECTOR('',#8307,1.);
#8307 = DIRECTION('',(1.,0.));
#8308 = ( GEOMETRIC_REPRESENTATION_CONTEXT(2) 
PARAMETRIC_REPRESENTATION_CONTEXT() REPRESENTATION_CONTEXT('2D SPACE',''
  ) );
#8309 = ADVANCED_FACE('',(#8310),#8240,.T.);
#8310 = FACE_BOUND('',#8311,.T.);
#8311 = EDGE_LOOP('',(#8312));
#8312 = ORIENTED_EDGE('',*,*,#8223,.T.);
#8313 = ADVANCED_FACE('',(#8314),#8298,.T.);
#8314 = FACE_BOUND('',#8315,.T.);
#8315 = EDGE_LOOP('',(#8316,#8317,#8340,#8367));
#8316 = ORIENTED_EDGE('',*,*,#8281,.F.);
#8317 = ORIENTED_EDGE('',*,*,#8318,.F.);
#8318 = EDGE_CURVE('',#8319,#8282,#8321,.T.);
#8319 = VERTEX_POINT('',#8320);
#8320 = CARTESIAN_POINT('',(-25.78427124746,-28.28427124746,63.));
#8321 = SEAM_CURVE('',#8322,(#8326,#8333),.PCURVE_S1.);
#8322 = LINE('',#8323,#8324);
#8323 = CARTESIAN_POINT('',(-25.78427124746,-28.28427124746,63.));
#8324 = VECTOR('',#8325,1.);
#8325 = DIRECTION('',(0.,0.,1.));
#8326 = PCURVE('',#8298,#8327);
#8327 = DEFINITIONAL_REPRESENTATION('',(#8328),#8332);
#8328 = LINE('',#8329,#8330);
#8329 = CARTESIAN_POINT('',(6.28318530718,-0.));
#8330 = VECTOR('',#8331,1.);
#8331 = DIRECTION('',(0.,1.));
#8332 = ( GEOMETRIC_REPRESENTATION_CONTEXT(2) 
PARAMETRIC_REPRESENTATION_CONTEXT() REPRESENTATION_CONTEXT('2D SPACE',''
  ) );
#8333 = PCURVE('',#8298,#8334);
#8334 = DEFINITIONAL_REPRESENTATION('',(#8335),#8339);
#8335 = LINE('',#8336,#8337);
#8336 = CARTESIAN_POINT('',(0.,-0.));
#8337 = VECTOR('',#8338,1.);
#8338 = DIRECTION('',(0.,1.));
#8339 = ( GEOMETRIC_REPRESENTATION_CONTEXT(2) 
PARAMETRIC_REPRESENTATION_CONTEXT() REPRESENTATION_CONTEXT('2D SPACE',''
  ) );
#8340 = ORIENTED_EDGE('',*,*,#8341,.T.);
#8341 = EDGE_CURVE('',#8319,#8319,#8342,.T.);
#8342 = SURFACE_CURVE('',#8343,(#8348,#8355),.PCURVE_S1.);
#8343 = CIRCLE('',#8344,2.5);
#8344 = AXIS2_PLACEMENT_3D('',#8345,#8346,#8347);
#8345 = CARTESIAN_POINT('',(-28.28427124746,-28.28427124746,63.));
#8346 = DIRECTION('',(0.,0.,1.));
#8347 = DIRECTION('',(1.,0.,-0.));
#8348 = PCURVE('',#8298,#8349);
#8349 = DEFINITIONAL_REPRESENTATION('',(#8350),#8354);
#8350 = LINE('',#8351,#8352);
#8351 = CARTESIAN_POINT('',(0.,0.));
#8352 = VECTOR('',#8353,1.);
#8353 = DIRECTION('',(1.,0.));
#8354 = ( GEOMETRIC_REPRESENTATION_CONTEXT(2) 
PARAMETRIC_REPRESENTATION_CONTEXT() REPRESENTATION_CONTEXT('2D SPACE',''
  ) );
#8355 = PCURVE('',#8356,#8361);
#8356 = PLANE('',#8357);
#8357 = AXIS2_PLACEMENT_3D('',#8358,#8359,#8360);
#8358 = CARTESIAN_POINT('',(-28.28427124746,-28.28427124746,63.));
#8359 = DIRECTION('',(0.,0.,1.));
#8360 = DIRECTION('',(1.,0.,-0.));
#8361 = DEFINITIONAL_REPRESENTATION('',(#8362),#8366);
#8362 = CIRCLE('',#8363,2.5);
#8363 = AXIS2_PLACEMENT_2D('',#8364,#8365);
#8364 = CARTESIAN_POINT('',(0.,0.));
#8365 = DIRECTION('',(1.,0.));
#8366 = ( GEOMETRIC_REPRESENTATION_CONTEXT(2) 
PARAMETRIC_REPRESENTATION_CONTEXT() REPRESENTATION_CONTEXT('2D SPACE',''
  ) );
#8367 = ORIENTED_EDGE('',*,*,#8318,.T.);
#8368 = ADVANCED_FACE('',(#8369,#8372),#8356,.F.);
#8369 = FACE_BOUND('',#8370,.F.);
#8370 = EDGE_LOOP('',(#8371));
#8371 = ORIENTED_EDGE('',*,*,#8341,.T.);
#8372 = FACE_BOUND('',#8373,.F.);
#8373 = EDGE_LOOP('',(#8374));
#8374 = ORIENTED_EDGE('',*,*,#8375,.F.);
#8375 = EDGE_CURVE('',#8376,#8376,#8378,.T.);
#8376 = VERTEX_POINT('',#8377);
#8377 = CARTESIAN_POINT('',(-26.18427124746,-28.28427124746,63.));
#8378 = SURFACE_CURVE('',#8379,(#8384,#8391),.PCURVE_S1.);
#8379 = CIRCLE('',#8380,2.1);
#8380 = AXIS2_PLACEMENT_3D('',#8381,#8382,#8383);
#8381 = CARTESIAN_POINT('',(-28.28427124746,-28.28427124746,63.));
#8382 = DIRECTION('',(0.,0.,1.));
#8383 = DIRECTION('',(1.,0.,-0.));
#8384 = PCURVE('',#8356,#8385);
#8385 = DEFINITIONAL_REPRESENTATION('',(#8386),#8390);
#8386 = CIRCLE('',#8387,2.1);
#8387 = AXIS2_PLACEMENT_2D('',#8388,#8389);
#8388 = CARTESIAN_POINT('',(0.,0.));
#8389 = DIRECTION('',(1.,0.));
#8390 = ( GEOMETRIC_REPRESENTATION_CONTEXT(2) 
PARAMETRIC_REPRESENTATION_CONTEXT() REPRESENTATION_CONTEXT('2D SPACE',''
  ) );
#8391 = PCURVE('',#8392,#8397);
#8392 = CYLINDRICAL_SURFACE('',#8393,2.1);
#8393 = AXIS2_PLACEMENT_3D('',#8394,#8395,#8396);
#8394 = CARTESIAN_POINT('',(-28.28427124746,-28.28427124746,51.));
#8395 = DIRECTION('',(0.,0.,1.));
#8396 = DIRECTION('',(1.,0.,-0.));
#8397 = DEFINITIONAL_REPRESENTATION('',(#8398),#8402);
#8398 = LINE('',#8399,#8400);
#8399 = CARTESIAN_POINT('',(0.,12.));
#8400 = VECTOR('',#8401,1.);
#8401 = DIRECTION('',(1.,0.));
#8402 = ( GEOMETRIC_REPRESENTATION_CONTEXT(2) 
PARAMETRIC_REPRESENTATION_CONTEXT() REPRESENTATION_CONTEXT('2D SPACE',''
  ) );
#8403 = ADVANCED_FACE('',(#8404),#8392,.T.);
#8404 = FACE_BOUND('',#8405,.T.);
#8405 = EDGE_LOOP('',(#8406,#8407,#8430,#8457));
#8406 = ORIENTED_EDGE('',*,*,#8375,.F.);
#8407 = ORIENTED_EDGE('',*,*,#8408,.F.);
#8408 = EDGE_CURVE('',#8409,#8376,#8411,.T.);
#8409 = VERTEX_POINT('',#8410);
#8410 = CARTESIAN_POINT('',(-26.18427124746,-28.28427124746,51.));
#8411 = SEAM_CURVE('',#8412,(#8416,#8423),.PCURVE_S1.);
#8412 = LINE('',#8413,#8414);
#8413 = CARTESIAN_POINT('',(-26.18427124746,-28.28427124746,51.));
#8414 = VECTOR('',#8415,1.);
#8415 = DIRECTION('',(0.,0.,1.));
#8416 = PCURVE('',#8392,#8417);
#8417 = DEFINITIONAL_REPRESENTATION('',(#8418),#8422);
#8418 = LINE('',#8419,#8420);
#8419 = CARTESIAN_POINT('',(6.28318530718,-0.));
#8420 = VECTOR('',#8421,1.);
#8421 = DIRECTION('',(0.,1.));
#8422 = ( GEOMETRIC_REPRESENTATION_CONTEXT(2) 
PARAMETRIC_REPRESENTATION_CONTEXT() REPRESENTATION_CONTEXT('2D SPACE',''
  ) );
#8423 = PCURVE('',#8392,#8424);
#8424 = DEFINITIONAL_REPRESENTATION('',(#8425),#8429);
#8425 = LINE('',#8426,#8427);
#8426 = CARTESIAN_POINT('',(0.,-0.));
#8427 = VECTOR('',#8428,1.);
#8428 = DIRECTION('',(0.,1.));
#8429 = ( GEOMETRIC_REPRESENTATION_CONTEXT(2) 
PARAMETRIC_REPRESENTATION_CONTEXT() REPRESENTATION_CONTEXT('2D SPACE',''
  ) );
#8430 = ORIENTED_EDGE('',*,*,#8431,.T.);
#8431 = EDGE_CURVE('',#8409,#8409,#8432,.T.);
#8432 = SURFACE_CURVE('',#8433,(#8438,#8445),.PCURVE_S1.);
#8433 = CIRCLE('',#8434,2.1);
#8434 = AXIS2_PLACEMENT_3D('',#8435,#8436,#8437);
#8435 = CARTESIAN_POINT('',(-28.28427124746,-28.28427124746,51.));
#8436 = DIRECTION('',(0.,0.,1.));
#8437 = DIRECTION('',(1.,0.,-0.));
#8438 = PCURVE('',#8392,#8439);
#8439 = DEFINITIONAL_REPRESENTATION('',(#8440),#8444);
#8440 = LINE('',#8441,#8442);
#8441 = CARTESIAN_POINT('',(0.,0.));
#8442 = VECTOR('',#8443,1.);
#8443 = DIRECTION('',(1.,0.));
#8444 = ( GEOMETRIC_REPRESENTATION_CONTEXT(2) 
PARAMETRIC_REPRESENTATION_CONTEXT() REPRESENTATION_CONTEXT('2D SPACE',''
  ) );
#8445 = PCURVE('',#8446,#8451);
#8446 = PLANE('',#8447);
#8447 = AXIS2_PLACEMENT_3D('',#8448,#8449,#8450);
#8448 = CARTESIAN_POINT('',(-28.28427124746,-28.28427124746,51.));
#8449 = DIRECTION('',(0.,0.,1.));
#8450 = DIRECTION('',(1.,0.,-0.));
#8451 = DEFINITIONAL_REPRESENTATION('',(#8452),#8456);
#8452 = CIRCLE('',#8453,2.1);
#8453 = AXIS2_PLACEMENT_2D('',#8454,#8455);
#8454 = CARTESIAN_POINT('',(0.,0.));
#8455 = DIRECTION('',(1.,0.));
#8456 = ( GEOMETRIC_REPRESENTATION_CONTEXT(2) 
PARAMETRIC_REPRESENTATION_CONTEXT() REPRESENTATION_CONTEXT('2D SPACE',''
  ) );
#8457 = ORIENTED_EDGE('',*,*,#8408,.T.);
#8458 = ADVANCED_FACE('',(#8459),#8446,.F.);
#8459 = FACE_BOUND('',#8460,.T.);
#8460 = EDGE_LOOP('',(#8461));
#8461 = ORIENTED_EDGE('',*,*,#8431,.F.);
#8462 = MANIFOLD_SOLID_BREP('',#8463);
#8463 = CLOSED_SHELL('',(#8464,#8532,#8587,#8642,#8677,#8681,#8736,#8771
    ,#8826));
#8464 = ADVANCED_FACE('',(#8465,#8501),#8478,.T.);
#8465 = FACE_BOUND('',#8466,.T.);
#8466 = EDGE_LOOP('',(#8467));
#8467 = ORIENTED_EDGE('',*,*,#8468,.T.);
#8468 = EDGE_CURVE('',#8469,#8469,#8471,.T.);
#8469 = VERTEX_POINT('',#8470);
#8470 = CARTESIAN_POINT('',(33.284271247462,-28.28427124746,304.));
#8471 = SURFACE_CURVE('',#8472,(#8477,#8489),.PCURVE_S1.);
#8472 = CIRCLE('',#8473,5.);
#8473 = AXIS2_PLACEMENT_3D('',#8474,#8475,#8476);
#8474 = CARTESIAN_POINT('',(28.284271247462,-28.28427124746,304.));
#8475 = DIRECTION('',(0.,0.,1.));
#8476 = DIRECTION('',(1.,0.,-0.));
#8477 = PCURVE('',#8478,#8483);
#8478 = PLANE('',#8479);
#8479 = AXIS2_PLACEMENT_3D('',#8480,#8481,#8482);
#8480 = CARTESIAN_POINT('',(28.284271247462,-28.28427124746,304.));
#8481 = DIRECTION('',(0.,0.,1.));
#8482 = DIRECTION('',(1.,0.,-0.));
#8483 = DEFINITIONAL_REPRESENTATION('',(#8484),#8488);
#8484 = CIRCLE('',#8485,5.);
#8485 = AXIS2_PLACEMENT_2D('',#8486,#8487);
#8486 = CARTESIAN_POINT('',(0.,0.));
#8487 = DIRECTION('',(1.,0.));
#8488 = ( GEOMETRIC_REPRESENTATION_CONTEXT(2) 
PARAMETRIC_REPRESENTATION_CONTEXT() REPRESENTATION_CONTEXT('2D SPACE',''
  ) );
#8489 = PCURVE('',#8490,#8495);
#8490 = CYLINDRICAL_SURFACE('',#8491,5.);
#8491 = AXIS2_PLACEMENT_3D('',#8492,#8493,#8494);
#8492 = CARTESIAN_POINT('',(28.284271247462,-28.28427124746,303.));
#8493 = DIRECTION('',(0.,0.,1.));
#8494 = DIRECTION('',(1.,0.,-0.));
#8495 = DEFINITIONAL_REPRESENTATION('',(#8496),#8500);
#8496 = LINE('',#8497,#8498);
#8497 = CARTESIAN_POINT('',(0.,1.));
#8498 = VECTOR('',#8499,1.);
#8499 = DIRECTION('',(1.,0.));
#8500 = ( GEOMETRIC_REPRESENTATION_CONTEXT(2) 
PARAMETRIC_REPRESENTATION_CONTEXT() REPRESENTATION_CONTEXT('2D SPACE',''
  ) );
#8501 = FACE_BOUND('',#8502,.T.);
#8502 = EDGE_LOOP('',(#8503));
#8503 = ORIENTED_EDGE('',*,*,#8504,.F.);
#8504 = EDGE_CURVE('',#8505,#8505,#8507,.T.);
#8505 = VERTEX_POINT('',#8506);
#8506 = CARTESIAN_POINT('',(32.284271247462,-28.28427124746,304.));
#8507 = SURFACE_CURVE('',#8508,(#8513,#8520),.PCURVE_S1.);
#8508 = CIRCLE('',#8509,4.);
#8509 = AXIS2_PLACEMENT_3D('',#8510,#8511,#8512);
#8510 = CARTESIAN_POINT('',(28.284271247462,-28.28427124746,304.));
#8511 = DIRECTION('',(0.,0.,1.));
#8512 = DIRECTION('',(1.,0.,-0.));
#8513 = PCURVE('',#8478,#8514);
#8514 = DEFINITIONAL_REPRESENTATION('',(#8515),#8519);
#8515 = CIRCLE('',#8516,4.);
#8516 = AXIS2_PLACEMENT_2D('',#8517,#8518);
#8517 = CARTESIAN_POINT('',(0.,0.));
#8518 = DIRECTION('',(1.,0.));
#8519 = ( GEOMETRIC_REPRESENTATION_CONTEXT(2) 
PARAMETRIC_REPRESENTATION_CONTEXT() REPRESENTATION_CONTEXT('2D SPACE',''
  ) );
#8520 = PCURVE('',#8521,#8526);
#8521 = CYLINDRICAL_SURFACE('',#8522,4.);
#8522 = AXIS2_PLACEMENT_3D('',#8523,#8524,#8525);
#8523 = CARTESIAN_POINT('',(28.284271247462,-28.28427124746,304.));
#8524 = DIRECTION('',(0.,0.,1.));
#8525 = DIRECTION('',(1.,0.,-0.));
#8526 = DEFINITIONAL_REPRESENTATION('',(#8527),#8531);
#8527 = LINE('',#8528,#8529);
#8528 = CARTESIAN_POINT('',(0.,0.));
#8529 = VECTOR('',#8530,1.);
#8530 = DIRECTION('',(1.,0.));
#8531 = ( GEOMETRIC_REPRESENTATION_CONTEXT(2) 
PARAMETRIC_REPRESENTATION_CONTEXT() REPRESENTATION_CONTEXT('2D SPACE',''
  ) );
#8532 = ADVANCED_FACE('',(#8533),#8490,.T.);
#8533 = FACE_BOUND('',#8534,.T.);
#8534 = EDGE_LOOP('',(#8535,#8536,#8559,#8586));
#8535 = ORIENTED_EDGE('',*,*,#8468,.F.);
#8536 = ORIENTED_EDGE('',*,*,#8537,.F.);
#8537 = EDGE_CURVE('',#8538,#8469,#8540,.T.);
#8538 = VERTEX_POINT('',#8539);
#8539 = CARTESIAN_POINT('',(33.284271247462,-28.28427124746,303.));
#8540 = SEAM_CURVE('',#8541,(#8545,#8552),.PCURVE_S1.);
#8541 = LINE('',#8542,#8543);
#8542 = CARTESIAN_POINT('',(33.284271247462,-28.28427124746,303.));
#8543 = VECTOR('',#8544,1.);
#8544 = DIRECTION('',(0.,0.,1.));
#8545 = PCURVE('',#8490,#8546);
#8546 = DEFINITIONAL_REPRESENTATION('',(#8547),#8551);
#8547 = LINE('',#8548,#8549);
#8548 = CARTESIAN_POINT('',(6.28318530718,-0.));
#8549 = VECTOR('',#8550,1.);
#8550 = DIRECTION('',(0.,1.));
#8551 = ( GEOMETRIC_REPRESENTATION_CONTEXT(2) 
PARAMETRIC_REPRESENTATION_CONTEXT() REPRESENTATION_CONTEXT('2D SPACE',''
  ) );
#8552 = PCURVE('',#8490,#8553);
#8553 = DEFINITIONAL_REPRESENTATION('',(#8554),#8558);
#8554 = LINE('',#8555,#8556);
#8555 = CARTESIAN_POINT('',(0.,-0.));
#8556 = VECTOR('',#8557,1.);
#8557 = DIRECTION('',(0.,1.));
#8558 = ( GEOMETRIC_REPRESENTATION_CONTEXT(2) 
PARAMETRIC_REPRESENTATION_CONTEXT() REPRESENTATION_CONTEXT('2D SPACE',''
  ) );
#8559 = ORIENTED_EDGE('',*,*,#8560,.T.);
#8560 = EDGE_CURVE('',#8538,#8538,#8561,.T.);
#8561 = SURFACE_CURVE('',#8562,(#8567,#8574),.PCURVE_S1.);
#8562 = CIRCLE('',#8563,5.);
#8563 = AXIS2_PLACEMENT_3D('',#8564,#8565,#8566);
#8564 = CARTESIAN_POINT('',(28.284271247462,-28.28427124746,303.));
#8565 = DIRECTION('',(0.,0.,1.));
#8566 = DIRECTION('',(1.,0.,-0.));
#8567 = PCURVE('',#8490,#8568);
#8568 = DEFINITIONAL_REPRESENTATION('',(#8569),#8573);
#8569 = LINE('',#8570,#8571);
#8570 = CARTESIAN_POINT('',(0.,0.));
#8571 = VECTOR('',#8572,1.);
#8572 = DIRECTION('',(1.,0.));
#8573 = ( GEOMETRIC_REPRESENTATION_CONTEXT(2) 
PARAMETRIC_REPRESENTATION_CONTEXT() REPRESENTATION_CONTEXT('2D SPACE',''
  ) );
#8574 = PCURVE('',#8575,#8580);
#8575 = PLANE('',#8576);
#8576 = AXIS2_PLACEMENT_3D('',#8577,#8578,#8579);
#8577 = CARTESIAN_POINT('',(28.284271247462,-28.28427124746,303.));
#8578 = DIRECTION('',(0.,0.,1.));
#8579 = DIRECTION('',(1.,0.,-0.));
#8580 = DEFINITIONAL_REPRESENTATION('',(#8581),#8585);
#8581 = CIRCLE('',#8582,5.);
#8582 = AXIS2_PLACEMENT_2D('',#8583,#8584);
#8583 = CARTESIAN_POINT('',(0.,0.));
#8584 = DIRECTION('',(1.,0.));
#8585 = ( GEOMETRIC_REPRESENTATION_CONTEXT(2) 
PARAMETRIC_REPRESENTATION_CONTEXT() REPRESENTATION_CONTEXT('2D SPACE',''
  ) );
#8586 = ORIENTED_EDGE('',*,*,#8537,.T.);
#8587 = ADVANCED_FACE('',(#8588),#8521,.T.);
#8588 = FACE_BOUND('',#8589,.T.);
#8589 = EDGE_LOOP('',(#8590,#8619,#8640,#8641));
#8590 = ORIENTED_EDGE('',*,*,#8591,.F.);
#8591 = EDGE_CURVE('',#8592,#8592,#8594,.T.);
#8592 = VERTEX_POINT('',#8593);
#8593 = CARTESIAN_POINT('',(32.284271247462,-28.28427124746,310.));
#8594 = SURFACE_CURVE('',#8595,(#8600,#8607),.PCURVE_S1.);
#8595 = CIRCLE('',#8596,4.);
#8596 = AXIS2_PLACEMENT_3D('',#8597,#8598,#8599);
#8597 = CARTESIAN_POINT('',(28.284271247462,-28.28427124746,310.));
#8598 = DIRECTION('',(0.,0.,1.));
#8599 = DIRECTION('',(1.,0.,-0.));
#8600 = PCURVE('',#8521,#8601);
#8601 = DEFINITIONAL_REPRESENTATION('',(#8602),#8606);
#8602 = LINE('',#8603,#8604);
#8603 = CARTESIAN_POINT('',(0.,6.));
#8604 = VECTOR('',#8605,1.);
#8605 = DIRECTION('',(1.,0.));
#8606 = ( GEOMETRIC_REPRESENTATION_CONTEXT(2) 
PARAMETRIC_REPRESENTATION_CONTEXT() REPRESENTATION_CONTEXT('2D SPACE',''
  ) );
#8607 = PCURVE('',#8608,#8613);
#8608 = PLANE('',#8609);
#8609 = AXIS2_PLACEMENT_3D('',#8610,#8611,#8612);
#8610 = CARTESIAN_POINT('',(28.284271247462,-28.28427124746,310.));
#8611 = DIRECTION('',(0.,0.,1.));
#8612 = DIRECTION('',(1.,0.,-0.));
#8613 = DEFINITIONAL_REPRESENTATION('',(#8614),#8618);
#8614 = CIRCLE('',#8615,4.);
#8615 = AXIS2_PLACEMENT_2D('',#8616,#8617);
#8616 = CARTESIAN_POINT('',(0.,0.));
#8617 = DIRECTION('',(1.,0.));
#8618 = ( GEOMETRIC_REPRESENTATION_CONTEXT(2) 
PARAMETRIC_REPRESENTATION_CONTEXT() REPRESENTATION_CONTEXT('2D SPACE',''
  ) );
#8619 = ORIENTED_EDGE('',*,*,#8620,.F.);
#8620 = EDGE_CURVE('',#8505,#8592,#8621,.T.);
#8621 = SEAM_CURVE('',#8622,(#8626,#8633),.PCURVE_S1.);
#8622 = LINE('',#8623,#8624);
#8623 = CARTESIAN_POINT('',(32.284271247462,-28.28427124746,304.));
#8624 = VECTOR('',#8625,1.);
#8625 = DIRECTION('',(0.,0.,1.));
#8626 = PCURVE('',#8521,#8627);
#8627 = DEFINITIONAL_REPRESENTATION('',(#8628),#8632);
#8628 = LINE('',#8629,#8630);
#8629 = CARTESIAN_POINT('',(6.28318530718,-0.));
#8630 = VECTOR('',#8631,1.);
#8631 = DIRECTION('',(0.,1.));
#8632 = ( GEOMETRIC_REPRESENTATION_CONTEXT(2) 
PARAMETRIC_REPRESENTATION_CONTEXT() REPRESENTATION_CONTEXT('2D SPACE',''
  ) );
#8633 = PCURVE('',#8521,#8634);
#8634 = DEFINITIONAL_REPRESENTATION('',(#8635),#8639);
#8635 = LINE('',#8636,#8637);
#8636 = CARTESIAN_POINT('',(0.,-0.));
#8637 = VECTOR('',#8638,1.);
#8638 = DIRECTION('',(0.,1.));
#8639 = ( GEOMETRIC_REPRESENTATION_CONTEXT(2) 
PARAMETRIC_REPRESENTATION_CONTEXT() REPRESENTATION_CONTEXT('2D SPACE',''
  ) );
#8640 = ORIENTED_EDGE('',*,*,#8504,.T.);
#8641 = ORIENTED_EDGE('',*,*,#8620,.T.);
#8642 = ADVANCED_FACE('',(#8643,#8646),#8575,.F.);
#8643 = FACE_BOUND('',#8644,.F.);
#8644 = EDGE_LOOP('',(#8645));
#8645 = ORIENTED_EDGE('',*,*,#8560,.T.);
#8646 = FACE_BOUND('',#8647,.F.);
#8647 = EDGE_LOOP('',(#8648));
#8648 = ORIENTED_EDGE('',*,*,#8649,.F.);
#8649 = EDGE_CURVE('',#8650,#8650,#8652,.T.);
#8650 = VERTEX_POINT('',#8651);
#8651 = CARTESIAN_POINT('',(30.784271247462,-28.28427124746,303.));
#8652 = SURFACE_CURVE('',#8653,(#8658,#8665),.PCURVE_S1.);
#8653 = CIRCLE('',#8654,2.5);
#8654 = AXIS2_PLACEMENT_3D('',#8655,#8656,#8657);
#8655 = CARTESIAN_POINT('',(28.284271247462,-28.28427124746,303.));
#8656 = DIRECTION('',(0.,0.,1.));
#8657 = DIRECTION('',(1.,0.,-0.));
#8658 = PCURVE('',#8575,#8659);
#8659 = DEFINITIONAL_REPRESENTATION('',(#8660),#8664);
#8660 = CIRCLE('',#8661,2.5);
#8661 = AXIS2_PLACEMENT_2D('',#8662,#8663);
#8662 = CARTESIAN_POINT('',(0.,0.));
#8663 = DIRECTION('',(1.,0.));
#8664 = ( GEOMETRIC_REPRESENTATION_CONTEXT(2) 
PARAMETRIC_REPRESENTATION_CONTEXT() REPRESENTATION_CONTEXT('2D SPACE',''
  ) );
#8665 = PCURVE('',#8666,#8671);
#8666 = CYLINDRICAL_SURFACE('',#8667,2.5);
#8667 = AXIS2_PLACEMENT_3D('',#8668,#8669,#8670);
#8668 = CARTESIAN_POINT('',(28.284271247462,-28.28427124746,63.));
#8669 = DIRECTION('',(0.,0.,1.));
#8670 = DIRECTION('',(1.,0.,-0.));
#8671 = DEFINITIONAL_REPRESENTATION('',(#8672),#8676);
#8672 = LINE('',#8673,#8674);
#8673 = CARTESIAN_POINT('',(0.,240.));
#8674 = VECTOR('',#8675,1.);
#8675 = DIRECTION('',(1.,0.));
#8676 = ( GEOMETRIC_REPRESENTATION_CONTEXT(2) 
PARAMETRIC_REPRESENTATION_CONTEXT() REPRESENTATION_CONTEXT('2D SPACE',''
  ) );
#8677 = ADVANCED_FACE('',(#8678),#8608,.T.);
#8678 = FACE_BOUND('',#8679,.T.);
#8679 = EDGE_LOOP('',(#8680));
#8680 = ORIENTED_EDGE('',*,*,#8591,.T.);
#8681 = ADVANCED_FACE('',(#8682),#8666,.T.);
#8682 = FACE_BOUND('',#8683,.T.);
#8683 = EDGE_LOOP('',(#8684,#8685,#8708,#8735));
#8684 = ORIENTED_EDGE('',*,*,#8649,.F.);
#8685 = ORIENTED_EDGE('',*,*,#8686,.F.);
#8686 = EDGE_CURVE('',#8687,#8650,#8689,.T.);
#8687 = VERTEX_POINT('',#8688);
#8688 = CARTESIAN_POINT('',(30.784271247462,-28.28427124746,63.));
#8689 = SEAM_CURVE('',#8690,(#8694,#8701),.PCURVE_S1.);
#8690 = LINE('',#8691,#8692);
#8691 = CARTESIAN_POINT('',(30.784271247462,-28.28427124746,63.));
#8692 = VECTOR('',#8693,1.);
#8693 = DIRECTION('',(0.,0.,1.));
#8694 = PCURVE('',#8666,#8695);
#8695 = DEFINITIONAL_REPRESENTATION('',(#8696),#8700);
#8696 = LINE('',#8697,#8698);
#8697 = CARTESIAN_POINT('',(6.28318530718,-0.));
#8698 = VECTOR('',#8699,1.);
#8699 = DIRECTION('',(0.,1.));
#8700 = ( GEOMETRIC_REPRESENTATION_CONTEXT(2) 
PARAMETRIC_REPRESENTATION_CONTEXT() REPRESENTATION_CONTEXT('2D SPACE',''
  ) );
#8701 = PCURVE('',#8666,#8702);
#8702 = DEFINITIONAL_REPRESENTATION('',(#8703),#8707);
#8703 = LINE('',#8704,#8705);
#8704 = CARTESIAN_POINT('',(0.,-0.));
#8705 = VECTOR('',#8706,1.);
#8706 = DIRECTION('',(0.,1.));
#8707 = ( GEOMETRIC_REPRESENTATION_CONTEXT(2) 
PARAMETRIC_REPRESENTATION_CONTEXT() REPRESENTATION_CONTEXT('2D SPACE',''
  ) );
#8708 = ORIENTED_EDGE('',*,*,#8709,.T.);
#8709 = EDGE_CURVE('',#8687,#8687,#8710,.T.);
#8710 = SURFACE_CURVE('',#8711,(#8716,#8723),.PCURVE_S1.);
#8711 = CIRCLE('',#8712,2.5);
#8712 = AXIS2_PLACEMENT_3D('',#8713,#8714,#8715);
#8713 = CARTESIAN_POINT('',(28.284271247462,-28.28427124746,63.));
#8714 = DIRECTION('',(0.,0.,1.));
#8715 = DIRECTION('',(1.,0.,-0.));
#8716 = PCURVE('',#8666,#8717);
#8717 = DEFINITIONAL_REPRESENTATION('',(#8718),#8722);
#8718 = LINE('',#8719,#8720);
#8719 = CARTESIAN_POINT('',(0.,0.));
#8720 = VECTOR('',#8721,1.);
#8721 = DIRECTION('',(1.,0.));
#8722 = ( GEOMETRIC_REPRESENTATION_CONTEXT(2) 
PARAMETRIC_REPRESENTATION_CONTEXT() REPRESENTATION_CONTEXT('2D SPACE',''
  ) );
#8723 = PCURVE('',#8724,#8729);
#8724 = PLANE('',#8725);
#8725 = AXIS2_PLACEMENT_3D('',#8726,#8727,#8728);
#8726 = CARTESIAN_POINT('',(28.284271247462,-28.28427124746,63.));
#8727 = DIRECTION('',(0.,0.,1.));
#8728 = DIRECTION('',(1.,0.,-0.));
#8729 = DEFINITIONAL_REPRESENTATION('',(#8730),#8734);
#8730 = CIRCLE('',#8731,2.5);
#8731 = AXIS2_PLACEMENT_2D('',#8732,#8733);
#8732 = CARTESIAN_POINT('',(0.,0.));
#8733 = DIRECTION('',(1.,0.));
#8734 = ( GEOMETRIC_REPRESENTATION_CONTEXT(2) 
PARAMETRIC_REPRESENTATION_CONTEXT() REPRESENTATION_CONTEXT('2D SPACE',''
  ) );
#8735 = ORIENTED_EDGE('',*,*,#8686,.T.);
#8736 = ADVANCED_FACE('',(#8737,#8740),#8724,.F.);
#8737 = FACE_BOUND('',#8738,.F.);
#8738 = EDGE_LOOP('',(#8739));
#8739 = ORIENTED_EDGE('',*,*,#8709,.T.);
#8740 = FACE_BOUND('',#8741,.F.);
#8741 = EDGE_LOOP('',(#8742));
#8742 = ORIENTED_EDGE('',*,*,#8743,.F.);
#8743 = EDGE_CURVE('',#8744,#8744,#8746,.T.);
#8744 = VERTEX_POINT('',#8745);
#8745 = CARTESIAN_POINT('',(30.384271247462,-28.28427124746,63.));
#8746 = SURFACE_CURVE('',#8747,(#8752,#8759),.PCURVE_S1.);
#8747 = CIRCLE('',#8748,2.1);
#8748 = AXIS2_PLACEMENT_3D('',#8749,#8750,#8751);
#8749 = CARTESIAN_POINT('',(28.284271247462,-28.28427124746,63.));
#8750 = DIRECTION('',(0.,0.,1.));
#8751 = DIRECTION('',(1.,0.,-0.));
#8752 = PCURVE('',#8724,#8753);
#8753 = DEFINITIONAL_REPRESENTATION('',(#8754),#8758);
#8754 = CIRCLE('',#8755,2.1);
#8755 = AXIS2_PLACEMENT_2D('',#8756,#8757);
#8756 = CARTESIAN_POINT('',(0.,0.));
#8757 = DIRECTION('',(1.,0.));
#8758 = ( GEOMETRIC_REPRESENTATION_CONTEXT(2) 
PARAMETRIC_REPRESENTATION_CONTEXT() REPRESENTATION_CONTEXT('2D SPACE',''
  ) );
#8759 = PCURVE('',#8760,#8765);
#8760 = CYLINDRICAL_SURFACE('',#8761,2.1);
#8761 = AXIS2_PLACEMENT_3D('',#8762,#8763,#8764);
#8762 = CARTESIAN_POINT('',(28.284271247462,-28.28427124746,51.));
#8763 = DIRECTION('',(0.,0.,1.));
#8764 = DIRECTION('',(1.,0.,-0.));
#8765 = DEFINITIONAL_REPRESENTATION('',(#8766),#8770);
#8766 = LINE('',#8767,#8768);
#8767 = CARTESIAN_POINT('',(0.,12.));
#8768 = VECTOR('',#8769,1.);
#8769 = DIRECTION('',(1.,0.));
#8770 = ( GEOMETRIC_REPRESENTATION_CONTEXT(2) 
PARAMETRIC_REPRESENTATION_CONTEXT() REPRESENTATION_CONTEXT('2D SPACE',''
  ) );
#8771 = ADVANCED_FACE('',(#8772),#8760,.T.);
#8772 = FACE_BOUND('',#8773,.T.);
#8773 = EDGE_LOOP('',(#8774,#8775,#8798,#8825));
#8774 = ORIENTED_EDGE('',*,*,#8743,.F.);
#8775 = ORIENTED_EDGE('',*,*,#8776,.F.);
#8776 = EDGE_CURVE('',#8777,#8744,#8779,.T.);
#8777 = VERTEX_POINT('',#8778);
#8778 = CARTESIAN_POINT('',(30.384271247462,-28.28427124746,51.));
#8779 = SEAM_CURVE('',#8780,(#8784,#8791),.PCURVE_S1.);
#8780 = LINE('',#8781,#8782);
#8781 = CARTESIAN_POINT('',(30.384271247462,-28.28427124746,51.));
#8782 = VECTOR('',#8783,1.);
#8783 = DIRECTION('',(0.,0.,1.));
#8784 = PCURVE('',#8760,#8785);
#8785 = DEFINITIONAL_REPRESENTATION('',(#8786),#8790);
#8786 = LINE('',#8787,#8788);
#8787 = CARTESIAN_POINT('',(6.28318530718,-0.));
#8788 = VECTOR('',#8789,1.);
#8789 = DIRECTION('',(0.,1.));
#8790 = ( GEOMETRIC_REPRESENTATION_CONTEXT(2) 
PARAMETRIC_REPRESENTATION_CONTEXT() REPRESENTATION_CONTEXT('2D SPACE',''
  ) );
#8791 = PCURVE('',#8760,#8792);
#8792 = DEFINITIONAL_REPRESENTATION('',(#8793),#8797);
#8793 = LINE('',#8794,#8795);
#8794 = CARTESIAN_POINT('',(0.,-0.));
#8795 = VECTOR('',#8796,1.);
#8796 = DIRECTION('',(0.,1.));
#8797 = ( GEOMETRIC_REPRESENTATION_CONTEXT(2) 
PARAMETRIC_REPRESENTATION_CONTEXT() REPRESENTATION_CONTEXT('2D SPACE',''
  ) );
#8798 = ORIENTED_EDGE('',*,*,#8799,.T.);
#8799 = EDGE_CURVE('',#8777,#8777,#8800,.T.);
#8800 = SURFACE_CURVE('',#8801,(#8806,#8813),.PCURVE_S1.);
#8801 = CIRCLE('',#8802,2.1);
#8802 = AXIS2_PLACEMENT_3D('',#8803,#8804,#8805);
#8803 = CARTESIAN_POINT('',(28.284271247462,-28.28427124746,51.));
#8804 = DIRECTION('',(0.,0.,1.));
#8805 = DIRECTION('',(1.,0.,-0.));
#8806 = PCURVE('',#8760,#8807);
#8807 = DEFINITIONAL_REPRESENTATION('',(#8808),#8812);
#8808 = LINE('',#8809,#8810);
#8809 = CARTESIAN_POINT('',(0.,0.));
#8810 = VECTOR('',#8811,1.);
#8811 = DIRECTION('',(1.,0.));
#8812 = ( GEOMETRIC_REPRESENTATION_CONTEXT(2) 
PARAMETRIC_REPRESENTATION_CONTEXT() REPRESENTATION_CONTEXT('2D SPACE',''
  ) );
#8813 = PCURVE('',#8814,#8819);
#8814 = PLANE('',#8815);
#8815 = AXIS2_PLACEMENT_3D('',#8816,#8817,#8818);
#8816 = CARTESIAN_POINT('',(28.284271247462,-28.28427124746,51.));
#8817 = DIRECTION('',(0.,0.,1.));
#8818 = DIRECTION('',(1.,0.,-0.));
#8819 = DEFINITIONAL_REPRESENTATION('',(#8820),#8824);
#8820 = CIRCLE('',#8821,2.1);
#8821 = AXIS2_PLACEMENT_2D('',#8822,#8823);
#8822 = CARTESIAN_POINT('',(0.,0.));
#8823 = DIRECTION('',(1.,0.));
#8824 = ( GEOMETRIC_REPRESENTATION_CONTEXT(2) 
PARAMETRIC_REPRESENTATION_CONTEXT() REPRESENTATION_CONTEXT('2D SPACE',''
  ) );
#8825 = ORIENTED_EDGE('',*,*,#8776,.T.);
#8826 = ADVANCED_FACE('',(#8827),#8814,.F.);
#8827 = FACE_BOUND('',#8828,.T.);
#8828 = EDGE_LOOP('',(#8829));
#8829 = ORIENTED_EDGE('',*,*,#8799,.F.);
#8830 = ( GEOMETRIC_REPRESENTATION_CONTEXT(3) 
GLOBAL_UNCERTAINTY_ASSIGNED_CONTEXT((#8834)) 
GLOBAL_UNIT_ASSIGNED_CONTEXT((#8831,#8832,#8833)) REPRESENTATION_CONTEXT
('Context #1','3D Context with UNIT and UNCERTAINTY') );
#8831 = ( LENGTH_UNIT() NAMED_UNIT(*) SI_UNIT(.MILLI.,.METRE.) );
#8832 = ( NAMED_UNIT(*) PLANE_ANGLE_UNIT() SI_UNIT($,.RADIAN.) );
#8833 = ( NAMED_UNIT(*) SI_UNIT($,.STERADIAN.) SOLID_ANGLE_UNIT() );
#8834 = UNCERTAINTY_MEASURE_WITH_UNIT(LENGTH_MEASURE(1.E-07),#8831,
  'distance_accuracy_value','confusion accuracy');
#8835 = CONTEXT_DEPENDENT_SHAPE_REPRESENTATION(#8836,#8838);
#8836 = ( REPRESENTATION_RELATIONSHIP('','',#7357,#10) 
REPRESENTATION_RELATIONSHIP_WITH_TRANSFORMATION(#8837) 
SHAPE_REPRESENTATION_RELATIONSHIP() );
#8837 = ITEM_DEFINED_TRANSFORMATION('','',#11,#35);
#8838 = PRODUCT_DEFINITION_SHAPE('Placement','Placement of an item',
  #8839);
#8839 = NEXT_ASSEMBLY_USAGE_OCCURRENCE('6','=>[0:1:1:7]','',#5,#7352,$);
#8840 = PRODUCT_RELATED_PRODUCT_CATEGORY('part',$,(#7354));
#8841 = SHAPE_DEFINITION_REPRESENTATION(#8842,#8848);
#8842 = PRODUCT_DEFINITION_SHAPE('','',#8843);
#8843 = PRODUCT_DEFINITION('design','',#8844,#8847);
#8844 = PRODUCT_DEFINITION_FORMATION('','',#8845);
#8845 = PRODUCT('COMPOUND','COMPOUND','',(#8846));
#8846 = PRODUCT_CONTEXT('',#2,'mechanical');
#8847 = PRODUCT_DEFINITION_CONTEXT('part definition',#2,'design');
#8848 = ADVANCED_BREP_SHAPE_REPRESENTATION('',(#11,#8849),#9535);
#8849 = MANIFOLD_SOLID_BREP('',#8850);
#8850 = CLOSED_SHELL('',(#8851,#8939,#9160,#9346,#9373,#9400,#9427,#9454
    ,#9481,#9508));
#8851 = ADVANCED_FACE('',(#8852),#8865,.T.);
#8852 = FACE_BOUND('',#8853,.T.);
#8853 = EDGE_LOOP('',(#8854,#8888,#8911,#8938));
#8854 = ORIENTED_EDGE('',*,*,#8855,.F.);
#8855 = EDGE_CURVE('',#8856,#8856,#8858,.T.);
#8856 = VERTEX_POINT('',#8857);
#8857 = CARTESIAN_POINT('',(36.,-8.817456953861E-15,35.));
#8858 = SURFACE_CURVE('',#8859,(#8864,#8876),.PCURVE_S1.);
#8859 = CIRCLE('',#8860,36.);
#8860 = AXIS2_PLACEMENT_3D('',#8861,#8862,#8863);
#8861 = CARTESIAN_POINT('',(0.,0.,35.));
#8862 = DIRECTION('',(0.,0.,1.));
#8863 = DIRECTION('',(1.,0.,-0.));
#8864 = PCURVE('',#8865,#8870);
#8865 = CYLINDRICAL_SURFACE('',#8866,36.);
#8866 = AXIS2_PLACEMENT_3D('',#8867,#8868,#8869);
#8867 = CARTESIAN_POINT('',(0.,0.,33.));
#8868 = DIRECTION('',(0.,0.,1.));
#8869 = DIRECTION('',(1.,0.,-0.));
#8870 = DEFINITIONAL_REPRESENTATION('',(#8871),#8875);
#8871 = LINE('',#8872,#8873);
#8872 = CARTESIAN_POINT('',(0.,2.));
#8873 = VECTOR('',#8874,1.);
#8874 = DIRECTION('',(1.,0.));
#8875 = ( GEOMETRIC_REPRESENTATION_CONTEXT(2) 
PARAMETRIC_REPRESENTATION_CONTEXT() REPRESENTATION_CONTEXT('2D SPACE',''
  ) );
#8876 = PCURVE('',#8877,#8882);
#8877 = PLANE('',#8878);
#8878 = AXIS2_PLACEMENT_3D('',#8879,#8880,#8881);
#8879 = CARTESIAN_POINT('',(0.,0.,35.));
#8880 = DIRECTION('',(0.,0.,1.));
#8881 = DIRECTION('',(1.,0.,-0.));
#8882 = DEFINITIONAL_REPRESENTATION('',(#8883),#8887);
#8883 = CIRCLE('',#8884,36.);
#8884 = AXIS2_PLACEMENT_2D('',#8885,#8886);
#8885 = CARTESIAN_POINT('',(0.,0.));
#8886 = DIRECTION('',(1.,0.));
#8887 = ( GEOMETRIC_REPRESENTATION_CONTEXT(2) 
PARAMETRIC_REPRESENTATION_CONTEXT() REPRESENTATION_CONTEXT('2D SPACE',''
  ) );
#8888 = ORIENTED_EDGE('',*,*,#8889,.F.);
#8889 = EDGE_CURVE('',#8890,#8856,#8892,.T.);
#8890 = VERTEX_POINT('',#8891);
#8891 = CARTESIAN_POINT('',(36.,-8.817456953861E-15,33.));
#8892 = SEAM_CURVE('',#8893,(#8897,#8904),.PCURVE_S1.);
#8893 = LINE('',#8894,#8895);
#8894 = CARTESIAN_POINT('',(36.,-8.817456953861E-15,33.));
#8895 = VECTOR('',#8896,1.);
#8896 = DIRECTION('',(0.,0.,1.));
#8897 = PCURVE('',#8865,#8898);
#8898 = DEFINITIONAL_REPRESENTATION('',(#8899),#8903);
#8899 = LINE('',#8900,#8901);
#8900 = CARTESIAN_POINT('',(6.28318530718,-0.));
#8901 = VECTOR('',#8902,1.);
#8902 = DIRECTION('',(0.,1.));
#8903 = ( GEOMETRIC_REPRESENTATION_CONTEXT(2) 
PARAMETRIC_REPRESENTATION_CONTEXT() REPRESENTATION_CONTEXT('2D SPACE',''
  ) );
#8904 = PCURVE('',#8865,#8905);
#8905 = DEFINITIONAL_REPRESENTATION('',(#8906),#8910);
#8906 = LINE('',#8907,#8908);
#8907 = CARTESIAN_POINT('',(0.,-0.));
#8908 = VECTOR('',#8909,1.);
#8909 = DIRECTION('',(0.,1.));
#8910 = ( GEOMETRIC_REPRESENTATION_CONTEXT(2) 
PARAMETRIC_REPRESENTATION_CONTEXT() REPRESENTATION_CONTEXT('2D SPACE',''
  ) );
#8911 = ORIENTED_EDGE('',*,*,#8912,.T.);
#8912 = EDGE_CURVE('',#8890,#8890,#8913,.T.);
#8913 = SURFACE_CURVE('',#8914,(#8919,#8926),.PCURVE_S1.);
#8914 = CIRCLE('',#8915,36.);
#8915 = AXIS2_PLACEMENT_3D('',#8916,#8917,#8918);
#8916 = CARTESIAN_POINT('',(0.,0.,33.));
#8917 = DIRECTION('',(0.,0.,1.));
#8918 = DIRECTION('',(1.,0.,-0.));
#8919 = PCURVE('',#8865,#8920);
#8920 = DEFINITIONAL_REPRESENTATION('',(#8921),#8925);
#8921 = LINE('',#8922,#8923);
#8922 = CARTESIAN_POINT('',(0.,0.));
#8923 = VECTOR('',#8924,1.);
#8924 = DIRECTION('',(1.,0.));
#8925 = ( GEOMETRIC_REPRESENTATION_CONTEXT(2) 
PARAMETRIC_REPRESENTATION_CONTEXT() REPRESENTATION_CONTEXT('2D SPACE',''
  ) );
#8926 = PCURVE('',#8927,#8932);
#8927 = PLANE('',#8928);
#8928 = AXIS2_PLACEMENT_3D('',#8929,#8930,#8931);
#8929 = CARTESIAN_POINT('',(0.,0.,33.));
#8930 = DIRECTION('',(0.,0.,1.));
#8931 = DIRECTION('',(1.,0.,-0.));
#8932 = DEFINITIONAL_REPRESENTATION('',(#8933),#8937);
#8933 = CIRCLE('',#8934,36.);
#8934 = AXIS2_PLACEMENT_2D('',#8935,#8936);
#8935 = CARTESIAN_POINT('',(0.,0.));
#8936 = DIRECTION('',(1.,0.));
#8937 = ( GEOMETRIC_REPRESENTATION_CONTEXT(2) 
PARAMETRIC_REPRESENTATION_CONTEXT() REPRESENTATION_CONTEXT('2D SPACE',''
  ) );
#8938 = ORIENTED_EDGE('',*,*,#8889,.T.);
#8939 = ADVANCED_FACE('',(#8940,#8943,#8974,#9005,#9036,#9067,#9098,
    #9129),#8877,.T.);
#8940 = FACE_BOUND('',#8941,.T.);
#8941 = EDGE_LOOP('',(#8942));
#8942 = ORIENTED_EDGE('',*,*,#8855,.T.);
#8943 = FACE_BOUND('',#8944,.T.);
#8944 = EDGE_LOOP('',(#8945));
#8945 = ORIENTED_EDGE('',*,*,#8946,.F.);
#8946 = EDGE_CURVE('',#8947,#8947,#8949,.T.);
#8947 = VERTEX_POINT('',#8948);
#8948 = CARTESIAN_POINT('',(1.7,-32.5,35.));
#8949 = SURFACE_CURVE('',#8950,(#8955,#8962),.PCURVE_S1.);
#8950 = CIRCLE('',#8951,1.7);
#8951 = AXIS2_PLACEMENT_3D('',#8952,#8953,#8954);
#8952 = CARTESIAN_POINT('',(-5.970153145843E-15,-32.5,35.));
#8953 = DIRECTION('',(0.,0.,1.));
#8954 = DIRECTION('',(1.,0.,-0.));
#8955 = PCURVE('',#8877,#8956);
#8956 = DEFINITIONAL_REPRESENTATION('',(#8957),#8961);
#8957 = CIRCLE('',#8958,1.7);
#8958 = AXIS2_PLACEMENT_2D('',#8959,#8960);
#8959 = CARTESIAN_POINT('',(-5.970153145843E-15,-32.5));
#8960 = DIRECTION('',(1.,0.));
#8961 = ( GEOMETRIC_REPRESENTATION_CONTEXT(2) 
PARAMETRIC_REPRESENTATION_CONTEXT() REPRESENTATION_CONTEXT('2D SPACE',''
  ) );
#8962 = PCURVE('',#8963,#8968);
#8963 = CYLINDRICAL_SURFACE('',#8964,1.7);
#8964 = AXIS2_PLACEMENT_3D('',#8965,#8966,#8967);
#8965 = CARTESIAN_POINT('',(-5.970153145843E-15,-32.5,32.));
#8966 = DIRECTION('',(0.,0.,1.));
#8967 = DIRECTION('',(1.,0.,-0.));
#8968 = DEFINITIONAL_REPRESENTATION('',(#8969),#8973);
#8969 = LINE('',#8970,#8971);
#8970 = CARTESIAN_POINT('',(0.,3.));
#8971 = VECTOR('',#8972,1.);
#8972 = DIRECTION('',(1.,0.));
#8973 = ( GEOMETRIC_REPRESENTATION_CONTEXT(2) 
PARAMETRIC_REPRESENTATION_CONTEXT() REPRESENTATION_CONTEXT('2D SPACE',''
  ) );
#8974 = FACE_BOUND('',#8975,.T.);
#8975 = EDGE_LOOP('',(#8976));
#8976 = ORIENTED_EDGE('',*,*,#8977,.F.);
#8977 = EDGE_CURVE('',#8978,#8978,#8980,.T.);
#8978 = VERTEX_POINT('',#8979);
#8979 = CARTESIAN_POINT('',(-26.44582562299,-16.25,35.));
#8980 = SURFACE_CURVE('',#8981,(#8986,#8993),.PCURVE_S1.);
#8981 = CIRCLE('',#8982,1.7);
#8982 = AXIS2_PLACEMENT_3D('',#8983,#8984,#8985);
#8983 = CARTESIAN_POINT('',(-28.14582562299,-16.25,35.));
#8984 = DIRECTION('',(0.,0.,1.));
#8985 = DIRECTION('',(1.,0.,-0.));
#8986 = PCURVE('',#8877,#8987);
#8987 = DEFINITIONAL_REPRESENTATION('',(#8988),#8992);
#8988 = CIRCLE('',#8989,1.7);
#8989 = AXIS2_PLACEMENT_2D('',#8990,#8991);
#8990 = CARTESIAN_POINT('',(-28.14582562299,-16.25));
#8991 = DIRECTION('',(1.,0.));
#8992 = ( GEOMETRIC_REPRESENTATION_CONTEXT(2) 
PARAMETRIC_REPRESENTATION_CONTEXT() REPRESENTATION_CONTEXT('2D SPACE',''
  ) );
#8993 = PCURVE('',#8994,#8999);
#8994 = CYLINDRICAL_SURFACE('',#8995,1.7);
#8995 = AXIS2_PLACEMENT_3D('',#8996,#8997,#8998);
#8996 = CARTESIAN_POINT('',(-28.14582562299,-16.25,32.));
#8997 = DIRECTION('',(0.,0.,1.));
#8998 = DIRECTION('',(1.,0.,-0.));
#8999 = DEFINITIONAL_REPRESENTATION('',(#9000),#9004);
#9000 = LINE('',#9001,#9002);
#9001 = CARTESIAN_POINT('',(0.,3.));
#9002 = VECTOR('',#9003,1.);
#9003 = DIRECTION('',(1.,0.));
#9004 = ( GEOMETRIC_REPRESENTATION_CONTEXT(2) 
PARAMETRIC_REPRESENTATION_CONTEXT() REPRESENTATION_CONTEXT('2D SPACE',''
  ) );
#9005 = FACE_BOUND('',#9006,.T.);
#9006 = EDGE_LOOP('',(#9007));
#9007 = ORIENTED_EDGE('',*,*,#9008,.F.);
#9008 = EDGE_CURVE('',#9009,#9009,#9011,.T.);
#9009 = VERTEX_POINT('',#9010);
#9010 = CARTESIAN_POINT('',(29.845825622994,-16.25,35.));
#9011 = SURFACE_CURVE('',#9012,(#9017,#9024),.PCURVE_S1.);
#9012 = CIRCLE('',#9013,1.7);
#9013 = AXIS2_PLACEMENT_3D('',#9014,#9015,#9016);
#9014 = CARTESIAN_POINT('',(28.145825622994,-16.25,35.));
#9015 = DIRECTION('',(0.,0.,1.));
#9016 = DIRECTION('',(1.,0.,-0.));
#9017 = PCURVE('',#8877,#9018);
#9018 = DEFINITIONAL_REPRESENTATION('',(#9019),#9023);
#9019 = CIRCLE('',#9020,1.7);
#9020 = AXIS2_PLACEMENT_2D('',#9021,#9022);
#9021 = CARTESIAN_POINT('',(28.145825622994,-16.25));
#9022 = DIRECTION('',(1.,0.));
#9023 = ( GEOMETRIC_REPRESENTATION_CONTEXT(2) 
PARAMETRIC_REPRESENTATION_CONTEXT() REPRESENTATION_CONTEXT('2D SPACE',''
  ) );
#9024 = PCURVE('',#9025,#9030);
#9025 = CYLINDRICAL_SURFACE('',#9026,1.7);
#9026 = AXIS2_PLACEMENT_3D('',#9027,#9028,#9029);
#9027 = CARTESIAN_POINT('',(28.145825622994,-16.25,32.));
#9028 = DIRECTION('',(0.,0.,1.));
#9029 = DIRECTION('',(1.,0.,-0.));
#9030 = DEFINITIONAL_REPRESENTATION('',(#9031),#9035);
#9031 = LINE('',#9032,#9033);
#9032 = CARTESIAN_POINT('',(0.,3.));
#9033 = VECTOR('',#9034,1.);
#9034 = DIRECTION('',(1.,0.));
#9035 = ( GEOMETRIC_REPRESENTATION_CONTEXT(2) 
PARAMETRIC_REPRESENTATION_CONTEXT() REPRESENTATION_CONTEXT('2D SPACE',''
  ) );
#9036 = FACE_BOUND('',#9037,.T.);
#9037 = EDGE_LOOP('',(#9038));
#9038 = ORIENTED_EDGE('',*,*,#9039,.F.);
#9039 = EDGE_CURVE('',#9040,#9040,#9042,.T.);
#9040 = VERTEX_POINT('',#9041);
#9041 = CARTESIAN_POINT('',(-26.44582562299,16.25,35.));
#9042 = SURFACE_CURVE('',#9043,(#9048,#9055),.PCURVE_S1.);
#9043 = CIRCLE('',#9044,1.7);
#9044 = AXIS2_PLACEMENT_3D('',#9045,#9046,#9047);
#9045 = CARTESIAN_POINT('',(-28.14582562299,16.25,35.));
#9046 = DIRECTION('',(0.,0.,1.));
#9047 = DIRECTION('',(1.,0.,-0.));
#9048 = PCURVE('',#8877,#9049);
#9049 = DEFINITIONAL_REPRESENTATION('',(#9050),#9054);
#9050 = CIRCLE('',#9051,1.7);
#9051 = AXIS2_PLACEMENT_2D('',#9052,#9053);
#9052 = CARTESIAN_POINT('',(-28.14582562299,16.25));
#9053 = DIRECTION('',(1.,0.));
#9054 = ( GEOMETRIC_REPRESENTATION_CONTEXT(2) 
PARAMETRIC_REPRESENTATION_CONTEXT() REPRESENTATION_CONTEXT('2D SPACE',''
  ) );
#9055 = PCURVE('',#9056,#9061);
#9056 = CYLINDRICAL_SURFACE('',#9057,1.7);
#9057 = AXIS2_PLACEMENT_3D('',#9058,#9059,#9060);
#9058 = CARTESIAN_POINT('',(-28.14582562299,16.25,32.));
#9059 = DIRECTION('',(0.,0.,1.));
#9060 = DIRECTION('',(1.,0.,-0.));
#9061 = DEFINITIONAL_REPRESENTATION('',(#9062),#9066);
#9062 = LINE('',#9063,#9064);
#9063 = CARTESIAN_POINT('',(0.,3.));
#9064 = VECTOR('',#9065,1.);
#9065 = DIRECTION('',(1.,0.));
#9066 = ( GEOMETRIC_REPRESENTATION_CONTEXT(2) 
PARAMETRIC_REPRESENTATION_CONTEXT() REPRESENTATION_CONTEXT('2D SPACE',''
  ) );
#9067 = FACE_BOUND('',#9068,.T.);
#9068 = EDGE_LOOP('',(#9069));
#9069 = ORIENTED_EDGE('',*,*,#9070,.F.);
#9070 = EDGE_CURVE('',#9071,#9071,#9073,.T.);
#9071 = VERTEX_POINT('',#9072);
#9072 = CARTESIAN_POINT('',(25.5,-6.245698675652E-15,35.));
#9073 = SURFACE_CURVE('',#9074,(#9079,#9086),.PCURVE_S1.);
#9074 = CIRCLE('',#9075,25.5);
#9075 = AXIS2_PLACEMENT_3D('',#9076,#9077,#9078);
#9076 = CARTESIAN_POINT('',(0.,0.,35.));
#9077 = DIRECTION('',(0.,0.,1.));
#9078 = DIRECTION('',(1.,0.,-0.));
#9079 = PCURVE('',#8877,#9080);
#9080 = DEFINITIONAL_REPRESENTATION('',(#9081),#9085);
#9081 = CIRCLE('',#9082,25.5);
#9082 = AXIS2_PLACEMENT_2D('',#9083,#9084);
#9083 = CARTESIAN_POINT('',(0.,0.));
#9084 = DIRECTION('',(1.,0.));
#9085 = ( GEOMETRIC_REPRESENTATION_CONTEXT(2) 
PARAMETRIC_REPRESENTATION_CONTEXT() REPRESENTATION_CONTEXT('2D SPACE',''
  ) );
#9086 = PCURVE('',#9087,#9092);
#9087 = CYLINDRICAL_SURFACE('',#9088,25.5);
#9088 = AXIS2_PLACEMENT_3D('',#9089,#9090,#9091);
#9089 = CARTESIAN_POINT('',(0.,0.,32.));
#9090 = DIRECTION('',(0.,0.,1.));
#9091 = DIRECTION('',(1.,0.,-0.));
#9092 = DEFINITIONAL_REPRESENTATION('',(#9093),#9097);
#9093 = LINE('',#9094,#9095);
#9094 = CARTESIAN_POINT('',(0.,3.));
#9095 = VECTOR('',#9096,1.);
#9096 = DIRECTION('',(1.,0.));
#9097 = ( GEOMETRIC_REPRESENTATION_CONTEXT(2) 
PARAMETRIC_REPRESENTATION_CONTEXT() REPRESENTATION_CONTEXT('2D SPACE',''
  ) );
#9098 = FACE_BOUND('',#9099,.T.);
#9099 = EDGE_LOOP('',(#9100));
#9100 = ORIENTED_EDGE('',*,*,#9101,.F.);
#9101 = EDGE_CURVE('',#9102,#9102,#9104,.T.);
#9102 = VERTEX_POINT('',#9103);
#9103 = CARTESIAN_POINT('',(29.845825622994,16.25,35.));
#9104 = SURFACE_CURVE('',#9105,(#9110,#9117),.PCURVE_S1.);
#9105 = CIRCLE('',#9106,1.7);
#9106 = AXIS2_PLACEMENT_3D('',#9107,#9108,#9109);
#9107 = CARTESIAN_POINT('',(28.145825622994,16.25,35.));
#9108 = DIRECTION('',(0.,0.,1.));
#9109 = DIRECTION('',(1.,0.,-0.));
#9110 = PCURVE('',#8877,#9111);
#9111 = DEFINITIONAL_REPRESENTATION('',(#9112),#9116);
#9112 = CIRCLE('',#9113,1.7);
#9113 = AXIS2_PLACEMENT_2D('',#9114,#9115);
#9114 = CARTESIAN_POINT('',(28.145825622994,16.25));
#9115 = DIRECTION('',(1.,0.));
#9116 = ( GEOMETRIC_REPRESENTATION_CONTEXT(2) 
PARAMETRIC_REPRESENTATION_CONTEXT() REPRESENTATION_CONTEXT('2D SPACE',''
  ) );
#9117 = PCURVE('',#9118,#9123);
#9118 = CYLINDRICAL_SURFACE('',#9119,1.7);
#9119 = AXIS2_PLACEMENT_3D('',#9120,#9121,#9122);
#9120 = CARTESIAN_POINT('',(28.145825622994,16.25,32.));
#9121 = DIRECTION('',(0.,0.,1.));
#9122 = DIRECTION('',(1.,0.,-0.));
#9123 = DEFINITIONAL_REPRESENTATION('',(#9124),#9128);
#9124 = LINE('',#9125,#9126);
#9125 = CARTESIAN_POINT('',(0.,3.));
#9126 = VECTOR('',#9127,1.);
#9127 = DIRECTION('',(1.,0.));
#9128 = ( GEOMETRIC_REPRESENTATION_CONTEXT(2) 
PARAMETRIC_REPRESENTATION_CONTEXT() REPRESENTATION_CONTEXT('2D SPACE',''
  ) );
#9129 = FACE_BOUND('',#9130,.T.);
#9130 = EDGE_LOOP('',(#9131));
#9131 = ORIENTED_EDGE('',*,*,#9132,.F.);
#9132 = EDGE_CURVE('',#9133,#9133,#9135,.T.);
#9133 = VERTEX_POINT('',#9134);
#9134 = CARTESIAN_POINT('',(1.7,32.5,35.));
#9135 = SURFACE_CURVE('',#9136,(#9141,#9148),.PCURVE_S1.);
#9136 = CIRCLE('',#9137,1.7);
#9137 = AXIS2_PLACEMENT_3D('',#9138,#9139,#9140);
#9138 = CARTESIAN_POINT('',(1.990051048614E-15,32.5,35.));
#9139 = DIRECTION('',(0.,0.,1.));
#9140 = DIRECTION('',(1.,0.,-0.));
#9141 = PCURVE('',#8877,#9142);
#9142 = DEFINITIONAL_REPRESENTATION('',(#9143),#9147);
#9143 = CIRCLE('',#9144,1.7);
#9144 = AXIS2_PLACEMENT_2D('',#9145,#9146);
#9145 = CARTESIAN_POINT('',(1.990051048614E-15,32.5));
#9146 = DIRECTION('',(1.,0.));
#9147 = ( GEOMETRIC_REPRESENTATION_CONTEXT(2) 
PARAMETRIC_REPRESENTATION_CONTEXT() REPRESENTATION_CONTEXT('2D SPACE',''
  ) );
#9148 = PCURVE('',#9149,#9154);
#9149 = CYLINDRICAL_SURFACE('',#9150,1.7);
#9150 = AXIS2_PLACEMENT_3D('',#9151,#9152,#9153);
#9151 = CARTESIAN_POINT('',(1.990051048614E-15,32.5,32.));
#9152 = DIRECTION('',(0.,0.,1.));
#9153 = DIRECTION('',(1.,0.,-0.));
#9154 = DEFINITIONAL_REPRESENTATION('',(#9155),#9159);
#9155 = LINE('',#9156,#9157);
#9156 = CARTESIAN_POINT('',(0.,3.));
#9157 = VECTOR('',#9158,1.);
#9158 = DIRECTION('',(1.,0.));
#9159 = ( GEOMETRIC_REPRESENTATION_CONTEXT(2) 
PARAMETRIC_REPRESENTATION_CONTEXT() REPRESENTATION_CONTEXT('2D SPACE',''
  ) );
#9160 = ADVANCED_FACE('',(#9161,#9164,#9190,#9216,#9242,#9268,#9294,
    #9320),#8927,.F.);
#9161 = FACE_BOUND('',#9162,.F.);
#9162 = EDGE_LOOP('',(#9163));
#9163 = ORIENTED_EDGE('',*,*,#8912,.T.);
#9164 = FACE_BOUND('',#9165,.F.);
#9165 = EDGE_LOOP('',(#9166));
#9166 = ORIENTED_EDGE('',*,*,#9167,.F.);
#9167 = EDGE_CURVE('',#9168,#9168,#9170,.T.);
#9168 = VERTEX_POINT('',#9169);
#9169 = CARTESIAN_POINT('',(1.7,-32.5,33.));
#9170 = SURFACE_CURVE('',#9171,(#9176,#9183),.PCURVE_S1.);
#9171 = CIRCLE('',#9172,1.7);
#9172 = AXIS2_PLACEMENT_3D('',#9173,#9174,#9175);
#9173 = CARTESIAN_POINT('',(-5.970153145843E-15,-32.5,33.));
#9174 = DIRECTION('',(0.,0.,1.));
#9175 = DIRECTION('',(1.,0.,-0.));
#9176 = PCURVE('',#8927,#9177);
#9177 = DEFINITIONAL_REPRESENTATION('',(#9178),#9182);
#9178 = CIRCLE('',#9179,1.7);
#9179 = AXIS2_PLACEMENT_2D('',#9180,#9181);
#9180 = CARTESIAN_POINT('',(-5.970153145843E-15,-32.5));
#9181 = DIRECTION('',(1.,0.));
#9182 = ( GEOMETRIC_REPRESENTATION_CONTEXT(2) 
PARAMETRIC_REPRESENTATION_CONTEXT() REPRESENTATION_CONTEXT('2D SPACE',''
  ) );
#9183 = PCURVE('',#8963,#9184);
#9184 = DEFINITIONAL_REPRESENTATION('',(#9185),#9189);
#9185 = LINE('',#9186,#9187);
#9186 = CARTESIAN_POINT('',(0.,1.));
#9187 = VECTOR('',#9188,1.);
#9188 = DIRECTION('',(1.,0.));
#9189 = ( GEOMETRIC_REPRESENTATION_CONTEXT(2) 
PARAMETRIC_REPRESENTATION_CONTEXT() REPRESENTATION_CONTEXT('2D SPACE',''
  ) );
#9190 = FACE_BOUND('',#9191,.F.);
#9191 = EDGE_LOOP('',(#9192));
#9192 = ORIENTED_EDGE('',*,*,#9193,.F.);
#9193 = EDGE_CURVE('',#9194,#9194,#9196,.T.);
#9194 = VERTEX_POINT('',#9195);
#9195 = CARTESIAN_POINT('',(-26.44582562299,-16.25,33.));
#9196 = SURFACE_CURVE('',#9197,(#9202,#9209),.PCURVE_S1.);
#9197 = CIRCLE('',#9198,1.7);
#9198 = AXIS2_PLACEMENT_3D('',#9199,#9200,#9201);
#9199 = CARTESIAN_POINT('',(-28.14582562299,-16.25,33.));
#9200 = DIRECTION('',(0.,0.,1.));
#9201 = DIRECTION('',(1.,0.,-0.));
#9202 = PCURVE('',#8927,#9203);
#9203 = DEFINITIONAL_REPRESENTATION('',(#9204),#9208);
#9204 = CIRCLE('',#9205,1.7);
#9205 = AXIS2_PLACEMENT_2D('',#9206,#9207);
#9206 = CARTESIAN_POINT('',(-28.14582562299,-16.25));
#9207 = DIRECTION('',(1.,0.));
#9208 = ( GEOMETRIC_REPRESENTATION_CONTEXT(2) 
PARAMETRIC_REPRESENTATION_CONTEXT() REPRESENTATION_CONTEXT('2D SPACE',''
  ) );
#9209 = PCURVE('',#8994,#9210);
#9210 = DEFINITIONAL_REPRESENTATION('',(#9211),#9215);
#9211 = LINE('',#9212,#9213);
#9212 = CARTESIAN_POINT('',(0.,1.));
#9213 = VECTOR('',#9214,1.);
#9214 = DIRECTION('',(1.,0.));
#9215 = ( GEOMETRIC_REPRESENTATION_CONTEXT(2) 
PARAMETRIC_REPRESENTATION_CONTEXT() REPRESENTATION_CONTEXT('2D SPACE',''
  ) );
#9216 = FACE_BOUND('',#9217,.F.);
#9217 = EDGE_LOOP('',(#9218));
#9218 = ORIENTED_EDGE('',*,*,#9219,.F.);
#9219 = EDGE_CURVE('',#9220,#9220,#9222,.T.);
#9220 = VERTEX_POINT('',#9221);
#9221 = CARTESIAN_POINT('',(29.845825622994,-16.25,33.));
#9222 = SURFACE_CURVE('',#9223,(#9228,#9235),.PCURVE_S1.);
#9223 = CIRCLE('',#9224,1.7);
#9224 = AXIS2_PLACEMENT_3D('',#9225,#9226,#9227);
#9225 = CARTESIAN_POINT('',(28.145825622994,-16.25,33.));
#9226 = DIRECTION('',(0.,0.,1.));
#9227 = DIRECTION('',(1.,0.,-0.));
#9228 = PCURVE('',#8927,#9229);
#9229 = DEFINITIONAL_REPRESENTATION('',(#9230),#9234);
#9230 = CIRCLE('',#9231,1.7);
#9231 = AXIS2_PLACEMENT_2D('',#9232,#9233);
#9232 = CARTESIAN_POINT('',(28.145825622994,-16.25));
#9233 = DIRECTION('',(1.,0.));
#9234 = ( GEOMETRIC_REPRESENTATION_CONTEXT(2) 
PARAMETRIC_REPRESENTATION_CONTEXT() REPRESENTATION_CONTEXT('2D SPACE',''
  ) );
#9235 = PCURVE('',#9025,#9236);
#9236 = DEFINITIONAL_REPRESENTATION('',(#9237),#9241);
#9237 = LINE('',#9238,#9239);
#9238 = CARTESIAN_POINT('',(0.,1.));
#9239 = VECTOR('',#9240,1.);
#9240 = DIRECTION('',(1.,0.));
#9241 = ( GEOMETRIC_REPRESENTATION_CONTEXT(2) 
PARAMETRIC_REPRESENTATION_CONTEXT() REPRESENTATION_CONTEXT('2D SPACE',''
  ) );
#9242 = FACE_BOUND('',#9243,.F.);
#9243 = EDGE_LOOP('',(#9244));
#9244 = ORIENTED_EDGE('',*,*,#9245,.F.);
#9245 = EDGE_CURVE('',#9246,#9246,#9248,.T.);
#9246 = VERTEX_POINT('',#9247);
#9247 = CARTESIAN_POINT('',(-26.44582562299,16.25,33.));
#9248 = SURFACE_CURVE('',#9249,(#9254,#9261),.PCURVE_S1.);
#9249 = CIRCLE('',#9250,1.7);
#9250 = AXIS2_PLACEMENT_3D('',#9251,#9252,#9253);
#9251 = CARTESIAN_POINT('',(-28.14582562299,16.25,33.));
#9252 = DIRECTION('',(0.,0.,1.));
#9253 = DIRECTION('',(1.,0.,-0.));
#9254 = PCURVE('',#8927,#9255);
#9255 = DEFINITIONAL_REPRESENTATION('',(#9256),#9260);
#9256 = CIRCLE('',#9257,1.7);
#9257 = AXIS2_PLACEMENT_2D('',#9258,#9259);
#9258 = CARTESIAN_POINT('',(-28.14582562299,16.25));
#9259 = DIRECTION('',(1.,0.));
#9260 = ( GEOMETRIC_REPRESENTATION_CONTEXT(2) 
PARAMETRIC_REPRESENTATION_CONTEXT() REPRESENTATION_CONTEXT('2D SPACE',''
  ) );
#9261 = PCURVE('',#9056,#9262);
#9262 = DEFINITIONAL_REPRESENTATION('',(#9263),#9267);
#9263 = LINE('',#9264,#9265);
#9264 = CARTESIAN_POINT('',(0.,1.));
#9265 = VECTOR('',#9266,1.);
#9266 = DIRECTION('',(1.,0.));
#9267 = ( GEOMETRIC_REPRESENTATION_CONTEXT(2) 
PARAMETRIC_REPRESENTATION_CONTEXT() REPRESENTATION_CONTEXT('2D SPACE',''
  ) );
#9268 = FACE_BOUND('',#9269,.F.);
#9269 = EDGE_LOOP('',(#9270));
#9270 = ORIENTED_EDGE('',*,*,#9271,.F.);
#9271 = EDGE_CURVE('',#9272,#9272,#9274,.T.);
#9272 = VERTEX_POINT('',#9273);
#9273 = CARTESIAN_POINT('',(25.5,-6.245698675652E-15,33.));
#9274 = SURFACE_CURVE('',#9275,(#9280,#9287),.PCURVE_S1.);
#9275 = CIRCLE('',#9276,25.5);
#9276 = AXIS2_PLACEMENT_3D('',#9277,#9278,#9279);
#9277 = CARTESIAN_POINT('',(0.,0.,33.));
#9278 = DIRECTION('',(0.,0.,1.));
#9279 = DIRECTION('',(1.,0.,-0.));
#9280 = PCURVE('',#8927,#9281);
#9281 = DEFINITIONAL_REPRESENTATION('',(#9282),#9286);
#9282 = CIRCLE('',#9283,25.5);
#9283 = AXIS2_PLACEMENT_2D('',#9284,#9285);
#9284 = CARTESIAN_POINT('',(0.,0.));
#9285 = DIRECTION('',(1.,0.));
#9286 = ( GEOMETRIC_REPRESENTATION_CONTEXT(2) 
PARAMETRIC_REPRESENTATION_CONTEXT() REPRESENTATION_CONTEXT('2D SPACE',''
  ) );
#9287 = PCURVE('',#9087,#9288);
#9288 = DEFINITIONAL_REPRESENTATION('',(#9289),#9293);
#9289 = LINE('',#9290,#9291);
#9290 = CARTESIAN_POINT('',(0.,1.));
#9291 = VECTOR('',#9292,1.);
#9292 = DIRECTION('',(1.,0.));
#9293 = ( GEOMETRIC_REPRESENTATION_CONTEXT(2) 
PARAMETRIC_REPRESENTATION_CONTEXT() REPRESENTATION_CONTEXT('2D SPACE',''
  ) );
#9294 = FACE_BOUND('',#9295,.F.);
#9295 = EDGE_LOOP('',(#9296));
#9296 = ORIENTED_EDGE('',*,*,#9297,.F.);
#9297 = EDGE_CURVE('',#9298,#9298,#9300,.T.);
#9298 = VERTEX_POINT('',#9299);
#9299 = CARTESIAN_POINT('',(29.845825622994,16.25,33.));
#9300 = SURFACE_CURVE('',#9301,(#9306,#9313),.PCURVE_S1.);
#9301 = CIRCLE('',#9302,1.7);
#9302 = AXIS2_PLACEMENT_3D('',#9303,#9304,#9305);
#9303 = CARTESIAN_POINT('',(28.145825622994,16.25,33.));
#9304 = DIRECTION('',(0.,0.,1.));
#9305 = DIRECTION('',(1.,0.,-0.));
#9306 = PCURVE('',#8927,#9307);
#9307 = DEFINITIONAL_REPRESENTATION('',(#9308),#9312);
#9308 = CIRCLE('',#9309,1.7);
#9309 = AXIS2_PLACEMENT_2D('',#9310,#9311);
#9310 = CARTESIAN_POINT('',(28.145825622994,16.25));
#9311 = DIRECTION('',(1.,0.));
#9312 = ( GEOMETRIC_REPRESENTATION_CONTEXT(2) 
PARAMETRIC_REPRESENTATION_CONTEXT() REPRESENTATION_CONTEXT('2D SPACE',''
  ) );
#9313 = PCURVE('',#9118,#9314);
#9314 = DEFINITIONAL_REPRESENTATION('',(#9315),#9319);
#9315 = LINE('',#9316,#9317);
#9316 = CARTESIAN_POINT('',(0.,1.));
#9317 = VECTOR('',#9318,1.);
#9318 = DIRECTION('',(1.,0.));
#9319 = ( GEOMETRIC_REPRESENTATION_CONTEXT(2) 
PARAMETRIC_REPRESENTATION_CONTEXT() REPRESENTATION_CONTEXT('2D SPACE',''
  ) );
#9320 = FACE_BOUND('',#9321,.F.);
#9321 = EDGE_LOOP('',(#9322));
#9322 = ORIENTED_EDGE('',*,*,#9323,.F.);
#9323 = EDGE_CURVE('',#9324,#9324,#9326,.T.);
#9324 = VERTEX_POINT('',#9325);
#9325 = CARTESIAN_POINT('',(1.7,32.5,33.));
#9326 = SURFACE_CURVE('',#9327,(#9332,#9339),.PCURVE_S1.);
#9327 = CIRCLE('',#9328,1.7);
#9328 = AXIS2_PLACEMENT_3D('',#9329,#9330,#9331);
#9329 = CARTESIAN_POINT('',(1.990051048614E-15,32.5,33.));
#9330 = DIRECTION('',(0.,0.,1.));
#9331 = DIRECTION('',(1.,0.,-0.));
#9332 = PCURVE('',#8927,#9333);
#9333 = DEFINITIONAL_REPRESENTATION('',(#9334),#9338);
#9334 = CIRCLE('',#9335,1.7);
#9335 = AXIS2_PLACEMENT_2D('',#9336,#9337);
#9336 = CARTESIAN_POINT('',(1.990051048614E-15,32.5));
#9337 = DIRECTION('',(1.,0.));
#9338 = ( GEOMETRIC_REPRESENTATION_CONTEXT(2) 
PARAMETRIC_REPRESENTATION_CONTEXT() REPRESENTATION_CONTEXT('2D SPACE',''
  ) );
#9339 = PCURVE('',#9149,#9340);
#9340 = DEFINITIONAL_REPRESENTATION('',(#9341),#9345);
#9341 = LINE('',#9342,#9343);
#9342 = CARTESIAN_POINT('',(0.,1.));
#9343 = VECTOR('',#9344,1.);
#9344 = DIRECTION('',(1.,0.));
#9345 = ( GEOMETRIC_REPRESENTATION_CONTEXT(2) 
PARAMETRIC_REPRESENTATION_CONTEXT() REPRESENTATION_CONTEXT('2D SPACE',''
  ) );
#9346 = ADVANCED_FACE('',(#9347),#8963,.F.);
#9347 = FACE_BOUND('',#9348,.F.);
#9348 = EDGE_LOOP('',(#9349,#9350,#9371,#9372));
#9349 = ORIENTED_EDGE('',*,*,#8946,.F.);
#9350 = ORIENTED_EDGE('',*,*,#9351,.F.);
#9351 = EDGE_CURVE('',#9168,#8947,#9352,.T.);
#9352 = SEAM_CURVE('',#9353,(#9357,#9364),.PCURVE_S1.);
#9353 = LINE('',#9354,#9355);
#9354 = CARTESIAN_POINT('',(1.7,-32.5,32.));
#9355 = VECTOR('',#9356,1.);
#9356 = DIRECTION('',(0.,0.,1.));
#9357 = PCURVE('',#8963,#9358);
#9358 = DEFINITIONAL_REPRESENTATION('',(#9359),#9363);
#9359 = LINE('',#9360,#9361);
#9360 = CARTESIAN_POINT('',(6.28318530718,-0.));
#9361 = VECTOR('',#9362,1.);
#9362 = DIRECTION('',(0.,1.));
#9363 = ( GEOMETRIC_REPRESENTATION_CONTEXT(2) 
PARAMETRIC_REPRESENTATION_CONTEXT() REPRESENTATION_CONTEXT('2D SPACE',''
  ) );
#9364 = PCURVE('',#8963,#9365);
#9365 = DEFINITIONAL_REPRESENTATION('',(#9366),#9370);
#9366 = LINE('',#9367,#9368);
#9367 = CARTESIAN_POINT('',(0.,-0.));
#9368 = VECTOR('',#9369,1.);
#9369 = DIRECTION('',(0.,1.));
#9370 = ( GEOMETRIC_REPRESENTATION_CONTEXT(2) 
PARAMETRIC_REPRESENTATION_CONTEXT() REPRESENTATION_CONTEXT('2D SPACE',''
  ) );
#9371 = ORIENTED_EDGE('',*,*,#9167,.T.);
#9372 = ORIENTED_EDGE('',*,*,#9351,.T.);
#9373 = ADVANCED_FACE('',(#9374),#8994,.F.);
#9374 = FACE_BOUND('',#9375,.F.);
#9375 = EDGE_LOOP('',(#9376,#9377,#9398,#9399));
#9376 = ORIENTED_EDGE('',*,*,#8977,.F.);
#9377 = ORIENTED_EDGE('',*,*,#9378,.F.);
#9378 = EDGE_CURVE('',#9194,#8978,#9379,.T.);
#9379 = SEAM_CURVE('',#9380,(#9384,#9391),.PCURVE_S1.);
#9380 = LINE('',#9381,#9382);
#9381 = CARTESIAN_POINT('',(-26.44582562299,-16.25,32.));
#9382 = VECTOR('',#9383,1.);
#9383 = DIRECTION('',(0.,0.,1.));
#9384 = PCURVE('',#8994,#9385);
#9385 = DEFINITIONAL_REPRESENTATION('',(#9386),#9390);
#9386 = LINE('',#9387,#9388);
#9387 = CARTESIAN_POINT('',(6.28318530718,-0.));
#9388 = VECTOR('',#9389,1.);
#9389 = DIRECTION('',(0.,1.));
#9390 = ( GEOMETRIC_REPRESENTATION_CONTEXT(2) 
PARAMETRIC_REPRESENTATION_CONTEXT() REPRESENTATION_CONTEXT('2D SPACE',''
  ) );
#9391 = PCURVE('',#8994,#9392);
#9392 = DEFINITIONAL_REPRESENTATION('',(#9393),#9397);
#9393 = LINE('',#9394,#9395);
#9394 = CARTESIAN_POINT('',(0.,-0.));
#9395 = VECTOR('',#9396,1.);
#9396 = DIRECTION('',(0.,1.));
#9397 = ( GEOMETRIC_REPRESENTATION_CONTEXT(2) 
PARAMETRIC_REPRESENTATION_CONTEXT() REPRESENTATION_CONTEXT('2D SPACE',''
  ) );
#9398 = ORIENTED_EDGE('',*,*,#9193,.T.);
#9399 = ORIENTED_EDGE('',*,*,#9378,.T.);
#9400 = ADVANCED_FACE('',(#9401),#9025,.F.);
#9401 = FACE_BOUND('',#9402,.F.);
#9402 = EDGE_LOOP('',(#9403,#9404,#9425,#9426));
#9403 = ORIENTED_EDGE('',*,*,#9008,.F.);
#9404 = ORIENTED_EDGE('',*,*,#9405,.F.);
#9405 = EDGE_CURVE('',#9220,#9009,#9406,.T.);
#9406 = SEAM_CURVE('',#9407,(#9411,#9418),.PCURVE_S1.);
#9407 = LINE('',#9408,#9409);
#9408 = CARTESIAN_POINT('',(29.845825622994,-16.25,32.));
#9409 = VECTOR('',#9410,1.);
#9410 = DIRECTION('',(0.,0.,1.));
#9411 = PCURVE('',#9025,#9412);
#9412 = DEFINITIONAL_REPRESENTATION('',(#9413),#9417);
#9413 = LINE('',#9414,#9415);
#9414 = CARTESIAN_POINT('',(6.28318530718,-0.));
#9415 = VECTOR('',#9416,1.);
#9416 = DIRECTION('',(0.,1.));
#9417 = ( GEOMETRIC_REPRESENTATION_CONTEXT(2) 
PARAMETRIC_REPRESENTATION_CONTEXT() REPRESENTATION_CONTEXT('2D SPACE',''
  ) );
#9418 = PCURVE('',#9025,#9419);
#9419 = DEFINITIONAL_REPRESENTATION('',(#9420),#9424);
#9420 = LINE('',#9421,#9422);
#9421 = CARTESIAN_POINT('',(0.,-0.));
#9422 = VECTOR('',#9423,1.);
#9423 = DIRECTION('',(0.,1.));
#9424 = ( GEOMETRIC_REPRESENTATION_CONTEXT(2) 
PARAMETRIC_REPRESENTATION_CONTEXT() REPRESENTATION_CONTEXT('2D SPACE',''
  ) );
#9425 = ORIENTED_EDGE('',*,*,#9219,.T.);
#9426 = ORIENTED_EDGE('',*,*,#9405,.T.);
#9427 = ADVANCED_FACE('',(#9428),#9056,.F.);
#9428 = FACE_BOUND('',#9429,.F.);
#9429 = EDGE_LOOP('',(#9430,#9431,#9452,#9453));
#9430 = ORIENTED_EDGE('',*,*,#9039,.F.);
#9431 = ORIENTED_EDGE('',*,*,#9432,.F.);
#9432 = EDGE_CURVE('',#9246,#9040,#9433,.T.);
#9433 = SEAM_CURVE('',#9434,(#9438,#9445),.PCURVE_S1.);
#9434 = LINE('',#9435,#9436);
#9435 = CARTESIAN_POINT('',(-26.44582562299,16.25,32.));
#9436 = VECTOR('',#9437,1.);
#9437 = DIRECTION('',(0.,0.,1.));
#9438 = PCURVE('',#9056,#9439);
#9439 = DEFINITIONAL_REPRESENTATION('',(#9440),#9444);
#9440 = LINE('',#9441,#9442);
#9441 = CARTESIAN_POINT('',(6.28318530718,-0.));
#9442 = VECTOR('',#9443,1.);
#9443 = DIRECTION('',(0.,1.));
#9444 = ( GEOMETRIC_REPRESENTATION_CONTEXT(2) 
PARAMETRIC_REPRESENTATION_CONTEXT() REPRESENTATION_CONTEXT('2D SPACE',''
  ) );
#9445 = PCURVE('',#9056,#9446);
#9446 = DEFINITIONAL_REPRESENTATION('',(#9447),#9451);
#9447 = LINE('',#9448,#9449);
#9448 = CARTESIAN_POINT('',(0.,-0.));
#9449 = VECTOR('',#9450,1.);
#9450 = DIRECTION('',(0.,1.));
#9451 = ( GEOMETRIC_REPRESENTATION_CONTEXT(2) 
PARAMETRIC_REPRESENTATION_CONTEXT() REPRESENTATION_CONTEXT('2D SPACE',''
  ) );
#9452 = ORIENTED_EDGE('',*,*,#9245,.T.);
#9453 = ORIENTED_EDGE('',*,*,#9432,.T.);
#9454 = ADVANCED_FACE('',(#9455),#9087,.F.);
#9455 = FACE_BOUND('',#9456,.F.);
#9456 = EDGE_LOOP('',(#9457,#9458,#9479,#9480));
#9457 = ORIENTED_EDGE('',*,*,#9070,.F.);
#9458 = ORIENTED_EDGE('',*,*,#9459,.F.);
#9459 = EDGE_CURVE('',#9272,#9071,#9460,.T.);
#9460 = SEAM_CURVE('',#9461,(#9465,#9472),.PCURVE_S1.);
#9461 = LINE('',#9462,#9463);
#9462 = CARTESIAN_POINT('',(25.5,-6.245698675652E-15,32.));
#9463 = VECTOR('',#9464,1.);
#9464 = DIRECTION('',(0.,0.,1.));
#9465 = PCURVE('',#9087,#9466);
#9466 = DEFINITIONAL_REPRESENTATION('',(#9467),#9471);
#9467 = LINE('',#9468,#9469);
#9468 = CARTESIAN_POINT('',(6.28318530718,-0.));
#9469 = VECTOR('',#9470,1.);
#9470 = DIRECTION('',(0.,1.));
#9471 = ( GEOMETRIC_REPRESENTATION_CONTEXT(2) 
PARAMETRIC_REPRESENTATION_CONTEXT() REPRESENTATION_CONTEXT('2D SPACE',''
  ) );
#9472 = PCURVE('',#9087,#9473);
#9473 = DEFINITIONAL_REPRESENTATION('',(#9474),#9478);
#9474 = LINE('',#9475,#9476);
#9475 = CARTESIAN_POINT('',(0.,-0.));
#9476 = VECTOR('',#9477,1.);
#9477 = DIRECTION('',(0.,1.));
#9478 = ( GEOMETRIC_REPRESENTATION_CONTEXT(2) 
PARAMETRIC_REPRESENTATION_CONTEXT() REPRESENTATION_CONTEXT('2D SPACE',''
  ) );
#9479 = ORIENTED_EDGE('',*,*,#9271,.T.);
#9480 = ORIENTED_EDGE('',*,*,#9459,.T.);
#9481 = ADVANCED_FACE('',(#9482),#9118,.F.);
#9482 = FACE_BOUND('',#9483,.F.);
#9483 = EDGE_LOOP('',(#9484,#9485,#9506,#9507));
#9484 = ORIENTED_EDGE('',*,*,#9101,.F.);
#9485 = ORIENTED_EDGE('',*,*,#9486,.F.);
#9486 = EDGE_CURVE('',#9298,#9102,#9487,.T.);
#9487 = SEAM_CURVE('',#9488,(#9492,#9499),.PCURVE_S1.);
#9488 = LINE('',#9489,#9490);
#9489 = CARTESIAN_POINT('',(29.845825622994,16.25,32.));
#9490 = VECTOR('',#9491,1.);
#9491 = DIRECTION('',(0.,0.,1.));
#9492 = PCURVE('',#9118,#9493);
#9493 = DEFINITIONAL_REPRESENTATION('',(#9494),#9498);
#9494 = LINE('',#9495,#9496);
#9495 = CARTESIAN_POINT('',(6.28318530718,-0.));
#9496 = VECTOR('',#9497,1.);
#9497 = DIRECTION('',(0.,1.));
#9498 = ( GEOMETRIC_REPRESENTATION_CONTEXT(2) 
PARAMETRIC_REPRESENTATION_CONTEXT() REPRESENTATION_CONTEXT('2D SPACE',''
  ) );
#9499 = PCURVE('',#9118,#9500);
#9500 = DEFINITIONAL_REPRESENTATION('',(#9501),#9505);
#9501 = LINE('',#9502,#9503);
#9502 = CARTESIAN_POINT('',(0.,-0.));
#9503 = VECTOR('',#9504,1.);
#9504 = DIRECTION('',(0.,1.));
#9505 = ( GEOMETRIC_REPRESENTATION_CONTEXT(2) 
PARAMETRIC_REPRESENTATION_CONTEXT() REPRESENTATION_CONTEXT('2D SPACE',''
  ) );
#9506 = ORIENTED_EDGE('',*,*,#9297,.T.);
#9507 = ORIENTED_EDGE('',*,*,#9486,.T.);
#9508 = ADVANCED_FACE('',(#9509),#9149,.F.);
#9509 = FACE_BOUND('',#9510,.F.);
#9510 = EDGE_LOOP('',(#9511,#9512,#9533,#9534));
#9511 = ORIENTED_EDGE('',*,*,#9132,.F.);
#9512 = ORIENTED_EDGE('',*,*,#9513,.F.);
#9513 = EDGE_CURVE('',#9324,#9133,#9514,.T.);
#9514 = SEAM_CURVE('',#9515,(#9519,#9526),.PCURVE_S1.);
#9515 = LINE('',#9516,#9517);
#9516 = CARTESIAN_POINT('',(1.7,32.5,32.));
#9517 = VECTOR('',#9518,1.);
#9518 = DIRECTION('',(0.,0.,1.));
#9519 = PCURVE('',#9149,#9520);
#9520 = DEFINITIONAL_REPRESENTATION('',(#9521),#9525);
#9521 = LINE('',#9522,#9523);
#9522 = CARTESIAN_POINT('',(6.28318530718,-0.));
#9523 = VECTOR('',#9524,1.);
#9524 = DIRECTION('',(0.,1.));
#9525 = ( GEOMETRIC_REPRESENTATION_CONTEXT(2) 
PARAMETRIC_REPRESENTATION_CONTEXT() REPRESENTATION_CONTEXT('2D SPACE',''
  ) );
#9526 = PCURVE('',#9149,#9527);
#9527 = DEFINITIONAL_REPRESENTATION('',(#9528),#9532);
#9528 = LINE('',#9529,#9530);
#9529 = CARTESIAN_POINT('',(0.,-0.));
#9530 = VECTOR('',#9531,1.);
#9531 = DIRECTION('',(0.,1.));
#9532 = ( GEOMETRIC_REPRESENTATION_CONTEXT(2) 
PARAMETRIC_REPRESENTATION_CONTEXT() REPRESENTATION_CONTEXT('2D SPACE',''
  ) );
#9533 = ORIENTED_EDGE('',*,*,#9323,.T.);
#9534 = ORIENTED_EDGE('',*,*,#9513,.T.);
#9535 = ( GEOMETRIC_REPRESENTATION_CONTEXT(3) 
GLOBAL_UNCERTAINTY_ASSIGNED_CONTEXT((#9539)) 
GLOBAL_UNIT_ASSIGNED_CONTEXT((#9536,#9537,#9538)) REPRESENTATION_CONTEXT
('Context #1','3D Context with UNIT and UNCERTAINTY') );
#9536 = ( LENGTH_UNIT() NAMED_UNIT(*) SI_UNIT(.MILLI.,.METRE.) );
#9537 = ( NAMED_UNIT(*) PLANE_ANGLE_UNIT() SI_UNIT($,.RADIAN.) );
#9538 = ( NAMED_UNIT(*) SI_UNIT($,.STERADIAN.) SOLID_ANGLE_UNIT() );
#9539 = UNCERTAINTY_MEASURE_WITH_UNIT(LENGTH_MEASURE(1.E-07),#9536,
  'distance_accuracy_value','confusion accuracy');
#9540 = CONTEXT_DEPENDENT_SHAPE_REPRESENTATION(#9541,#9543);
#9541 = ( REPRESENTATION_RELATIONSHIP('','',#8848,#10) 
REPRESENTATION_RELATIONSHIP_WITH_TRANSFORMATION(#9542) 
SHAPE_REPRESENTATION_RELATIONSHIP() );
#9542 = ITEM_DEFINED_TRANSFORMATION('','',#11,#39);
#9543 = PRODUCT_DEFINITION_SHAPE('Placement','Placement of an item',
  #9544);
#9544 = NEXT_ASSEMBLY_USAGE_OCCURRENCE('7','=>[0:1:1:8]','',#5,#8843,$);
#9545 = PRODUCT_RELATED_PRODUCT_CATEGORY('part',$,(#8845));
#9546 = SHAPE_DEFINITION_REPRESENTATION(#9547,#9553);
#9547 = PRODUCT_DEFINITION_SHAPE('','',#9548);
#9548 = PRODUCT_DEFINITION('design','',#9549,#9552);
#9549 = PRODUCT_DEFINITION_FORMATION('','',#9550);
#9550 = PRODUCT('COMPOUND','COMPOUND','',(#9551));
#9551 = PRODUCT_CONTEXT('',#2,'mechanical');
#9552 = PRODUCT_DEFINITION_CONTEXT('part definition',#2,'design');
#9553 = ADVANCED_BREP_SHAPE_REPRESENTATION('',(#11,#9554),#9736);
#9554 = MANIFOLD_SOLID_BREP('',#9555);
#9555 = CLOSED_SHELL('',(#9556,#9644,#9679,#9709));
#9556 = ADVANCED_FACE('',(#9557),#9570,.T.);
#9557 = FACE_BOUND('',#9558,.T.);
#9558 = EDGE_LOOP('',(#9559,#9593,#9616,#9643));
#9559 = ORIENTED_EDGE('',*,*,#9560,.F.);
#9560 = EDGE_CURVE('',#9561,#9561,#9563,.T.);
#9561 = VERTEX_POINT('',#9562);
#9562 = CARTESIAN_POINT('',(28.5,-6.98048675514E-15,46.));
#9563 = SURFACE_CURVE('',#9564,(#9569,#9581),.PCURVE_S1.);
#9564 = CIRCLE('',#9565,28.5);
#9565 = AXIS2_PLACEMENT_3D('',#9566,#9567,#9568);
#9566 = CARTESIAN_POINT('',(0.,0.,46.));
#9567 = DIRECTION('',(0.,0.,1.));
#9568 = DIRECTION('',(1.,0.,-0.));
#9569 = PCURVE('',#9570,#9575);
#9570 = CYLINDRICAL_SURFACE('',#9571,28.5);
#9571 = AXIS2_PLACEMENT_3D('',#9572,#9573,#9574);
#9572 = CARTESIAN_POINT('',(0.,0.,45.));
#9573 = DIRECTION('',(0.,0.,1.));
#9574 = DIRECTION('',(1.,0.,-0.));
#9575 = DEFINITIONAL_REPRESENTATION('',(#9576),#9580);
#9576 = LINE('',#9577,#9578);
#9577 = CARTESIAN_POINT('',(0.,1.));
#9578 = VECTOR('',#9579,1.);
#9579 = DIRECTION('',(1.,0.));
#9580 = ( GEOMETRIC_REPRESENTATION_CONTEXT(2) 
PARAMETRIC_REPRESENTATION_CONTEXT() REPRESENTATION_CONTEXT('2D SPACE',''
  ) );
#9581 = PCURVE('',#9582,#9587);
#9582 = PLANE('',#9583);
#9583 = AXIS2_PLACEMENT_3D('',#9584,#9585,#9586);
#9584 = CARTESIAN_POINT('',(0.,0.,46.));
#9585 = DIRECTION('',(0.,0.,1.));
#9586 = DIRECTION('',(1.,0.,-0.));
#9587 = DEFINITIONAL_REPRESENTATION('',(#9588),#9592);
#9588 = CIRCLE('',#9589,28.5);
#9589 = AXIS2_PLACEMENT_2D('',#9590,#9591);
#9590 = CARTESIAN_POINT('',(0.,0.));
#9591 = DIRECTION('',(1.,0.));
#9592 = ( GEOMETRIC_REPRESENTATION_CONTEXT(2) 
PARAMETRIC_REPRESENTATION_CONTEXT() REPRESENTATION_CONTEXT('2D SPACE',''
  ) );
#9593 = ORIENTED_EDGE('',*,*,#9594,.F.);
#9594 = EDGE_CURVE('',#9595,#9561,#9597,.T.);
#9595 = VERTEX_POINT('',#9596);
#9596 = CARTESIAN_POINT('',(28.5,-6.98048675514E-15,45.));
#9597 = SEAM_CURVE('',#9598,(#9602,#9609),.PCURVE_S1.);
#9598 = LINE('',#9599,#9600);
#9599 = CARTESIAN_POINT('',(28.5,-6.98048675514E-15,45.));
#9600 = VECTOR('',#9601,1.);
#9601 = DIRECTION('',(0.,0.,1.));
#9602 = PCURVE('',#9570,#9603);
#9603 = DEFINITIONAL_REPRESENTATION('',(#9604),#9608);
#9604 = LINE('',#9605,#9606);
#9605 = CARTESIAN_POINT('',(6.28318530718,-0.));
#9606 = VECTOR('',#9607,1.);
#9607 = DIRECTION('',(0.,1.));
#9608 = ( GEOMETRIC_REPRESENTATION_CONTEXT(2) 
PARAMETRIC_REPRESENTATION_CONTEXT() REPRESENTATION_CONTEXT('2D SPACE',''
  ) );
#9609 = PCURVE('',#9570,#9610);
#9610 = DEFINITIONAL_REPRESENTATION('',(#9611),#9615);
#9611 = LINE('',#9612,#9613);
#9612 = CARTESIAN_POINT('',(0.,-0.));
#9613 = VECTOR('',#9614,1.);
#9614 = DIRECTION('',(0.,1.));
#9615 = ( GEOMETRIC_REPRESENTATION_CONTEXT(2) 
PARAMETRIC_REPRESENTATION_CONTEXT() REPRESENTATION_CONTEXT('2D SPACE',''
  ) );
#9616 = ORIENTED_EDGE('',*,*,#9617,.T.);
#9617 = EDGE_CURVE('',#9595,#9595,#9618,.T.);
#9618 = SURFACE_CURVE('',#9619,(#9624,#9631),.PCURVE_S1.);
#9619 = CIRCLE('',#9620,28.5);
#9620 = AXIS2_PLACEMENT_3D('',#9621,#9622,#9623);
#9621 = CARTESIAN_POINT('',(0.,0.,45.));
#9622 = DIRECTION('',(0.,0.,1.));
#9623 = DIRECTION('',(1.,0.,-0.));
#9624 = PCURVE('',#9570,#9625);
#9625 = DEFINITIONAL_REPRESENTATION('',(#9626),#9630);
#9626 = LINE('',#9627,#9628);
#9627 = CARTESIAN_POINT('',(0.,0.));
#9628 = VECTOR('',#9629,1.);
#9629 = DIRECTION('',(1.,0.));
#9630 = ( GEOMETRIC_REPRESENTATION_CONTEXT(2) 
PARAMETRIC_REPRESENTATION_CONTEXT() REPRESENTATION_CONTEXT('2D SPACE',''
  ) );
#9631 = PCURVE('',#9632,#9637);
#9632 = PLANE('',#9633);
#9633 = AXIS2_PLACEMENT_3D('',#9634,#9635,#9636);
#9634 = CARTESIAN_POINT('',(0.,0.,45.));
#9635 = DIRECTION('',(0.,0.,1.));
#9636 = DIRECTION('',(1.,0.,-0.));
#9637 = DEFINITIONAL_REPRESENTATION('',(#9638),#9642);
#9638 = CIRCLE('',#9639,28.5);
#9639 = AXIS2_PLACEMENT_2D('',#9640,#9641);
#9640 = CARTESIAN_POINT('',(0.,0.));
#9641 = DIRECTION('',(1.,0.));
#9642 = ( GEOMETRIC_REPRESENTATION_CONTEXT(2) 
PARAMETRIC_REPRESENTATION_CONTEXT() REPRESENTATION_CONTEXT('2D SPACE',''
  ) );
#9643 = ORIENTED_EDGE('',*,*,#9594,.T.);
#9644 = ADVANCED_FACE('',(#9645,#9648),#9582,.T.);
#9645 = FACE_BOUND('',#9646,.T.);
#9646 = EDGE_LOOP('',(#9647));
#9647 = ORIENTED_EDGE('',*,*,#9560,.T.);
#9648 = FACE_BOUND('',#9649,.T.);
#9649 = EDGE_LOOP('',(#9650));
#9650 = ORIENTED_EDGE('',*,*,#9651,.F.);
#9651 = EDGE_CURVE('',#9652,#9652,#9654,.T.);
#9652 = VERTEX_POINT('',#9653);
#9653 = CARTESIAN_POINT('',(25.,-6.123233995737E-15,46.));
#9654 = SURFACE_CURVE('',#9655,(#9660,#9667),.PCURVE_S1.);
#9655 = CIRCLE('',#9656,25.);
#9656 = AXIS2_PLACEMENT_3D('',#9657,#9658,#9659);
#9657 = CARTESIAN_POINT('',(0.,0.,46.));
#9658 = DIRECTION('',(0.,0.,1.));
#9659 = DIRECTION('',(1.,0.,-0.));
#9660 = PCURVE('',#9582,#9661);
#9661 = DEFINITIONAL_REPRESENTATION('',(#9662),#9666);
#9662 = CIRCLE('',#9663,25.);
#9663 = AXIS2_PLACEMENT_2D('',#9664,#9665);
#9664 = CARTESIAN_POINT('',(0.,0.));
#9665 = DIRECTION('',(1.,0.));
#9666 = ( GEOMETRIC_REPRESENTATION_CONTEXT(2) 
PARAMETRIC_REPRESENTATION_CONTEXT() REPRESENTATION_CONTEXT('2D SPACE',''
  ) );
#9667 = PCURVE('',#9668,#9673);
#9668 = CYLINDRICAL_SURFACE('',#9669,25.);
#9669 = AXIS2_PLACEMENT_3D('',#9670,#9671,#9672);
#9670 = CARTESIAN_POINT('',(0.,0.,44.));
#9671 = DIRECTION('',(0.,0.,1.));
#9672 = DIRECTION('',(1.,0.,-0.));
#9673 = DEFINITIONAL_REPRESENTATION('',(#9674),#9678);
#9674 = LINE('',#9675,#9676);
#9675 = CARTESIAN_POINT('',(0.,2.));
#9676 = VECTOR('',#9677,1.);
#9677 = DIRECTION('',(1.,0.));
#9678 = ( GEOMETRIC_REPRESENTATION_CONTEXT(2) 
PARAMETRIC_REPRESENTATION_CONTEXT() REPRESENTATION_CONTEXT('2D SPACE',''
  ) );
#9679 = ADVANCED_FACE('',(#9680,#9683),#9632,.F.);
#9680 = FACE_BOUND('',#9681,.F.);
#9681 = EDGE_LOOP('',(#9682));
#9682 = ORIENTED_EDGE('',*,*,#9617,.T.);
#9683 = FACE_BOUND('',#9684,.F.);
#9684 = EDGE_LOOP('',(#9685));
#9685 = ORIENTED_EDGE('',*,*,#9686,.F.);
#9686 = EDGE_CURVE('',#9687,#9687,#9689,.T.);
#9687 = VERTEX_POINT('',#9688);
#9688 = CARTESIAN_POINT('',(25.,-6.123233995737E-15,45.));
#9689 = SURFACE_CURVE('',#9690,(#9695,#9702),.PCURVE_S1.);
#9690 = CIRCLE('',#9691,25.);
#9691 = AXIS2_PLACEMENT_3D('',#9692,#9693,#9694);
#9692 = CARTESIAN_POINT('',(0.,0.,45.));
#9693 = DIRECTION('',(0.,0.,1.));
#9694 = DIRECTION('',(1.,0.,-0.));
#9695 = PCURVE('',#9632,#9696);
#9696 = DEFINITIONAL_REPRESENTATION('',(#9697),#9701);
#9697 = CIRCLE('',#9698,25.);
#9698 = AXIS2_PLACEMENT_2D('',#9699,#9700);
#9699 = CARTESIAN_POINT('',(0.,0.));
#9700 = DIRECTION('',(1.,0.));
#9701 = ( GEOMETRIC_REPRESENTATION_CONTEXT(2) 
PARAMETRIC_REPRESENTATION_CONTEXT() REPRESENTATION_CONTEXT('2D SPACE',''
  ) );
#9702 = PCURVE('',#9668,#9703);
#9703 = DEFINITIONAL_REPRESENTATION('',(#9704),#9708);
#9704 = LINE('',#9705,#9706);
#9705 = CARTESIAN_POINT('',(0.,1.));
#9706 = VECTOR('',#9707,1.);
#9707 = DIRECTION('',(1.,0.));
#9708 = ( GEOMETRIC_REPRESENTATION_CONTEXT(2) 
PARAMETRIC_REPRESENTATION_CONTEXT() REPRESENTATION_CONTEXT('2D SPACE',''
  ) );
#9709 = ADVANCED_FACE('',(#9710),#9668,.F.);
#9710 = FACE_BOUND('',#9711,.F.);
#9711 = EDGE_LOOP('',(#9712,#9713,#9734,#9735));
#9712 = ORIENTED_EDGE('',*,*,#9651,.F.);
#9713 = ORIENTED_EDGE('',*,*,#9714,.F.);
#9714 = EDGE_CURVE('',#9687,#9652,#9715,.T.);
#9715 = SEAM_CURVE('',#9716,(#9720,#9727),.PCURVE_S1.);
#9716 = LINE('',#9717,#9718);
#9717 = CARTESIAN_POINT('',(25.,-6.123233995737E-15,44.));
#9718 = VECTOR('',#9719,1.);
#9719 = DIRECTION('',(0.,0.,1.));
#9720 = PCURVE('',#9668,#9721);
#9721 = DEFINITIONAL_REPRESENTATION('',(#9722),#9726);
#9722 = LINE('',#9723,#9724);
#9723 = CARTESIAN_POINT('',(6.28318530718,-0.));
#9724 = VECTOR('',#9725,1.);
#9725 = DIRECTION('',(0.,1.));
#9726 = ( GEOMETRIC_REPRESENTATION_CONTEXT(2) 
PARAMETRIC_REPRESENTATION_CONTEXT() REPRESENTATION_CONTEXT('2D SPACE',''
  ) );
#9727 = PCURVE('',#9668,#9728);
#9728 = DEFINITIONAL_REPRESENTATION('',(#9729),#9733);
#9729 = LINE('',#9730,#9731);
#9730 = CARTESIAN_POINT('',(0.,-0.));
#9731 = VECTOR('',#9732,1.);
#9732 = DIRECTION('',(0.,1.));
#9733 = ( GEOMETRIC_REPRESENTATION_CONTEXT(2) 
PARAMETRIC_REPRESENTATION_CONTEXT() REPRESENTATION_CONTEXT('2D SPACE',''
  ) );
#9734 = ORIENTED_EDGE('',*,*,#9686,.T.);
#9735 = ORIENTED_EDGE('',*,*,#9714,.T.);
#9736 = ( GEOMETRIC_REPRESENTATION_CONTEXT(3) 
GLOBAL_UNCERTAINTY_ASSIGNED_CONTEXT((#9740)) 
GLOBAL_UNIT_ASSIGNED_CONTEXT((#9737,#9738,#9739)) REPRESENTATION_CONTEXT
('Context #1','3D Context with UNIT and UNCERTAINTY') );
#9737 = ( LENGTH_UNIT() NAMED_UNIT(*) SI_UNIT(.MILLI.,.METRE.) );
#9738 = ( NAMED_UNIT(*) PLANE_ANGLE_UNIT() SI_UNIT($,.RADIAN.) );
#9739 = ( NAMED_UNIT(*) SI_UNIT($,.STERADIAN.) SOLID_ANGLE_UNIT() );
#9740 = UNCERTAINTY_MEASURE_WITH_UNIT(LENGTH_MEASURE(1.E-07),#9737,
  'distance_accuracy_value','confusion accuracy');
#9741 = CONTEXT_DEPENDENT_SHAPE_REPRESENTATION(#9742,#9744);
#9742 = ( REPRESENTATION_RELATIONSHIP('','',#9553,#10) 
REPRESENTATION_RELATIONSHIP_WITH_TRANSFORMATION(#9743) 
SHAPE_REPRESENTATION_RELATIONSHIP() );
#9743 = ITEM_DEFINED_TRANSFORMATION('','',#11,#43);
#9744 = PRODUCT_DEFINITION_SHAPE('Placement','Placement of an item',
  #9745);
#9745 = NEXT_ASSEMBLY_USAGE_OCCURRENCE('8','=>[0:1:1:9]','',#5,#9548,$);
#9746 = PRODUCT_RELATED_PRODUCT_CATEGORY('part',$,(#9550));
#9747 = SHAPE_DEFINITION_REPRESENTATION(#9748,#9754);
#9748 = PRODUCT_DEFINITION_SHAPE('','',#9749);
#9749 = PRODUCT_DEFINITION('design','',#9750,#9753);
#9750 = PRODUCT_DEFINITION_FORMATION('','',#9751);
#9751 = PRODUCT('COMPOUND','COMPOUND','',(#9752));
#9752 = PRODUCT_CONTEXT('',#2,'mechanical');
#9753 = PRODUCT_DEFINITION_CONTEXT('part definition',#2,'design');
#9754 = SHAPE_REPRESENTATION('',(#11,#9755,#9813),#9871);
#9755 = MANIFOLD_SOLID_BREP('',#9756);
#9756 = CLOSED_SHELL('',(#9757));
#9757 = ADVANCED_FACE('',(#9758),#9771,.T.);
#9758 = FACE_BOUND('',#9759,.T.);
#9759 = EDGE_LOOP('',(#9760,#9789,#9811,#9812));
#9760 = ORIENTED_EDGE('',*,*,#9761,.F.);
#9761 = EDGE_CURVE('',#9762,#9762,#9764,.T.);
#9762 = VERTEX_POINT('',#9763);
#9763 = CARTESIAN_POINT('',(31.85,-7.801000110569E-15,60.35));
#9764 = SEAM_CURVE('',#9765,(#9770,#9782),.PCURVE_S1.);
#9765 = CIRCLE('',#9766,31.85);
#9766 = AXIS2_PLACEMENT_3D('',#9767,#9768,#9769);
#9767 = CARTESIAN_POINT('',(0.,0.,60.35));
#9768 = DIRECTION('',(0.,0.,1.));
#9769 = DIRECTION('',(1.,0.,-0.));
#9770 = PCURVE('',#9771,#9776);
#9771 = TOROIDAL_SURFACE('',#9772,31.2,0.65);
#9772 = AXIS2_PLACEMENT_3D('',#9773,#9774,#9775);
#9773 = CARTESIAN_POINT('',(0.,0.,60.35));
#9774 = DIRECTION('',(0.,0.,1.));
#9775 = DIRECTION('',(1.,0.,-0.));
#9776 = DEFINITIONAL_REPRESENTATION('',(#9777),#9781);
#9777 = LINE('',#9778,#9779);
#9778 = CARTESIAN_POINT('',(0.,6.28318530718));
#9779 = VECTOR('',#9780,1.);
#9780 = DIRECTION('',(1.,0.));
#9781 = ( GEOMETRIC_REPRESENTATION_CONTEXT(2) 
PARAMETRIC_REPRESENTATION_CONTEXT() REPRESENTATION_CONTEXT('2D SPACE',''
  ) );
#9782 = PCURVE('',#9771,#9783);
#9783 = DEFINITIONAL_REPRESENTATION('',(#9784),#9788);
#9784 = LINE('',#9785,#9786);
#9785 = CARTESIAN_POINT('',(0.,0.));
#9786 = VECTOR('',#9787,1.);
#9787 = DIRECTION('',(1.,0.));
#9788 = ( GEOMETRIC_REPRESENTATION_CONTEXT(2) 
PARAMETRIC_REPRESENTATION_CONTEXT() REPRESENTATION_CONTEXT('2D SPACE',''
  ) );
#9789 = ORIENTED_EDGE('',*,*,#9790,.F.);
#9790 = EDGE_CURVE('',#9762,#9762,#9791,.T.);
#9791 = SEAM_CURVE('',#9792,(#9797,#9804),.PCURVE_S1.);
#9792 = CIRCLE('',#9793,0.65);
#9793 = AXIS2_PLACEMENT_3D('',#9794,#9795,#9796);
#9794 = CARTESIAN_POINT('',(31.2,-7.641796026679E-15,60.35));
#9795 = DIRECTION('',(-2.449293598295E-16,-1.,0.));
#9796 = DIRECTION('',(1.,-2.449293598295E-16,0.));
#9797 = PCURVE('',#9771,#9798);
#9798 = DEFINITIONAL_REPRESENTATION('',(#9799),#9803);
#9799 = LINE('',#9800,#9801);
#9800 = CARTESIAN_POINT('',(6.28318530718,-0.));
#9801 = VECTOR('',#9802,1.);
#9802 = DIRECTION('',(0.,1.));
#9803 = ( GEOMETRIC_REPRESENTATION_CONTEXT(2) 
PARAMETRIC_REPRESENTATION_CONTEXT() REPRESENTATION_CONTEXT('2D SPACE',''
  ) );
#9804 = PCURVE('',#9771,#9805);
#9805 = DEFINITIONAL_REPRESENTATION('',(#9806),#9810);
#9806 = LINE('',#9807,#9808);
#9807 = CARTESIAN_POINT('',(0.,-0.));
#9808 = VECTOR('',#9809,1.);
#9809 = DIRECTION('',(0.,1.));
#9810 = ( GEOMETRIC_REPRESENTATION_CONTEXT(2) 
PARAMETRIC_REPRESENTATION_CONTEXT() REPRESENTATION_CONTEXT('2D SPACE',''
  ) );
#9811 = ORIENTED_EDGE('',*,*,#9761,.T.);
#9812 = ORIENTED_EDGE('',*,*,#9790,.T.);
#9813 = MANIFOLD_SOLID_BREP('',#9814);
#9814 = CLOSED_SHELL('',(#9815));
#9815 = ADVANCED_FACE('',(#9816),#9829,.T.);
#9816 = FACE_BOUND('',#9817,.T.);
#9817 = EDGE_LOOP('',(#9818,#9847,#9869,#9870));
#9818 = ORIENTED_EDGE('',*,*,#9819,.F.);
#9819 = EDGE_CURVE('',#9820,#9820,#9822,.T.);
#9820 = VERTEX_POINT('',#9821);
#9821 = CARTESIAN_POINT('',(31.85,-7.801000110569E-15,265.65));
#9822 = SEAM_CURVE('',#9823,(#9828,#9840),.PCURVE_S1.);
#9823 = CIRCLE('',#9824,31.85);
#9824 = AXIS2_PLACEMENT_3D('',#9825,#9826,#9827);
#9825 = CARTESIAN_POINT('',(0.,0.,265.65));
#9826 = DIRECTION('',(0.,0.,1.));
#9827 = DIRECTION('',(1.,0.,-0.));
#9828 = PCURVE('',#9829,#9834);
#9829 = TOROIDAL_SURFACE('',#9830,31.2,0.65);
#9830 = AXIS2_PLACEMENT_3D('',#9831,#9832,#9833);
#9831 = CARTESIAN_POINT('',(0.,0.,265.65));
#9832 = DIRECTION('',(0.,0.,1.));
#9833 = DIRECTION('',(1.,0.,-0.));
#9834 = DEFINITIONAL_REPRESENTATION('',(#9835),#9839);
#9835 = LINE('',#9836,#9837);
#9836 = CARTESIAN_POINT('',(0.,6.28318530718));
#9837 = VECTOR('',#9838,1.);
#9838 = DIRECTION('',(1.,0.));
#9839 = ( GEOMETRIC_REPRESENTATION_CONTEXT(2) 
PARAMETRIC_REPRESENTATION_CONTEXT() REPRESENTATION_CONTEXT('2D SPACE',''
  ) );
#9840 = PCURVE('',#9829,#9841);
#9841 = DEFINITIONAL_REPRESENTATION('',(#9842),#9846);
#9842 = LINE('',#9843,#9844);
#9843 = CARTESIAN_POINT('',(0.,0.));
#9844 = VECTOR('',#9845,1.);
#9845 = DIRECTION('',(1.,0.));
#9846 = ( GEOMETRIC_REPRESENTATION_CONTEXT(2) 
PARAMETRIC_REPRESENTATION_CONTEXT() REPRESENTATION_CONTEXT('2D SPACE',''
  ) );
#9847 = ORIENTED_EDGE('',*,*,#9848,.F.);
#9848 = EDGE_CURVE('',#9820,#9820,#9849,.T.);
#9849 = SEAM_CURVE('',#9850,(#9855,#9862),.PCURVE_S1.);
#9850 = CIRCLE('',#9851,0.65);
#9851 = AXIS2_PLACEMENT_3D('',#9852,#9853,#9854);
#9852 = CARTESIAN_POINT('',(31.2,-7.641796026679E-15,265.65));
#9853 = DIRECTION('',(-2.449293598295E-16,-1.,0.));
#9854 = DIRECTION('',(1.,-2.449293598295E-16,0.));
#9855 = PCURVE('',#9829,#9856);
#9856 = DEFINITIONAL_REPRESENTATION('',(#9857),#9861);
#9857 = LINE('',#9858,#9859);
#9858 = CARTESIAN_POINT('',(6.28318530718,-0.));
#9859 = VECTOR('',#9860,1.);
#9860 = DIRECTION('',(0.,1.));
#9861 = ( GEOMETRIC_REPRESENTATION_CONTEXT(2) 
PARAMETRIC_REPRESENTATION_CONTEXT() REPRESENTATION_CONTEXT('2D SPACE',''
  ) );
#9862 = PCURVE('',#9829,#9863);
#9863 = DEFINITIONAL_REPRESENTATION('',(#9864),#9868);
#9864 = LINE('',#9865,#9866);
#9865 = CARTESIAN_POINT('',(0.,-0.));
#9866 = VECTOR('',#9867,1.);
#9867 = DIRECTION('',(0.,1.));
#9868 = ( GEOMETRIC_REPRESENTATION_CONTEXT(2) 
PARAMETRIC_REPRESENTATION_CONTEXT() REPRESENTATION_CONTEXT('2D SPACE',''
  ) );
#9869 = ORIENTED_EDGE('',*,*,#9819,.T.);
#9870 = ORIENTED_EDGE('',*,*,#9848,.T.);
#9871 = ( GEOMETRIC_REPRESENTATION_CONTEXT(3) 
GLOBAL_UNCERTAINTY_ASSIGNED_CONTEXT((#9875)) 
GLOBAL_UNIT_ASSIGNED_CONTEXT((#9872,#9873,#9874)) REPRESENTATION_CONTEXT
('Context #1','3D Context with UNIT and UNCERTAINTY') );
#9872 = ( LENGTH_UNIT() NAMED_UNIT(*) SI_UNIT(.MILLI.,.METRE.) );
#9873 = ( NAMED_UNIT(*) PLANE_ANGLE_UNIT() SI_UNIT($,.RADIAN.) );
#9874 = ( NAMED_UNIT(*) SI_UNIT($,.STERADIAN.) SOLID_ANGLE_UNIT() );
#9875 = UNCERTAINTY_MEASURE_WITH_UNIT(LENGTH_MEASURE(1.E-07),#9872,
  'distance_accuracy_value','confusion accuracy');
#9876 = CONTEXT_DEPENDENT_SHAPE_REPRESENTATION(#9877,#9879);
#9877 = ( REPRESENTATION_RELATIONSHIP('','',#9754,#10) 
REPRESENTATION_RELATIONSHIP_WITH_TRANSFORMATION(#9878) 
SHAPE_REPRESENTATION_RELATIONSHIP() );
#9878 = ITEM_DEFINED_TRANSFORMATION('','',#11,#47);
#9879 = PRODUCT_DEFINITION_SHAPE('Placement','Placement of an item',
  #9880);
#9880 = NEXT_ASSEMBLY_USAGE_OCCURRENCE('9','=>[0:1:1:10]','',#5,#9749,$
  );
#9881 = PRODUCT_RELATED_PRODUCT_CATEGORY('part',$,(#9751));
#9882 = SHAPE_DEFINITION_REPRESENTATION(#9883,#9889);
#9883 = PRODUCT_DEFINITION_SHAPE('','',#9884);
#9884 = PRODUCT_DEFINITION('design','',#9885,#9888);
#9885 = PRODUCT_DEFINITION_FORMATION('','',#9886);
#9886 = PRODUCT('COMPOUND','COMPOUND','',(#9887));
#9887 = PRODUCT_CONTEXT('',#2,'mechanical');
#9888 = PRODUCT_DEFINITION_CONTEXT('part definition',#2,'design');
#9889 = SHAPE_REPRESENTATION('',(#11,#9890,#10078,#10266,#10454,#10642,
    #10830),#11018);
#9890 = MANIFOLD_SOLID_BREP('',#9891);
#9891 = CLOSED_SHELL('',(#9892,#9980,#10015,#10019,#10074));
#9892 = ADVANCED_FACE('',(#9893),#9907,.T.);
#9893 = FACE_BOUND('',#9894,.T.);
#9894 = EDGE_LOOP('',(#9895,#9925,#9952,#9953));
#9895 = ORIENTED_EDGE('',*,*,#9896,.T.);
#9896 = EDGE_CURVE('',#9897,#9899,#9901,.T.);
#9897 = VERTEX_POINT('',#9898);
#9898 = CARTESIAN_POINT('',(29.395825622994,16.25,34.5));
#9899 = VERTEX_POINT('',#9900);
#9900 = CARTESIAN_POINT('',(29.395825622994,16.25,41.));
#9901 = SEAM_CURVE('',#9902,(#9906,#9918),.PCURVE_S1.);
#9902 = LINE('',#9903,#9904);
#9903 = CARTESIAN_POINT('',(29.395825622994,16.25,33.));
#9904 = VECTOR('',#9905,1.);
#9905 = DIRECTION('',(0.,0.,1.));
#9906 = PCURVE('',#9907,#9912);
#9907 = CYLINDRICAL_SURFACE('',#9908,1.25);
#9908 = AXIS2_PLACEMENT_3D('',#9909,#9910,#9911);
#9909 = CARTESIAN_POINT('',(28.145825622994,16.25,33.));
#9910 = DIRECTION('',(0.,0.,1.));
#9911 = DIRECTION('',(1.,0.,-0.));
#9912 = DEFINITIONAL_REPRESENTATION('',(#9913),#9917);
#9913 = LINE('',#9914,#9915);
#9914 = CARTESIAN_POINT('',(6.28318530718,-0.));
#9915 = VECTOR('',#9916,1.);
#9916 = DIRECTION('',(0.,1.));
#9917 = ( GEOMETRIC_REPRESENTATION_CONTEXT(2) 
PARAMETRIC_REPRESENTATION_CONTEXT() REPRESENTATION_CONTEXT('2D SPACE',''
  ) );
#9918 = PCURVE('',#9907,#9919);
#9919 = DEFINITIONAL_REPRESENTATION('',(#9920),#9924);
#9920 = LINE('',#9921,#9922);
#9921 = CARTESIAN_POINT('',(0.,-0.));
#9922 = VECTOR('',#9923,1.);
#9923 = DIRECTION('',(0.,1.));
#9924 = ( GEOMETRIC_REPRESENTATION_CONTEXT(2) 
PARAMETRIC_REPRESENTATION_CONTEXT() REPRESENTATION_CONTEXT('2D SPACE',''
  ) );
#9925 = ORIENTED_EDGE('',*,*,#9926,.F.);
#9926 = EDGE_CURVE('',#9899,#9899,#9927,.T.);
#9927 = SURFACE_CURVE('',#9928,(#9933,#9940),.PCURVE_S1.);
#9928 = CIRCLE('',#9929,1.25);
#9929 = AXIS2_PLACEMENT_3D('',#9930,#9931,#9932);
#9930 = CARTESIAN_POINT('',(28.145825622994,16.25,41.));
#9931 = DIRECTION('',(0.,0.,1.));
#9932 = DIRECTION('',(1.,0.,-0.));
#9933 = PCURVE('',#9907,#9934);
#9934 = DEFINITIONAL_REPRESENTATION('',(#9935),#9939);
#9935 = LINE('',#9936,#9937);
#9936 = CARTESIAN_POINT('',(0.,8.));
#9937 = VECTOR('',#9938,1.);
#9938 = DIRECTION('',(1.,0.));
#9939 = ( GEOMETRIC_REPRESENTATION_CONTEXT(2) 
PARAMETRIC_REPRESENTATION_CONTEXT() REPRESENTATION_CONTEXT('2D SPACE',''
  ) );
#9940 = PCURVE('',#9941,#9946);
#9941 = PLANE('',#9942);
#9942 = AXIS2_PLACEMENT_3D('',#9943,#9944,#9945);
#9943 = CARTESIAN_POINT('',(28.145825622994,16.25,41.));
#9944 = DIRECTION('',(0.,0.,1.));
#9945 = DIRECTION('',(1.,0.,-0.));
#9946 = DEFINITIONAL_REPRESENTATION('',(#9947),#9951);
#9947 = CIRCLE('',#9948,1.25);
#9948 = AXIS2_PLACEMENT_2D('',#9949,#9950);
#9949 = CARTESIAN_POINT('',(0.,0.));
#9950 = DIRECTION('',(1.,0.));
#9951 = ( GEOMETRIC_REPRESENTATION_CONTEXT(2) 
PARAMETRIC_REPRESENTATION_CONTEXT() REPRESENTATION_CONTEXT('2D SPACE',''
  ) );
#9952 = ORIENTED_EDGE('',*,*,#9896,.F.);
#9953 = ORIENTED_EDGE('',*,*,#9954,.T.);
#9954 = EDGE_CURVE('',#9897,#9897,#9955,.T.);
#9955 = SURFACE_CURVE('',#9956,(#9961,#9968),.PCURVE_S1.);
#9956 = CIRCLE('',#9957,1.25);
#9957 = AXIS2_PLACEMENT_3D('',#9958,#9959,#9960);
#9958 = CARTESIAN_POINT('',(28.145825622994,16.25,34.5));
#9959 = DIRECTION('',(0.,0.,1.));
#9960 = DIRECTION('',(1.,0.,-0.));
#9961 = PCURVE('',#9907,#9962);
#9962 = DEFINITIONAL_REPRESENTATION('',(#9963),#9967);
#9963 = LINE('',#9964,#9965);
#9964 = CARTESIAN_POINT('',(0.,1.5));
#9965 = VECTOR('',#9966,1.);
#9966 = DIRECTION('',(1.,0.));
#9967 = ( GEOMETRIC_REPRESENTATION_CONTEXT(2) 
PARAMETRIC_REPRESENTATION_CONTEXT() REPRESENTATION_CONTEXT('2D SPACE',''
  ) );
#9968 = PCURVE('',#9969,#9974);
#9969 = PLANE('',#9970);
#9970 = AXIS2_PLACEMENT_3D('',#9971,#9972,#9973);
#9971 = CARTESIAN_POINT('',(28.145825622994,16.25,34.5));
#9972 = DIRECTION('',(0.,0.,1.));
#9973 = DIRECTION('',(1.,0.,-0.));
#9974 = DEFINITIONAL_REPRESENTATION('',(#9975),#9979);
#9975 = CIRCLE('',#9976,1.25);
#9976 = AXIS2_PLACEMENT_2D('',#9977,#9978);
#9977 = CARTESIAN_POINT('',(0.,0.));
#9978 = DIRECTION('',(1.,0.));
#9979 = ( GEOMETRIC_REPRESENTATION_CONTEXT(2) 
PARAMETRIC_REPRESENTATION_CONTEXT() REPRESENTATION_CONTEXT('2D SPACE',''
  ) );
#9980 = ADVANCED_FACE('',(#9981,#10012),#9969,.T.);
#9981 = FACE_BOUND('',#9982,.T.);
#9982 = EDGE_LOOP('',(#9983));
#9983 = ORIENTED_EDGE('',*,*,#9984,.T.);
#9984 = EDGE_CURVE('',#9985,#9985,#9987,.T.);
#9985 = VERTEX_POINT('',#9986);
#9986 = CARTESIAN_POINT('',(29.845825622994,16.25,34.5));
#9987 = SURFACE_CURVE('',#9988,(#9993,#10000),.PCURVE_S1.);
#9988 = CIRCLE('',#9989,1.7);
#9989 = AXIS2_PLACEMENT_3D('',#9990,#9991,#9992);
#9990 = CARTESIAN_POINT('',(28.145825622994,16.25,34.5));
#9991 = DIRECTION('',(0.,0.,1.));
#9992 = DIRECTION('',(1.,0.,-0.));
#9993 = PCURVE('',#9969,#9994);
#9994 = DEFINITIONAL_REPRESENTATION('',(#9995),#9999);
#9995 = CIRCLE('',#9996,1.7);
#9996 = AXIS2_PLACEMENT_2D('',#9997,#9998);
#9997 = CARTESIAN_POINT('',(0.,0.));
#9998 = DIRECTION('',(1.,0.));
#9999 = ( GEOMETRIC_REPRESENTATION_CONTEXT(2) 
PARAMETRIC_REPRESENTATION_CONTEXT() REPRESENTATION_CONTEXT('2D SPACE',''
  ) );
#10000 = PCURVE('',#10001,#10006);
#10001 = CYLINDRICAL_SURFACE('',#10002,1.7);
#10002 = AXIS2_PLACEMENT_3D('',#10003,#10004,#10005);
#10003 = CARTESIAN_POINT('',(28.145825622994,16.25,33.));
#10004 = DIRECTION('',(0.,0.,1.));
#10005 = DIRECTION('',(1.,0.,-0.));
#10006 = DEFINITIONAL_REPRESENTATION('',(#10007),#10011);
#10007 = LINE('',#10008,#10009);
#10008 = CARTESIAN_POINT('',(0.,1.5));
#10009 = VECTOR('',#10010,1.);
#10010 = DIRECTION('',(1.,0.));
#10011 = ( GEOMETRIC_REPRESENTATION_CONTEXT(2) 
PARAMETRIC_REPRESENTATION_CONTEXT() REPRESENTATION_CONTEXT('2D SPACE',''
  ) );
#10012 = FACE_BOUND('',#10013,.T.);
#10013 = EDGE_LOOP('',(#10014));
#10014 = ORIENTED_EDGE('',*,*,#9954,.F.);
#10015 = ADVANCED_FACE('',(#10016),#9941,.T.);
#10016 = FACE_BOUND('',#10017,.T.);
#10017 = EDGE_LOOP('',(#10018));
#10018 = ORIENTED_EDGE('',*,*,#9926,.T.);
#10019 = ADVANCED_FACE('',(#10020),#10001,.T.);
#10020 = FACE_BOUND('',#10021,.T.);
#10021 = EDGE_LOOP('',(#10022,#10023,#10046,#10073));
#10022 = ORIENTED_EDGE('',*,*,#9984,.F.);
#10023 = ORIENTED_EDGE('',*,*,#10024,.F.);
#10024 = EDGE_CURVE('',#10025,#9985,#10027,.T.);
#10025 = VERTEX_POINT('',#10026);
#10026 = CARTESIAN_POINT('',(29.845825622994,16.25,33.));
#10027 = SEAM_CURVE('',#10028,(#10032,#10039),.PCURVE_S1.);
#10028 = LINE('',#10029,#10030);
#10029 = CARTESIAN_POINT('',(29.845825622994,16.25,33.));
#10030 = VECTOR('',#10031,1.);
#10031 = DIRECTION('',(0.,0.,1.));
#10032 = PCURVE('',#10001,#10033);
#10033 = DEFINITIONAL_REPRESENTATION('',(#10034),#10038);
#10034 = LINE('',#10035,#10036);
#10035 = CARTESIAN_POINT('',(6.28318530718,-0.));
#10036 = VECTOR('',#10037,1.);
#10037 = DIRECTION('',(0.,1.));
#10038 = ( GEOMETRIC_REPRESENTATION_CONTEXT(2) 
PARAMETRIC_REPRESENTATION_CONTEXT() REPRESENTATION_CONTEXT('2D SPACE',''
  ) );
#10039 = PCURVE('',#10001,#10040);
#10040 = DEFINITIONAL_REPRESENTATION('',(#10041),#10045);
#10041 = LINE('',#10042,#10043);
#10042 = CARTESIAN_POINT('',(0.,-0.));
#10043 = VECTOR('',#10044,1.);
#10044 = DIRECTION('',(0.,1.));
#10045 = ( GEOMETRIC_REPRESENTATION_CONTEXT(2) 
PARAMETRIC_REPRESENTATION_CONTEXT() REPRESENTATION_CONTEXT('2D SPACE',''
  ) );
#10046 = ORIENTED_EDGE('',*,*,#10047,.T.);
#10047 = EDGE_CURVE('',#10025,#10025,#10048,.T.);
#10048 = SURFACE_CURVE('',#10049,(#10054,#10061),.PCURVE_S1.);
#10049 = CIRCLE('',#10050,1.7);
#10050 = AXIS2_PLACEMENT_3D('',#10051,#10052,#10053);
#10051 = CARTESIAN_POINT('',(28.145825622994,16.25,33.));
#10052 = DIRECTION('',(0.,0.,1.));
#10053 = DIRECTION('',(1.,0.,-0.));
#10054 = PCURVE('',#10001,#10055);
#10055 = DEFINITIONAL_REPRESENTATION('',(#10056),#10060);
#10056 = LINE('',#10057,#10058);
#10057 = CARTESIAN_POINT('',(0.,0.));
#10058 = VECTOR('',#10059,1.);
#10059 = DIRECTION('',(1.,0.));
#10060 = ( GEOMETRIC_REPRESENTATION_CONTEXT(2) 
PARAMETRIC_REPRESENTATION_CONTEXT() REPRESENTATION_CONTEXT('2D SPACE',''
  ) );
#10061 = PCURVE('',#10062,#10067);
#10062 = PLANE('',#10063);
#10063 = AXIS2_PLACEMENT_3D('',#10064,#10065,#10066);
#10064 = CARTESIAN_POINT('',(28.145825622994,16.25,33.));
#10065 = DIRECTION('',(0.,0.,1.));
#10066 = DIRECTION('',(1.,0.,-0.));
#10067 = DEFINITIONAL_REPRESENTATION('',(#10068),#10072);
#10068 = CIRCLE('',#10069,1.7);
#10069 = AXIS2_PLACEMENT_2D('',#10070,#10071);
#10070 = CARTESIAN_POINT('',(0.,0.));
#10071 = DIRECTION('',(1.,0.));
#10072 = ( GEOMETRIC_REPRESENTATION_CONTEXT(2) 
PARAMETRIC_REPRESENTATION_CONTEXT() REPRESENTATION_CONTEXT('2D SPACE',''
  ) );
#10073 = ORIENTED_EDGE('',*,*,#10024,.T.);
#10074 = ADVANCED_FACE('',(#10075),#10062,.F.);
#10075 = FACE_BOUND('',#10076,.F.);
#10076 = EDGE_LOOP('',(#10077));
#10077 = ORIENTED_EDGE('',*,*,#10047,.T.);
#10078 = MANIFOLD_SOLID_BREP('',#10079);
#10079 = CLOSED_SHELL('',(#10080,#10168,#10203,#10207,#10262));
#10080 = ADVANCED_FACE('',(#10081),#10095,.T.);
#10081 = FACE_BOUND('',#10082,.T.);
#10082 = EDGE_LOOP('',(#10083,#10113,#10140,#10141));
#10083 = ORIENTED_EDGE('',*,*,#10084,.T.);
#10084 = EDGE_CURVE('',#10085,#10087,#10089,.T.);
#10085 = VERTEX_POINT('',#10086);
#10086 = CARTESIAN_POINT('',(1.25,32.5,34.5));
#10087 = VERTEX_POINT('',#10088);
#10088 = CARTESIAN_POINT('',(1.25,32.5,41.));
#10089 = SEAM_CURVE('',#10090,(#10094,#10106),.PCURVE_S1.);
#10090 = LINE('',#10091,#10092);
#10091 = CARTESIAN_POINT('',(1.25,32.5,33.));
#10092 = VECTOR('',#10093,1.);
#10093 = DIRECTION('',(0.,0.,1.));
#10094 = PCURVE('',#10095,#10100);
#10095 = CYLINDRICAL_SURFACE('',#10096,1.25);
#10096 = AXIS2_PLACEMENT_3D('',#10097,#10098,#10099);
#10097 = CARTESIAN_POINT('',(1.990051048614E-15,32.5,33.));
#10098 = DIRECTION('',(0.,0.,1.));
#10099 = DIRECTION('',(1.,0.,-0.));
#10100 = DEFINITIONAL_REPRESENTATION('',(#10101),#10105);
#10101 = LINE('',#10102,#10103);
#10102 = CARTESIAN_POINT('',(6.28318530718,-0.));
#10103 = VECTOR('',#10104,1.);
#10104 = DIRECTION('',(0.,1.));
#10105 = ( GEOMETRIC_REPRESENTATION_CONTEXT(2) 
PARAMETRIC_REPRESENTATION_CONTEXT() REPRESENTATION_CONTEXT('2D SPACE',''
  ) );
#10106 = PCURVE('',#10095,#10107);
#10107 = DEFINITIONAL_REPRESENTATION('',(#10108),#10112);
#10108 = LINE('',#10109,#10110);
#10109 = CARTESIAN_POINT('',(0.,-0.));
#10110 = VECTOR('',#10111,1.);
#10111 = DIRECTION('',(0.,1.));
#10112 = ( GEOMETRIC_REPRESENTATION_CONTEXT(2) 
PARAMETRIC_REPRESENTATION_CONTEXT() REPRESENTATION_CONTEXT('2D SPACE',''
  ) );
#10113 = ORIENTED_EDGE('',*,*,#10114,.F.);
#10114 = EDGE_CURVE('',#10087,#10087,#10115,.T.);
#10115 = SURFACE_CURVE('',#10116,(#10121,#10128),.PCURVE_S1.);
#10116 = CIRCLE('',#10117,1.25);
#10117 = AXIS2_PLACEMENT_3D('',#10118,#10119,#10120);
#10118 = CARTESIAN_POINT('',(1.990051048614E-15,32.5,41.));
#10119 = DIRECTION('',(0.,0.,1.));
#10120 = DIRECTION('',(1.,0.,-0.));
#10121 = PCURVE('',#10095,#10122);
#10122 = DEFINITIONAL_REPRESENTATION('',(#10123),#10127);
#10123 = LINE('',#10124,#10125);
#10124 = CARTESIAN_POINT('',(0.,8.));
#10125 = VECTOR('',#10126,1.);
#10126 = DIRECTION('',(1.,0.));
#10127 = ( GEOMETRIC_REPRESENTATION_CONTEXT(2) 
PARAMETRIC_REPRESENTATION_CONTEXT() REPRESENTATION_CONTEXT('2D SPACE',''
  ) );
#10128 = PCURVE('',#10129,#10134);
#10129 = PLANE('',#10130);
#10130 = AXIS2_PLACEMENT_3D('',#10131,#10132,#10133);
#10131 = CARTESIAN_POINT('',(1.990051048614E-15,32.5,41.));
#10132 = DIRECTION('',(0.,0.,1.));
#10133 = DIRECTION('',(1.,0.,-0.));
#10134 = DEFINITIONAL_REPRESENTATION('',(#10135),#10139);
#10135 = CIRCLE('',#10136,1.25);
#10136 = AXIS2_PLACEMENT_2D('',#10137,#10138);
#10137 = CARTESIAN_POINT('',(0.,0.));
#10138 = DIRECTION('',(1.,0.));
#10139 = ( GEOMETRIC_REPRESENTATION_CONTEXT(2) 
PARAMETRIC_REPRESENTATION_CONTEXT() REPRESENTATION_CONTEXT('2D SPACE',''
  ) );
#10140 = ORIENTED_EDGE('',*,*,#10084,.F.);
#10141 = ORIENTED_EDGE('',*,*,#10142,.T.);
#10142 = EDGE_CURVE('',#10085,#10085,#10143,.T.);
#10143 = SURFACE_CURVE('',#10144,(#10149,#10156),.PCURVE_S1.);
#10144 = CIRCLE('',#10145,1.25);
#10145 = AXIS2_PLACEMENT_3D('',#10146,#10147,#10148);
#10146 = CARTESIAN_POINT('',(1.990051048614E-15,32.5,34.5));
#10147 = DIRECTION('',(0.,0.,1.));
#10148 = DIRECTION('',(1.,0.,-0.));
#10149 = PCURVE('',#10095,#10150);
#10150 = DEFINITIONAL_REPRESENTATION('',(#10151),#10155);
#10151 = LINE('',#10152,#10153);
#10152 = CARTESIAN_POINT('',(0.,1.5));
#10153 = VECTOR('',#10154,1.);
#10154 = DIRECTION('',(1.,0.));
#10155 = ( GEOMETRIC_REPRESENTATION_CONTEXT(2) 
PARAMETRIC_REPRESENTATION_CONTEXT() REPRESENTATION_CONTEXT('2D SPACE',''
  ) );
#10156 = PCURVE('',#10157,#10162);
#10157 = PLANE('',#10158);
#10158 = AXIS2_PLACEMENT_3D('',#10159,#10160,#10161);
#10159 = CARTESIAN_POINT('',(1.990051048614E-15,32.5,34.5));
#10160 = DIRECTION('',(0.,0.,1.));
#10161 = DIRECTION('',(1.,0.,-0.));
#10162 = DEFINITIONAL_REPRESENTATION('',(#10163),#10167);
#10163 = CIRCLE('',#10164,1.25);
#10164 = AXIS2_PLACEMENT_2D('',#10165,#10166);
#10165 = CARTESIAN_POINT('',(0.,0.));
#10166 = DIRECTION('',(1.,0.));
#10167 = ( GEOMETRIC_REPRESENTATION_CONTEXT(2) 
PARAMETRIC_REPRESENTATION_CONTEXT() REPRESENTATION_CONTEXT('2D SPACE',''
  ) );
#10168 = ADVANCED_FACE('',(#10169,#10200),#10157,.T.);
#10169 = FACE_BOUND('',#10170,.T.);
#10170 = EDGE_LOOP('',(#10171));
#10171 = ORIENTED_EDGE('',*,*,#10172,.T.);
#10172 = EDGE_CURVE('',#10173,#10173,#10175,.T.);
#10173 = VERTEX_POINT('',#10174);
#10174 = CARTESIAN_POINT('',(1.7,32.5,34.5));
#10175 = SURFACE_CURVE('',#10176,(#10181,#10188),.PCURVE_S1.);
#10176 = CIRCLE('',#10177,1.7);
#10177 = AXIS2_PLACEMENT_3D('',#10178,#10179,#10180);
#10178 = CARTESIAN_POINT('',(1.990051048614E-15,32.5,34.5));
#10179 = DIRECTION('',(0.,0.,1.));
#10180 = DIRECTION('',(1.,0.,-0.));
#10181 = PCURVE('',#10157,#10182);
#10182 = DEFINITIONAL_REPRESENTATION('',(#10183),#10187);
#10183 = CIRCLE('',#10184,1.7);
#10184 = AXIS2_PLACEMENT_2D('',#10185,#10186);
#10185 = CARTESIAN_POINT('',(0.,0.));
#10186 = DIRECTION('',(1.,0.));
#10187 = ( GEOMETRIC_REPRESENTATION_CONTEXT(2) 
PARAMETRIC_REPRESENTATION_CONTEXT() REPRESENTATION_CONTEXT('2D SPACE',''
  ) );
#10188 = PCURVE('',#10189,#10194);
#10189 = CYLINDRICAL_SURFACE('',#10190,1.7);
#10190 = AXIS2_PLACEMENT_3D('',#10191,#10192,#10193);
#10191 = CARTESIAN_POINT('',(1.990051048614E-15,32.5,33.));
#10192 = DIRECTION('',(0.,0.,1.));
#10193 = DIRECTION('',(1.,0.,-0.));
#10194 = DEFINITIONAL_REPRESENTATION('',(#10195),#10199);
#10195 = LINE('',#10196,#10197);
#10196 = CARTESIAN_POINT('',(0.,1.5));
#10197 = VECTOR('',#10198,1.);
#10198 = DIRECTION('',(1.,0.));
#10199 = ( GEOMETRIC_REPRESENTATION_CONTEXT(2) 
PARAMETRIC_REPRESENTATION_CONTEXT() REPRESENTATION_CONTEXT('2D SPACE',''
  ) );
#10200 = FACE_BOUND('',#10201,.T.);
#10201 = EDGE_LOOP('',(#10202));
#10202 = ORIENTED_EDGE('',*,*,#10142,.F.);
#10203 = ADVANCED_FACE('',(#10204),#10129,.T.);
#10204 = FACE_BOUND('',#10205,.T.);
#10205 = EDGE_LOOP('',(#10206));
#10206 = ORIENTED_EDGE('',*,*,#10114,.T.);
#10207 = ADVANCED_FACE('',(#10208),#10189,.T.);
#10208 = FACE_BOUND('',#10209,.T.);
#10209 = EDGE_LOOP('',(#10210,#10211,#10234,#10261));
#10210 = ORIENTED_EDGE('',*,*,#10172,.F.);
#10211 = ORIENTED_EDGE('',*,*,#10212,.F.);
#10212 = EDGE_CURVE('',#10213,#10173,#10215,.T.);
#10213 = VERTEX_POINT('',#10214);
#10214 = CARTESIAN_POINT('',(1.7,32.5,33.));
#10215 = SEAM_CURVE('',#10216,(#10220,#10227),.PCURVE_S1.);
#10216 = LINE('',#10217,#10218);
#10217 = CARTESIAN_POINT('',(1.7,32.5,33.));
#10218 = VECTOR('',#10219,1.);
#10219 = DIRECTION('',(0.,0.,1.));
#10220 = PCURVE('',#10189,#10221);
#10221 = DEFINITIONAL_REPRESENTATION('',(#10222),#10226);
#10222 = LINE('',#10223,#10224);
#10223 = CARTESIAN_POINT('',(6.28318530718,-0.));
#10224 = VECTOR('',#10225,1.);
#10225 = DIRECTION('',(0.,1.));
#10226 = ( GEOMETRIC_REPRESENTATION_CONTEXT(2) 
PARAMETRIC_REPRESENTATION_CONTEXT() REPRESENTATION_CONTEXT('2D SPACE',''
  ) );
#10227 = PCURVE('',#10189,#10228);
#10228 = DEFINITIONAL_REPRESENTATION('',(#10229),#10233);
#10229 = LINE('',#10230,#10231);
#10230 = CARTESIAN_POINT('',(0.,-0.));
#10231 = VECTOR('',#10232,1.);
#10232 = DIRECTION('',(0.,1.));
#10233 = ( GEOMETRIC_REPRESENTATION_CONTEXT(2) 
PARAMETRIC_REPRESENTATION_CONTEXT() REPRESENTATION_CONTEXT('2D SPACE',''
  ) );
#10234 = ORIENTED_EDGE('',*,*,#10235,.T.);
#10235 = EDGE_CURVE('',#10213,#10213,#10236,.T.);
#10236 = SURFACE_CURVE('',#10237,(#10242,#10249),.PCURVE_S1.);
#10237 = CIRCLE('',#10238,1.7);
#10238 = AXIS2_PLACEMENT_3D('',#10239,#10240,#10241);
#10239 = CARTESIAN_POINT('',(1.990051048614E-15,32.5,33.));
#10240 = DIRECTION('',(0.,0.,1.));
#10241 = DIRECTION('',(1.,0.,-0.));
#10242 = PCURVE('',#10189,#10243);
#10243 = DEFINITIONAL_REPRESENTATION('',(#10244),#10248);
#10244 = LINE('',#10245,#10246);
#10245 = CARTESIAN_POINT('',(0.,0.));
#10246 = VECTOR('',#10247,1.);
#10247 = DIRECTION('',(1.,0.));
#10248 = ( GEOMETRIC_REPRESENTATION_CONTEXT(2) 
PARAMETRIC_REPRESENTATION_CONTEXT() REPRESENTATION_CONTEXT('2D SPACE',''
  ) );
#10249 = PCURVE('',#10250,#10255);
#10250 = PLANE('',#10251);
#10251 = AXIS2_PLACEMENT_3D('',#10252,#10253,#10254);
#10252 = CARTESIAN_POINT('',(1.990051048614E-15,32.5,33.));
#10253 = DIRECTION('',(0.,0.,1.));
#10254 = DIRECTION('',(1.,0.,-0.));
#10255 = DEFINITIONAL_REPRESENTATION('',(#10256),#10260);
#10256 = CIRCLE('',#10257,1.7);
#10257 = AXIS2_PLACEMENT_2D('',#10258,#10259);
#10258 = CARTESIAN_POINT('',(0.,0.));
#10259 = DIRECTION('',(1.,0.));
#10260 = ( GEOMETRIC_REPRESENTATION_CONTEXT(2) 
PARAMETRIC_REPRESENTATION_CONTEXT() REPRESENTATION_CONTEXT('2D SPACE',''
  ) );
#10261 = ORIENTED_EDGE('',*,*,#10212,.T.);
#10262 = ADVANCED_FACE('',(#10263),#10250,.F.);
#10263 = FACE_BOUND('',#10264,.F.);
#10264 = EDGE_LOOP('',(#10265));
#10265 = ORIENTED_EDGE('',*,*,#10235,.T.);
#10266 = MANIFOLD_SOLID_BREP('',#10267);
#10267 = CLOSED_SHELL('',(#10268,#10356,#10391,#10395,#10450));
#10268 = ADVANCED_FACE('',(#10269),#10283,.T.);
#10269 = FACE_BOUND('',#10270,.T.);
#10270 = EDGE_LOOP('',(#10271,#10301,#10328,#10329));
#10271 = ORIENTED_EDGE('',*,*,#10272,.T.);
#10272 = EDGE_CURVE('',#10273,#10275,#10277,.T.);
#10273 = VERTEX_POINT('',#10274);
#10274 = CARTESIAN_POINT('',(-26.89582562299,16.25,34.5));
#10275 = VERTEX_POINT('',#10276);
#10276 = CARTESIAN_POINT('',(-26.89582562299,16.25,41.));
#10277 = SEAM_CURVE('',#10278,(#10282,#10294),.PCURVE_S1.);
#10278 = LINE('',#10279,#10280);
#10279 = CARTESIAN_POINT('',(-26.89582562299,16.25,33.));
#10280 = VECTOR('',#10281,1.);
#10281 = DIRECTION('',(0.,0.,1.));
#10282 = PCURVE('',#10283,#10288);
#10283 = CYLINDRICAL_SURFACE('',#10284,1.25);
#10284 = AXIS2_PLACEMENT_3D('',#10285,#10286,#10287);
#10285 = CARTESIAN_POINT('',(-28.14582562299,16.25,33.));
#10286 = DIRECTION('',(0.,0.,1.));
#10287 = DIRECTION('',(1.,0.,-0.));
#10288 = DEFINITIONAL_REPRESENTATION('',(#10289),#10293);
#10289 = LINE('',#10290,#10291);
#10290 = CARTESIAN_POINT('',(6.28318530718,-0.));
#10291 = VECTOR('',#10292,1.);
#10292 = DIRECTION('',(0.,1.));
#10293 = ( GEOMETRIC_REPRESENTATION_CONTEXT(2) 
PARAMETRIC_REPRESENTATION_CONTEXT() REPRESENTATION_CONTEXT('2D SPACE',''
  ) );
#10294 = PCURVE('',#10283,#10295);
#10295 = DEFINITIONAL_REPRESENTATION('',(#10296),#10300);
#10296 = LINE('',#10297,#10298);
#10297 = CARTESIAN_POINT('',(0.,-0.));
#10298 = VECTOR('',#10299,1.);
#10299 = DIRECTION('',(0.,1.));
#10300 = ( GEOMETRIC_REPRESENTATION_CONTEXT(2) 
PARAMETRIC_REPRESENTATION_CONTEXT() REPRESENTATION_CONTEXT('2D SPACE',''
  ) );
#10301 = ORIENTED_EDGE('',*,*,#10302,.F.);
#10302 = EDGE_CURVE('',#10275,#10275,#10303,.T.);
#10303 = SURFACE_CURVE('',#10304,(#10309,#10316),.PCURVE_S1.);
#10304 = CIRCLE('',#10305,1.25);
#10305 = AXIS2_PLACEMENT_3D('',#10306,#10307,#10308);
#10306 = CARTESIAN_POINT('',(-28.14582562299,16.25,41.));
#10307 = DIRECTION('',(0.,0.,1.));
#10308 = DIRECTION('',(1.,0.,-0.));
#10309 = PCURVE('',#10283,#10310);
#10310 = DEFINITIONAL_REPRESENTATION('',(#10311),#10315);
#10311 = LINE('',#10312,#10313);
#10312 = CARTESIAN_POINT('',(0.,8.));
#10313 = VECTOR('',#10314,1.);
#10314 = DIRECTION('',(1.,0.));
#10315 = ( GEOMETRIC_REPRESENTATION_CONTEXT(2) 
PARAMETRIC_REPRESENTATION_CONTEXT() REPRESENTATION_CONTEXT('2D SPACE',''
  ) );
#10316 = PCURVE('',#10317,#10322);
#10317 = PLANE('',#10318);
#10318 = AXIS2_PLACEMENT_3D('',#10319,#10320,#10321);
#10319 = CARTESIAN_POINT('',(-28.14582562299,16.25,41.));
#10320 = DIRECTION('',(0.,0.,1.));
#10321 = DIRECTION('',(1.,0.,-0.));
#10322 = DEFINITIONAL_REPRESENTATION('',(#10323),#10327);
#10323 = CIRCLE('',#10324,1.25);
#10324 = AXIS2_PLACEMENT_2D('',#10325,#10326);
#10325 = CARTESIAN_POINT('',(0.,0.));
#10326 = DIRECTION('',(1.,0.));
#10327 = ( GEOMETRIC_REPRESENTATION_CONTEXT(2) 
PARAMETRIC_REPRESENTATION_CONTEXT() REPRESENTATION_CONTEXT('2D SPACE',''
  ) );
#10328 = ORIENTED_EDGE('',*,*,#10272,.F.);
#10329 = ORIENTED_EDGE('',*,*,#10330,.T.);
#10330 = EDGE_CURVE('',#10273,#10273,#10331,.T.);
#10331 = SURFACE_CURVE('',#10332,(#10337,#10344),.PCURVE_S1.);
#10332 = CIRCLE('',#10333,1.25);
#10333 = AXIS2_PLACEMENT_3D('',#10334,#10335,#10336);
#10334 = CARTESIAN_POINT('',(-28.14582562299,16.25,34.5));
#10335 = DIRECTION('',(0.,0.,1.));
#10336 = DIRECTION('',(1.,0.,-0.));
#10337 = PCURVE('',#10283,#10338);
#10338 = DEFINITIONAL_REPRESENTATION('',(#10339),#10343);
#10339 = LINE('',#10340,#10341);
#10340 = CARTESIAN_POINT('',(0.,1.5));
#10341 = VECTOR('',#10342,1.);
#10342 = DIRECTION('',(1.,0.));
#10343 = ( GEOMETRIC_REPRESENTATION_CONTEXT(2) 
PARAMETRIC_REPRESENTATION_CONTEXT() REPRESENTATION_CONTEXT('2D SPACE',''
  ) );
#10344 = PCURVE('',#10345,#10350);
#10345 = PLANE('',#10346);
#10346 = AXIS2_PLACEMENT_3D('',#10347,#10348,#10349);
#10347 = CARTESIAN_POINT('',(-28.14582562299,16.25,34.5));
#10348 = DIRECTION('',(0.,0.,1.));
#10349 = DIRECTION('',(1.,0.,-0.));
#10350 = DEFINITIONAL_REPRESENTATION('',(#10351),#10355);
#10351 = CIRCLE('',#10352,1.25);
#10352 = AXIS2_PLACEMENT_2D('',#10353,#10354);
#10353 = CARTESIAN_POINT('',(0.,0.));
#10354 = DIRECTION('',(1.,0.));
#10355 = ( GEOMETRIC_REPRESENTATION_CONTEXT(2) 
PARAMETRIC_REPRESENTATION_CONTEXT() REPRESENTATION_CONTEXT('2D SPACE',''
  ) );
#10356 = ADVANCED_FACE('',(#10357,#10388),#10345,.T.);
#10357 = FACE_BOUND('',#10358,.T.);
#10358 = EDGE_LOOP('',(#10359));
#10359 = ORIENTED_EDGE('',*,*,#10360,.T.);
#10360 = EDGE_CURVE('',#10361,#10361,#10363,.T.);
#10361 = VERTEX_POINT('',#10362);
#10362 = CARTESIAN_POINT('',(-26.44582562299,16.25,34.5));
#10363 = SURFACE_CURVE('',#10364,(#10369,#10376),.PCURVE_S1.);
#10364 = CIRCLE('',#10365,1.7);
#10365 = AXIS2_PLACEMENT_3D('',#10366,#10367,#10368);
#10366 = CARTESIAN_POINT('',(-28.14582562299,16.25,34.5));
#10367 = DIRECTION('',(0.,0.,1.));
#10368 = DIRECTION('',(1.,0.,-0.));
#10369 = PCURVE('',#10345,#10370);
#10370 = DEFINITIONAL_REPRESENTATION('',(#10371),#10375);
#10371 = CIRCLE('',#10372,1.7);
#10372 = AXIS2_PLACEMENT_2D('',#10373,#10374);
#10373 = CARTESIAN_POINT('',(0.,0.));
#10374 = DIRECTION('',(1.,0.));
#10375 = ( GEOMETRIC_REPRESENTATION_CONTEXT(2) 
PARAMETRIC_REPRESENTATION_CONTEXT() REPRESENTATION_CONTEXT('2D SPACE',''
  ) );
#10376 = PCURVE('',#10377,#10382);
#10377 = CYLINDRICAL_SURFACE('',#10378,1.7);
#10378 = AXIS2_PLACEMENT_3D('',#10379,#10380,#10381);
#10379 = CARTESIAN_POINT('',(-28.14582562299,16.25,33.));
#10380 = DIRECTION('',(0.,0.,1.));
#10381 = DIRECTION('',(1.,0.,-0.));
#10382 = DEFINITIONAL_REPRESENTATION('',(#10383),#10387);
#10383 = LINE('',#10384,#10385);
#10384 = CARTESIAN_POINT('',(0.,1.5));
#10385 = VECTOR('',#10386,1.);
#10386 = DIRECTION('',(1.,0.));
#10387 = ( GEOMETRIC_REPRESENTATION_CONTEXT(2) 
PARAMETRIC_REPRESENTATION_CONTEXT() REPRESENTATION_CONTEXT('2D SPACE',''
  ) );
#10388 = FACE_BOUND('',#10389,.T.);
#10389 = EDGE_LOOP('',(#10390));
#10390 = ORIENTED_EDGE('',*,*,#10330,.F.);
#10391 = ADVANCED_FACE('',(#10392),#10317,.T.);
#10392 = FACE_BOUND('',#10393,.T.);
#10393 = EDGE_LOOP('',(#10394));
#10394 = ORIENTED_EDGE('',*,*,#10302,.T.);
#10395 = ADVANCED_FACE('',(#10396),#10377,.T.);
#10396 = FACE_BOUND('',#10397,.T.);
#10397 = EDGE_LOOP('',(#10398,#10399,#10422,#10449));
#10398 = ORIENTED_EDGE('',*,*,#10360,.F.);
#10399 = ORIENTED_EDGE('',*,*,#10400,.F.);
#10400 = EDGE_CURVE('',#10401,#10361,#10403,.T.);
#10401 = VERTEX_POINT('',#10402);
#10402 = CARTESIAN_POINT('',(-26.44582562299,16.25,33.));
#10403 = SEAM_CURVE('',#10404,(#10408,#10415),.PCURVE_S1.);
#10404 = LINE('',#10405,#10406);
#10405 = CARTESIAN_POINT('',(-26.44582562299,16.25,33.));
#10406 = VECTOR('',#10407,1.);
#10407 = DIRECTION('',(0.,0.,1.));
#10408 = PCURVE('',#10377,#10409);
#10409 = DEFINITIONAL_REPRESENTATION('',(#10410),#10414);
#10410 = LINE('',#10411,#10412);
#10411 = CARTESIAN_POINT('',(6.28318530718,-0.));
#10412 = VECTOR('',#10413,1.);
#10413 = DIRECTION('',(0.,1.));
#10414 = ( GEOMETRIC_REPRESENTATION_CONTEXT(2) 
PARAMETRIC_REPRESENTATION_CONTEXT() REPRESENTATION_CONTEXT('2D SPACE',''
  ) );
#10415 = PCURVE('',#10377,#10416);
#10416 = DEFINITIONAL_REPRESENTATION('',(#10417),#10421);
#10417 = LINE('',#10418,#10419);
#10418 = CARTESIAN_POINT('',(0.,-0.));
#10419 = VECTOR('',#10420,1.);
#10420 = DIRECTION('',(0.,1.));
#10421 = ( GEOMETRIC_REPRESENTATION_CONTEXT(2) 
PARAMETRIC_REPRESENTATION_CONTEXT() REPRESENTATION_CONTEXT('2D SPACE',''
  ) );
#10422 = ORIENTED_EDGE('',*,*,#10423,.T.);
#10423 = EDGE_CURVE('',#10401,#10401,#10424,.T.);
#10424 = SURFACE_CURVE('',#10425,(#10430,#10437),.PCURVE_S1.);
#10425 = CIRCLE('',#10426,1.7);
#10426 = AXIS2_PLACEMENT_3D('',#10427,#10428,#10429);
#10427 = CARTESIAN_POINT('',(-28.14582562299,16.25,33.));
#10428 = DIRECTION('',(0.,0.,1.));
#10429 = DIRECTION('',(1.,0.,-0.));
#10430 = PCURVE('',#10377,#10431);
#10431 = DEFINITIONAL_REPRESENTATION('',(#10432),#10436);
#10432 = LINE('',#10433,#10434);
#10433 = CARTESIAN_POINT('',(0.,0.));
#10434 = VECTOR('',#10435,1.);
#10435 = DIRECTION('',(1.,0.));
#10436 = ( GEOMETRIC_REPRESENTATION_CONTEXT(2) 
PARAMETRIC_REPRESENTATION_CONTEXT() REPRESENTATION_CONTEXT('2D SPACE',''
  ) );
#10437 = PCURVE('',#10438,#10443);
#10438 = PLANE('',#10439);
#10439 = AXIS2_PLACEMENT_3D('',#10440,#10441,#10442);
#10440 = CARTESIAN_POINT('',(-28.14582562299,16.25,33.));
#10441 = DIRECTION('',(0.,0.,1.));
#10442 = DIRECTION('',(1.,0.,-0.));
#10443 = DEFINITIONAL_REPRESENTATION('',(#10444),#10448);
#10444 = CIRCLE('',#10445,1.7);
#10445 = AXIS2_PLACEMENT_2D('',#10446,#10447);
#10446 = CARTESIAN_POINT('',(0.,0.));
#10447 = DIRECTION('',(1.,0.));
#10448 = ( GEOMETRIC_REPRESENTATION_CONTEXT(2) 
PARAMETRIC_REPRESENTATION_CONTEXT() REPRESENTATION_CONTEXT('2D SPACE',''
  ) );
#10449 = ORIENTED_EDGE('',*,*,#10400,.T.);
#10450 = ADVANCED_FACE('',(#10451),#10438,.F.);
#10451 = FACE_BOUND('',#10452,.F.);
#10452 = EDGE_LOOP('',(#10453));
#10453 = ORIENTED_EDGE('',*,*,#10423,.T.);
#10454 = MANIFOLD_SOLID_BREP('',#10455);
#10455 = CLOSED_SHELL('',(#10456,#10544,#10579,#10583,#10638));
#10456 = ADVANCED_FACE('',(#10457),#10471,.T.);
#10457 = FACE_BOUND('',#10458,.T.);
#10458 = EDGE_LOOP('',(#10459,#10489,#10516,#10517));
#10459 = ORIENTED_EDGE('',*,*,#10460,.T.);
#10460 = EDGE_CURVE('',#10461,#10463,#10465,.T.);
#10461 = VERTEX_POINT('',#10462);
#10462 = CARTESIAN_POINT('',(-26.89582562299,-16.25,34.5));
#10463 = VERTEX_POINT('',#10464);
#10464 = CARTESIAN_POINT('',(-26.89582562299,-16.25,41.));
#10465 = SEAM_CURVE('',#10466,(#10470,#10482),.PCURVE_S1.);
#10466 = LINE('',#10467,#10468);
#10467 = CARTESIAN_POINT('',(-26.89582562299,-16.25,33.));
#10468 = VECTOR('',#10469,1.);
#10469 = DIRECTION('',(0.,0.,1.));
#10470 = PCURVE('',#10471,#10476);
#10471 = CYLINDRICAL_SURFACE('',#10472,1.25);
#10472 = AXIS2_PLACEMENT_3D('',#10473,#10474,#10475);
#10473 = CARTESIAN_POINT('',(-28.14582562299,-16.25,33.));
#10474 = DIRECTION('',(0.,0.,1.));
#10475 = DIRECTION('',(1.,0.,-0.));
#10476 = DEFINITIONAL_REPRESENTATION('',(#10477),#10481);
#10477 = LINE('',#10478,#10479);
#10478 = CARTESIAN_POINT('',(6.28318530718,-0.));
#10479 = VECTOR('',#10480,1.);
#10480 = DIRECTION('',(0.,1.));
#10481 = ( GEOMETRIC_REPRESENTATION_CONTEXT(2) 
PARAMETRIC_REPRESENTATION_CONTEXT() REPRESENTATION_CONTEXT('2D SPACE',''
  ) );
#10482 = PCURVE('',#10471,#10483);
#10483 = DEFINITIONAL_REPRESENTATION('',(#10484),#10488);
#10484 = LINE('',#10485,#10486);
#10485 = CARTESIAN_POINT('',(0.,-0.));
#10486 = VECTOR('',#10487,1.);
#10487 = DIRECTION('',(0.,1.));
#10488 = ( GEOMETRIC_REPRESENTATION_CONTEXT(2) 
PARAMETRIC_REPRESENTATION_CONTEXT() REPRESENTATION_CONTEXT('2D SPACE',''
  ) );
#10489 = ORIENTED_EDGE('',*,*,#10490,.F.);
#10490 = EDGE_CURVE('',#10463,#10463,#10491,.T.);
#10491 = SURFACE_CURVE('',#10492,(#10497,#10504),.PCURVE_S1.);
#10492 = CIRCLE('',#10493,1.25);
#10493 = AXIS2_PLACEMENT_3D('',#10494,#10495,#10496);
#10494 = CARTESIAN_POINT('',(-28.14582562299,-16.25,41.));
#10495 = DIRECTION('',(0.,0.,1.));
#10496 = DIRECTION('',(1.,0.,-0.));
#10497 = PCURVE('',#10471,#10498);
#10498 = DEFINITIONAL_REPRESENTATION('',(#10499),#10503);
#10499 = LINE('',#10500,#10501);
#10500 = CARTESIAN_POINT('',(0.,8.));
#10501 = VECTOR('',#10502,1.);
#10502 = DIRECTION('',(1.,0.));
#10503 = ( GEOMETRIC_REPRESENTATION_CONTEXT(2) 
PARAMETRIC_REPRESENTATION_CONTEXT() REPRESENTATION_CONTEXT('2D SPACE',''
  ) );
#10504 = PCURVE('',#10505,#10510);
#10505 = PLANE('',#10506);
#10506 = AXIS2_PLACEMENT_3D('',#10507,#10508,#10509);
#10507 = CARTESIAN_POINT('',(-28.14582562299,-16.25,41.));
#10508 = DIRECTION('',(0.,0.,1.));
#10509 = DIRECTION('',(1.,0.,-0.));
#10510 = DEFINITIONAL_REPRESENTATION('',(#10511),#10515);
#10511 = CIRCLE('',#10512,1.25);
#10512 = AXIS2_PLACEMENT_2D('',#10513,#10514);
#10513 = CARTESIAN_POINT('',(0.,0.));
#10514 = DIRECTION('',(1.,0.));
#10515 = ( GEOMETRIC_REPRESENTATION_CONTEXT(2) 
PARAMETRIC_REPRESENTATION_CONTEXT() REPRESENTATION_CONTEXT('2D SPACE',''
  ) );
#10516 = ORIENTED_EDGE('',*,*,#10460,.F.);
#10517 = ORIENTED_EDGE('',*,*,#10518,.T.);
#10518 = EDGE_CURVE('',#10461,#10461,#10519,.T.);
#10519 = SURFACE_CURVE('',#10520,(#10525,#10532),.PCURVE_S1.);
#10520 = CIRCLE('',#10521,1.25);
#10521 = AXIS2_PLACEMENT_3D('',#10522,#10523,#10524);
#10522 = CARTESIAN_POINT('',(-28.14582562299,-16.25,34.5));
#10523 = DIRECTION('',(0.,0.,1.));
#10524 = DIRECTION('',(1.,0.,-0.));
#10525 = PCURVE('',#10471,#10526);
#10526 = DEFINITIONAL_REPRESENTATION('',(#10527),#10531);
#10527 = LINE('',#10528,#10529);
#10528 = CARTESIAN_POINT('',(0.,1.5));
#10529 = VECTOR('',#10530,1.);
#10530 = DIRECTION('',(1.,0.));
#10531 = ( GEOMETRIC_REPRESENTATION_CONTEXT(2) 
PARAMETRIC_REPRESENTATION_CONTEXT() REPRESENTATION_CONTEXT('2D SPACE',''
  ) );
#10532 = PCURVE('',#10533,#10538);
#10533 = PLANE('',#10534);
#10534 = AXIS2_PLACEMENT_3D('',#10535,#10536,#10537);
#10535 = CARTESIAN_POINT('',(-28.14582562299,-16.25,34.5));
#10536 = DIRECTION('',(0.,0.,1.));
#10537 = DIRECTION('',(1.,0.,-0.));
#10538 = DEFINITIONAL_REPRESENTATION('',(#10539),#10543);
#10539 = CIRCLE('',#10540,1.25);
#10540 = AXIS2_PLACEMENT_2D('',#10541,#10542);
#10541 = CARTESIAN_POINT('',(0.,0.));
#10542 = DIRECTION('',(1.,0.));
#10543 = ( GEOMETRIC_REPRESENTATION_CONTEXT(2) 
PARAMETRIC_REPRESENTATION_CONTEXT() REPRESENTATION_CONTEXT('2D SPACE',''
  ) );
#10544 = ADVANCED_FACE('',(#10545,#10576),#10533,.T.);
#10545 = FACE_BOUND('',#10546,.T.);
#10546 = EDGE_LOOP('',(#10547));
#10547 = ORIENTED_EDGE('',*,*,#10548,.T.);
#10548 = EDGE_CURVE('',#10549,#10549,#10551,.T.);
#10549 = VERTEX_POINT('',#10550);
#10550 = CARTESIAN_POINT('',(-26.44582562299,-16.25,34.5));
#10551 = SURFACE_CURVE('',#10552,(#10557,#10564),.PCURVE_S1.);
#10552 = CIRCLE('',#10553,1.7);
#10553 = AXIS2_PLACEMENT_3D('',#10554,#10555,#10556);
#10554 = CARTESIAN_POINT('',(-28.14582562299,-16.25,34.5));
#10555 = DIRECTION('',(0.,0.,1.));
#10556 = DIRECTION('',(1.,0.,-0.));
#10557 = PCURVE('',#10533,#10558);
#10558 = DEFINITIONAL_REPRESENTATION('',(#10559),#10563);
#10559 = CIRCLE('',#10560,1.7);
#10560 = AXIS2_PLACEMENT_2D('',#10561,#10562);
#10561 = CARTESIAN_POINT('',(0.,0.));
#10562 = DIRECTION('',(1.,0.));
#10563 = ( GEOMETRIC_REPRESENTATION_CONTEXT(2) 
PARAMETRIC_REPRESENTATION_CONTEXT() REPRESENTATION_CONTEXT('2D SPACE',''
  ) );
#10564 = PCURVE('',#10565,#10570);
#10565 = CYLINDRICAL_SURFACE('',#10566,1.7);
#10566 = AXIS2_PLACEMENT_3D('',#10567,#10568,#10569);
#10567 = CARTESIAN_POINT('',(-28.14582562299,-16.25,33.));
#10568 = DIRECTION('',(0.,0.,1.));
#10569 = DIRECTION('',(1.,0.,-0.));
#10570 = DEFINITIONAL_REPRESENTATION('',(#10571),#10575);
#10571 = LINE('',#10572,#10573);
#10572 = CARTESIAN_POINT('',(0.,1.5));
#10573 = VECTOR('',#10574,1.);
#10574 = DIRECTION('',(1.,0.));
#10575 = ( GEOMETRIC_REPRESENTATION_CONTEXT(2) 
PARAMETRIC_REPRESENTATION_CONTEXT() REPRESENTATION_CONTEXT('2D SPACE',''
  ) );
#10576 = FACE_BOUND('',#10577,.T.);
#10577 = EDGE_LOOP('',(#10578));
#10578 = ORIENTED_EDGE('',*,*,#10518,.F.);
#10579 = ADVANCED_FACE('',(#10580),#10505,.T.);
#10580 = FACE_BOUND('',#10581,.T.);
#10581 = EDGE_LOOP('',(#10582));
#10582 = ORIENTED_EDGE('',*,*,#10490,.T.);
#10583 = ADVANCED_FACE('',(#10584),#10565,.T.);
#10584 = FACE_BOUND('',#10585,.T.);
#10585 = EDGE_LOOP('',(#10586,#10587,#10610,#10637));
#10586 = ORIENTED_EDGE('',*,*,#10548,.F.);
#10587 = ORIENTED_EDGE('',*,*,#10588,.F.);
#10588 = EDGE_CURVE('',#10589,#10549,#10591,.T.);
#10589 = VERTEX_POINT('',#10590);
#10590 = CARTESIAN_POINT('',(-26.44582562299,-16.25,33.));
#10591 = SEAM_CURVE('',#10592,(#10596,#10603),.PCURVE_S1.);
#10592 = LINE('',#10593,#10594);
#10593 = CARTESIAN_POINT('',(-26.44582562299,-16.25,33.));
#10594 = VECTOR('',#10595,1.);
#10595 = DIRECTION('',(0.,0.,1.));
#10596 = PCURVE('',#10565,#10597);
#10597 = DEFINITIONAL_REPRESENTATION('',(#10598),#10602);
#10598 = LINE('',#10599,#10600);
#10599 = CARTESIAN_POINT('',(6.28318530718,-0.));
#10600 = VECTOR('',#10601,1.);
#10601 = DIRECTION('',(0.,1.));
#10602 = ( GEOMETRIC_REPRESENTATION_CONTEXT(2) 
PARAMETRIC_REPRESENTATION_CONTEXT() REPRESENTATION_CONTEXT('2D SPACE',''
  ) );
#10603 = PCURVE('',#10565,#10604);
#10604 = DEFINITIONAL_REPRESENTATION('',(#10605),#10609);
#10605 = LINE('',#10606,#10607);
#10606 = CARTESIAN_POINT('',(0.,-0.));
#10607 = VECTOR('',#10608,1.);
#10608 = DIRECTION('',(0.,1.));
#10609 = ( GEOMETRIC_REPRESENTATION_CONTEXT(2) 
PARAMETRIC_REPRESENTATION_CONTEXT() REPRESENTATION_CONTEXT('2D SPACE',''
  ) );
#10610 = ORIENTED_EDGE('',*,*,#10611,.T.);
#10611 = EDGE_CURVE('',#10589,#10589,#10612,.T.);
#10612 = SURFACE_CURVE('',#10613,(#10618,#10625),.PCURVE_S1.);
#10613 = CIRCLE('',#10614,1.7);
#10614 = AXIS2_PLACEMENT_3D('',#10615,#10616,#10617);
#10615 = CARTESIAN_POINT('',(-28.14582562299,-16.25,33.));
#10616 = DIRECTION('',(0.,0.,1.));
#10617 = DIRECTION('',(1.,0.,-0.));
#10618 = PCURVE('',#10565,#10619);
#10619 = DEFINITIONAL_REPRESENTATION('',(#10620),#10624);
#10620 = LINE('',#10621,#10622);
#10621 = CARTESIAN_POINT('',(0.,0.));
#10622 = VECTOR('',#10623,1.);
#10623 = DIRECTION('',(1.,0.));
#10624 = ( GEOMETRIC_REPRESENTATION_CONTEXT(2) 
PARAMETRIC_REPRESENTATION_CONTEXT() REPRESENTATION_CONTEXT('2D SPACE',''
  ) );
#10625 = PCURVE('',#10626,#10631);
#10626 = PLANE('',#10627);
#10627 = AXIS2_PLACEMENT_3D('',#10628,#10629,#10630);
#10628 = CARTESIAN_POINT('',(-28.14582562299,-16.25,33.));
#10629 = DIRECTION('',(0.,0.,1.));
#10630 = DIRECTION('',(1.,0.,-0.));
#10631 = DEFINITIONAL_REPRESENTATION('',(#10632),#10636);
#10632 = CIRCLE('',#10633,1.7);
#10633 = AXIS2_PLACEMENT_2D('',#10634,#10635);
#10634 = CARTESIAN_POINT('',(0.,0.));
#10635 = DIRECTION('',(1.,0.));
#10636 = ( GEOMETRIC_REPRESENTATION_CONTEXT(2) 
PARAMETRIC_REPRESENTATION_CONTEXT() REPRESENTATION_CONTEXT('2D SPACE',''
  ) );
#10637 = ORIENTED_EDGE('',*,*,#10588,.T.);
#10638 = ADVANCED_FACE('',(#10639),#10626,.F.);
#10639 = FACE_BOUND('',#10640,.F.);
#10640 = EDGE_LOOP('',(#10641));
#10641 = ORIENTED_EDGE('',*,*,#10611,.T.);
#10642 = MANIFOLD_SOLID_BREP('',#10643);
#10643 = CLOSED_SHELL('',(#10644,#10732,#10767,#10771,#10826));
#10644 = ADVANCED_FACE('',(#10645),#10659,.T.);
#10645 = FACE_BOUND('',#10646,.T.);
#10646 = EDGE_LOOP('',(#10647,#10677,#10704,#10705));
#10647 = ORIENTED_EDGE('',*,*,#10648,.T.);
#10648 = EDGE_CURVE('',#10649,#10651,#10653,.T.);
#10649 = VERTEX_POINT('',#10650);
#10650 = CARTESIAN_POINT('',(1.25,-32.5,34.5));
#10651 = VERTEX_POINT('',#10652);
#10652 = CARTESIAN_POINT('',(1.25,-32.5,41.));
#10653 = SEAM_CURVE('',#10654,(#10658,#10670),.PCURVE_S1.);
#10654 = LINE('',#10655,#10656);
#10655 = CARTESIAN_POINT('',(1.25,-32.5,33.));
#10656 = VECTOR('',#10657,1.);
#10657 = DIRECTION('',(0.,0.,1.));
#10658 = PCURVE('',#10659,#10664);
#10659 = CYLINDRICAL_SURFACE('',#10660,1.25);
#10660 = AXIS2_PLACEMENT_3D('',#10661,#10662,#10663);
#10661 = CARTESIAN_POINT('',(-5.970153145843E-15,-32.5,33.));
#10662 = DIRECTION('',(0.,0.,1.));
#10663 = DIRECTION('',(1.,0.,-0.));
#10664 = DEFINITIONAL_REPRESENTATION('',(#10665),#10669);
#10665 = LINE('',#10666,#10667);
#10666 = CARTESIAN_POINT('',(6.28318530718,-0.));
#10667 = VECTOR('',#10668,1.);
#10668 = DIRECTION('',(0.,1.));
#10669 = ( GEOMETRIC_REPRESENTATION_CONTEXT(2) 
PARAMETRIC_REPRESENTATION_CONTEXT() REPRESENTATION_CONTEXT('2D SPACE',''
  ) );
#10670 = PCURVE('',#10659,#10671);
#10671 = DEFINITIONAL_REPRESENTATION('',(#10672),#10676);
#10672 = LINE('',#10673,#10674);
#10673 = CARTESIAN_POINT('',(0.,-0.));
#10674 = VECTOR('',#10675,1.);
#10675 = DIRECTION('',(0.,1.));
#10676 = ( GEOMETRIC_REPRESENTATION_CONTEXT(2) 
PARAMETRIC_REPRESENTATION_CONTEXT() REPRESENTATION_CONTEXT('2D SPACE',''
  ) );
#10677 = ORIENTED_EDGE('',*,*,#10678,.F.);
#10678 = EDGE_CURVE('',#10651,#10651,#10679,.T.);
#10679 = SURFACE_CURVE('',#10680,(#10685,#10692),.PCURVE_S1.);
#10680 = CIRCLE('',#10681,1.25);
#10681 = AXIS2_PLACEMENT_3D('',#10682,#10683,#10684);
#10682 = CARTESIAN_POINT('',(-5.970153145843E-15,-32.5,41.));
#10683 = DIRECTION('',(0.,0.,1.));
#10684 = DIRECTION('',(1.,0.,-0.));
#10685 = PCURVE('',#10659,#10686);
#10686 = DEFINITIONAL_REPRESENTATION('',(#10687),#10691);
#10687 = LINE('',#10688,#10689);
#10688 = CARTESIAN_POINT('',(0.,8.));
#10689 = VECTOR('',#10690,1.);
#10690 = DIRECTION('',(1.,0.));
#10691 = ( GEOMETRIC_REPRESENTATION_CONTEXT(2) 
PARAMETRIC_REPRESENTATION_CONTEXT() REPRESENTATION_CONTEXT('2D SPACE',''
  ) );
#10692 = PCURVE('',#10693,#10698);
#10693 = PLANE('',#10694);
#10694 = AXIS2_PLACEMENT_3D('',#10695,#10696,#10697);
#10695 = CARTESIAN_POINT('',(-5.970153145843E-15,-32.5,41.));
#10696 = DIRECTION('',(0.,0.,1.));
#10697 = DIRECTION('',(1.,0.,-0.));
#10698 = DEFINITIONAL_REPRESENTATION('',(#10699),#10703);
#10699 = CIRCLE('',#10700,1.25);
#10700 = AXIS2_PLACEMENT_2D('',#10701,#10702);
#10701 = CARTESIAN_POINT('',(0.,0.));
#10702 = DIRECTION('',(1.,0.));
#10703 = ( GEOMETRIC_REPRESENTATION_CONTEXT(2) 
PARAMETRIC_REPRESENTATION_CONTEXT() REPRESENTATION_CONTEXT('2D SPACE',''
  ) );
#10704 = ORIENTED_EDGE('',*,*,#10648,.F.);
#10705 = ORIENTED_EDGE('',*,*,#10706,.T.);
#10706 = EDGE_CURVE('',#10649,#10649,#10707,.T.);
#10707 = SURFACE_CURVE('',#10708,(#10713,#10720),.PCURVE_S1.);
#10708 = CIRCLE('',#10709,1.25);
#10709 = AXIS2_PLACEMENT_3D('',#10710,#10711,#10712);
#10710 = CARTESIAN_POINT('',(-5.970153145843E-15,-32.5,34.5));
#10711 = DIRECTION('',(0.,0.,1.));
#10712 = DIRECTION('',(1.,0.,-0.));
#10713 = PCURVE('',#10659,#10714);
#10714 = DEFINITIONAL_REPRESENTATION('',(#10715),#10719);
#10715 = LINE('',#10716,#10717);
#10716 = CARTESIAN_POINT('',(0.,1.5));
#10717 = VECTOR('',#10718,1.);
#10718 = DIRECTION('',(1.,0.));
#10719 = ( GEOMETRIC_REPRESENTATION_CONTEXT(2) 
PARAMETRIC_REPRESENTATION_CONTEXT() REPRESENTATION_CONTEXT('2D SPACE',''
  ) );
#10720 = PCURVE('',#10721,#10726);
#10721 = PLANE('',#10722);
#10722 = AXIS2_PLACEMENT_3D('',#10723,#10724,#10725);
#10723 = CARTESIAN_POINT('',(-5.970153145843E-15,-32.5,34.5));
#10724 = DIRECTION('',(0.,0.,1.));
#10725 = DIRECTION('',(1.,0.,-0.));
#10726 = DEFINITIONAL_REPRESENTATION('',(#10727),#10731);
#10727 = CIRCLE('',#10728,1.25);
#10728 = AXIS2_PLACEMENT_2D('',#10729,#10730);
#10729 = CARTESIAN_POINT('',(0.,0.));
#10730 = DIRECTION('',(1.,0.));
#10731 = ( GEOMETRIC_REPRESENTATION_CONTEXT(2) 
PARAMETRIC_REPRESENTATION_CONTEXT() REPRESENTATION_CONTEXT('2D SPACE',''
  ) );
#10732 = ADVANCED_FACE('',(#10733,#10764),#10721,.T.);
#10733 = FACE_BOUND('',#10734,.T.);
#10734 = EDGE_LOOP('',(#10735));
#10735 = ORIENTED_EDGE('',*,*,#10736,.T.);
#10736 = EDGE_CURVE('',#10737,#10737,#10739,.T.);
#10737 = VERTEX_POINT('',#10738);
#10738 = CARTESIAN_POINT('',(1.7,-32.5,34.5));
#10739 = SURFACE_CURVE('',#10740,(#10745,#10752),.PCURVE_S1.);
#10740 = CIRCLE('',#10741,1.7);
#10741 = AXIS2_PLACEMENT_3D('',#10742,#10743,#10744);
#10742 = CARTESIAN_POINT('',(-5.970153145843E-15,-32.5,34.5));
#10743 = DIRECTION('',(0.,0.,1.));
#10744 = DIRECTION('',(1.,0.,-0.));
#10745 = PCURVE('',#10721,#10746);
#10746 = DEFINITIONAL_REPRESENTATION('',(#10747),#10751);
#10747 = CIRCLE('',#10748,1.7);
#10748 = AXIS2_PLACEMENT_2D('',#10749,#10750);
#10749 = CARTESIAN_POINT('',(0.,0.));
#10750 = DIRECTION('',(1.,0.));
#10751 = ( GEOMETRIC_REPRESENTATION_CONTEXT(2) 
PARAMETRIC_REPRESENTATION_CONTEXT() REPRESENTATION_CONTEXT('2D SPACE',''
  ) );
#10752 = PCURVE('',#10753,#10758);
#10753 = CYLINDRICAL_SURFACE('',#10754,1.7);
#10754 = AXIS2_PLACEMENT_3D('',#10755,#10756,#10757);
#10755 = CARTESIAN_POINT('',(-5.970153145843E-15,-32.5,33.));
#10756 = DIRECTION('',(0.,0.,1.));
#10757 = DIRECTION('',(1.,0.,-0.));
#10758 = DEFINITIONAL_REPRESENTATION('',(#10759),#10763);
#10759 = LINE('',#10760,#10761);
#10760 = CARTESIAN_POINT('',(0.,1.5));
#10761 = VECTOR('',#10762,1.);
#10762 = DIRECTION('',(1.,0.));
#10763 = ( GEOMETRIC_REPRESENTATION_CONTEXT(2) 
PARAMETRIC_REPRESENTATION_CONTEXT() REPRESENTATION_CONTEXT('2D SPACE',''
  ) );
#10764 = FACE_BOUND('',#10765,.T.);
#10765 = EDGE_LOOP('',(#10766));
#10766 = ORIENTED_EDGE('',*,*,#10706,.F.);
#10767 = ADVANCED_FACE('',(#10768),#10693,.T.);
#10768 = FACE_BOUND('',#10769,.T.);
#10769 = EDGE_LOOP('',(#10770));
#10770 = ORIENTED_EDGE('',*,*,#10678,.T.);
#10771 = ADVANCED_FACE('',(#10772),#10753,.T.);
#10772 = FACE_BOUND('',#10773,.T.);
#10773 = EDGE_LOOP('',(#10774,#10775,#10798,#10825));
#10774 = ORIENTED_EDGE('',*,*,#10736,.F.);
#10775 = ORIENTED_EDGE('',*,*,#10776,.F.);
#10776 = EDGE_CURVE('',#10777,#10737,#10779,.T.);
#10777 = VERTEX_POINT('',#10778);
#10778 = CARTESIAN_POINT('',(1.7,-32.5,33.));
#10779 = SEAM_CURVE('',#10780,(#10784,#10791),.PCURVE_S1.);
#10780 = LINE('',#10781,#10782);
#10781 = CARTESIAN_POINT('',(1.7,-32.5,33.));
#10782 = VECTOR('',#10783,1.);
#10783 = DIRECTION('',(0.,0.,1.));
#10784 = PCURVE('',#10753,#10785);
#10785 = DEFINITIONAL_REPRESENTATION('',(#10786),#10790);
#10786 = LINE('',#10787,#10788);
#10787 = CARTESIAN_POINT('',(6.28318530718,-0.));
#10788 = VECTOR('',#10789,1.);
#10789 = DIRECTION('',(0.,1.));
#10790 = ( GEOMETRIC_REPRESENTATION_CONTEXT(2) 
PARAMETRIC_REPRESENTATION_CONTEXT() REPRESENTATION_CONTEXT('2D SPACE',''
  ) );
#10791 = PCURVE('',#10753,#10792);
#10792 = DEFINITIONAL_REPRESENTATION('',(#10793),#10797);
#10793 = LINE('',#10794,#10795);
#10794 = CARTESIAN_POINT('',(0.,-0.));
#10795 = VECTOR('',#10796,1.);
#10796 = DIRECTION('',(0.,1.));
#10797 = ( GEOMETRIC_REPRESENTATION_CONTEXT(2) 
PARAMETRIC_REPRESENTATION_CONTEXT() REPRESENTATION_CONTEXT('2D SPACE',''
  ) );
#10798 = ORIENTED_EDGE('',*,*,#10799,.T.);
#10799 = EDGE_CURVE('',#10777,#10777,#10800,.T.);
#10800 = SURFACE_CURVE('',#10801,(#10806,#10813),.PCURVE_S1.);
#10801 = CIRCLE('',#10802,1.7);
#10802 = AXIS2_PLACEMENT_3D('',#10803,#10804,#10805);
#10803 = CARTESIAN_POINT('',(-5.970153145843E-15,-32.5,33.));
#10804 = DIRECTION('',(0.,0.,1.));
#10805 = DIRECTION('',(1.,0.,-0.));
#10806 = PCURVE('',#10753,#10807);
#10807 = DEFINITIONAL_REPRESENTATION('',(#10808),#10812);
#10808 = LINE('',#10809,#10810);
#10809 = CARTESIAN_POINT('',(0.,0.));
#10810 = VECTOR('',#10811,1.);
#10811 = DIRECTION('',(1.,0.));
#10812 = ( GEOMETRIC_REPRESENTATION_CONTEXT(2) 
PARAMETRIC_REPRESENTATION_CONTEXT() REPRESENTATION_CONTEXT('2D SPACE',''
  ) );
#10813 = PCURVE('',#10814,#10819);
#10814 = PLANE('',#10815);
#10815 = AXIS2_PLACEMENT_3D('',#10816,#10817,#10818);
#10816 = CARTESIAN_POINT('',(-5.970153145843E-15,-32.5,33.));
#10817 = DIRECTION('',(0.,0.,1.));
#10818 = DIRECTION('',(1.,0.,-0.));
#10819 = DEFINITIONAL_REPRESENTATION('',(#10820),#10824);
#10820 = CIRCLE('',#10821,1.7);
#10821 = AXIS2_PLACEMENT_2D('',#10822,#10823);
#10822 = CARTESIAN_POINT('',(0.,0.));
#10823 = DIRECTION('',(1.,0.));
#10824 = ( GEOMETRIC_REPRESENTATION_CONTEXT(2) 
PARAMETRIC_REPRESENTATION_CONTEXT() REPRESENTATION_CONTEXT('2D SPACE',''
  ) );
#10825 = ORIENTED_EDGE('',*,*,#10776,.T.);
#10826 = ADVANCED_FACE('',(#10827),#10814,.F.);
#10827 = FACE_BOUND('',#10828,.F.);
#10828 = EDGE_LOOP('',(#10829));
#10829 = ORIENTED_EDGE('',*,*,#10799,.T.);
#10830 = MANIFOLD_SOLID_BREP('',#10831);
#10831 = CLOSED_SHELL('',(#10832,#10920,#10955,#10959,#11014));
#10832 = ADVANCED_FACE('',(#10833),#10847,.T.);
#10833 = FACE_BOUND('',#10834,.T.);
#10834 = EDGE_LOOP('',(#10835,#10865,#10892,#10893));
#10835 = ORIENTED_EDGE('',*,*,#10836,.T.);
#10836 = EDGE_CURVE('',#10837,#10839,#10841,.T.);
#10837 = VERTEX_POINT('',#10838);
#10838 = CARTESIAN_POINT('',(29.395825622994,-16.25,34.5));
#10839 = VERTEX_POINT('',#10840);
#10840 = CARTESIAN_POINT('',(29.395825622994,-16.25,41.));
#10841 = SEAM_CURVE('',#10842,(#10846,#10858),.PCURVE_S1.);
#10842 = LINE('',#10843,#10844);
#10843 = CARTESIAN_POINT('',(29.395825622994,-16.25,33.));
#10844 = VECTOR('',#10845,1.);
#10845 = DIRECTION('',(0.,0.,1.));
#10846 = PCURVE('',#10847,#10852);
#10847 = CYLINDRICAL_SURFACE('',#10848,1.25);
#10848 = AXIS2_PLACEMENT_3D('',#10849,#10850,#10851);
#10849 = CARTESIAN_POINT('',(28.145825622994,-16.25,33.));
#10850 = DIRECTION('',(0.,0.,1.));
#10851 = DIRECTION('',(1.,0.,-0.));
#10852 = DEFINITIONAL_REPRESENTATION('',(#10853),#10857);
#10853 = LINE('',#10854,#10855);
#10854 = CARTESIAN_POINT('',(6.28318530718,-0.));
#10855 = VECTOR('',#10856,1.);
#10856 = DIRECTION('',(0.,1.));
#10857 = ( GEOMETRIC_REPRESENTATION_CONTEXT(2) 
PARAMETRIC_REPRESENTATION_CONTEXT() REPRESENTATION_CONTEXT('2D SPACE',''
  ) );
#10858 = PCURVE('',#10847,#10859);
#10859 = DEFINITIONAL_REPRESENTATION('',(#10860),#10864);
#10860 = LINE('',#10861,#10862);
#10861 = CARTESIAN_POINT('',(0.,-0.));
#10862 = VECTOR('',#10863,1.);
#10863 = DIRECTION('',(0.,1.));
#10864 = ( GEOMETRIC_REPRESENTATION_CONTEXT(2) 
PARAMETRIC_REPRESENTATION_CONTEXT() REPRESENTATION_CONTEXT('2D SPACE',''
  ) );
#10865 = ORIENTED_EDGE('',*,*,#10866,.F.);
#10866 = EDGE_CURVE('',#10839,#10839,#10867,.T.);
#10867 = SURFACE_CURVE('',#10868,(#10873,#10880),.PCURVE_S1.);
#10868 = CIRCLE('',#10869,1.25);
#10869 = AXIS2_PLACEMENT_3D('',#10870,#10871,#10872);
#10870 = CARTESIAN_POINT('',(28.145825622994,-16.25,41.));
#10871 = DIRECTION('',(0.,0.,1.));
#10872 = DIRECTION('',(1.,0.,-0.));
#10873 = PCURVE('',#10847,#10874);
#10874 = DEFINITIONAL_REPRESENTATION('',(#10875),#10879);
#10875 = LINE('',#10876,#10877);
#10876 = CARTESIAN_POINT('',(0.,8.));
#10877 = VECTOR('',#10878,1.);
#10878 = DIRECTION('',(1.,0.));
#10879 = ( GEOMETRIC_REPRESENTATION_CONTEXT(2) 
PARAMETRIC_REPRESENTATION_CONTEXT() REPRESENTATION_CONTEXT('2D SPACE',''
  ) );
#10880 = PCURVE('',#10881,#10886);
#10881 = PLANE('',#10882);
#10882 = AXIS2_PLACEMENT_3D('',#10883,#10884,#10885);
#10883 = CARTESIAN_POINT('',(28.145825622994,-16.25,41.));
#10884 = DIRECTION('',(0.,0.,1.));
#10885 = DIRECTION('',(1.,0.,-0.));
#10886 = DEFINITIONAL_REPRESENTATION('',(#10887),#10891);
#10887 = CIRCLE('',#10888,1.25);
#10888 = AXIS2_PLACEMENT_2D('',#10889,#10890);
#10889 = CARTESIAN_POINT('',(0.,0.));
#10890 = DIRECTION('',(1.,0.));
#10891 = ( GEOMETRIC_REPRESENTATION_CONTEXT(2) 
PARAMETRIC_REPRESENTATION_CONTEXT() REPRESENTATION_CONTEXT('2D SPACE',''
  ) );
#10892 = ORIENTED_EDGE('',*,*,#10836,.F.);
#10893 = ORIENTED_EDGE('',*,*,#10894,.T.);
#10894 = EDGE_CURVE('',#10837,#10837,#10895,.T.);
#10895 = SURFACE_CURVE('',#10896,(#10901,#10908),.PCURVE_S1.);
#10896 = CIRCLE('',#10897,1.25);
#10897 = AXIS2_PLACEMENT_3D('',#10898,#10899,#10900);
#10898 = CARTESIAN_POINT('',(28.145825622994,-16.25,34.5));
#10899 = DIRECTION('',(0.,0.,1.));
#10900 = DIRECTION('',(1.,0.,-0.));
#10901 = PCURVE('',#10847,#10902);
#10902 = DEFINITIONAL_REPRESENTATION('',(#10903),#10907);
#10903 = LINE('',#10904,#10905);
#10904 = CARTESIAN_POINT('',(0.,1.5));
#10905 = VECTOR('',#10906,1.);
#10906 = DIRECTION('',(1.,0.));
#10907 = ( GEOMETRIC_REPRESENTATION_CONTEXT(2) 
PARAMETRIC_REPRESENTATION_CONTEXT() REPRESENTATION_CONTEXT('2D SPACE',''
  ) );
#10908 = PCURVE('',#10909,#10914);
#10909 = PLANE('',#10910);
#10910 = AXIS2_PLACEMENT_3D('',#10911,#10912,#10913);
#10911 = CARTESIAN_POINT('',(28.145825622994,-16.25,34.5));
#10912 = DIRECTION('',(0.,0.,1.));
#10913 = DIRECTION('',(1.,0.,-0.));
#10914 = DEFINITIONAL_REPRESENTATION('',(#10915),#10919);
#10915 = CIRCLE('',#10916,1.25);
#10916 = AXIS2_PLACEMENT_2D('',#10917,#10918);
#10917 = CARTESIAN_POINT('',(0.,0.));
#10918 = DIRECTION('',(1.,0.));
#10919 = ( GEOMETRIC_REPRESENTATION_CONTEXT(2) 
PARAMETRIC_REPRESENTATION_CONTEXT() REPRESENTATION_CONTEXT('2D SPACE',''
  ) );
#10920 = ADVANCED_FACE('',(#10921,#10952),#10909,.T.);
#10921 = FACE_BOUND('',#10922,.T.);
#10922 = EDGE_LOOP('',(#10923));
#10923 = ORIENTED_EDGE('',*,*,#10924,.T.);
#10924 = EDGE_CURVE('',#10925,#10925,#10927,.T.);
#10925 = VERTEX_POINT('',#10926);
#10926 = CARTESIAN_POINT('',(29.845825622994,-16.25,34.5));
#10927 = SURFACE_CURVE('',#10928,(#10933,#10940),.PCURVE_S1.);
#10928 = CIRCLE('',#10929,1.7);
#10929 = AXIS2_PLACEMENT_3D('',#10930,#10931,#10932);
#10930 = CARTESIAN_POINT('',(28.145825622994,-16.25,34.5));
#10931 = DIRECTION('',(0.,0.,1.));
#10932 = DIRECTION('',(1.,0.,-0.));
#10933 = PCURVE('',#10909,#10934);
#10934 = DEFINITIONAL_REPRESENTATION('',(#10935),#10939);
#10935 = CIRCLE('',#10936,1.7);
#10936 = AXIS2_PLACEMENT_2D('',#10937,#10938);
#10937 = CARTESIAN_POINT('',(0.,0.));
#10938 = DIRECTION('',(1.,0.));
#10939 = ( GEOMETRIC_REPRESENTATION_CONTEXT(2) 
PARAMETRIC_REPRESENTATION_CONTEXT() REPRESENTATION_CONTEXT('2D SPACE',''
  ) );
#10940 = PCURVE('',#10941,#10946);
#10941 = CYLINDRICAL_SURFACE('',#10942,1.7);
#10942 = AXIS2_PLACEMENT_3D('',#10943,#10944,#10945);
#10943 = CARTESIAN_POINT('',(28.145825622994,-16.25,33.));
#10944 = DIRECTION('',(0.,0.,1.));
#10945 = DIRECTION('',(1.,0.,-0.));
#10946 = DEFINITIONAL_REPRESENTATION('',(#10947),#10951);
#10947 = LINE('',#10948,#10949);
#10948 = CARTESIAN_POINT('',(0.,1.5));
#10949 = VECTOR('',#10950,1.);
#10950 = DIRECTION('',(1.,0.));
#10951 = ( GEOMETRIC_REPRESENTATION_CONTEXT(2) 
PARAMETRIC_REPRESENTATION_CONTEXT() REPRESENTATION_CONTEXT('2D SPACE',''
  ) );
#10952 = FACE_BOUND('',#10953,.T.);
#10953 = EDGE_LOOP('',(#10954));
#10954 = ORIENTED_EDGE('',*,*,#10894,.F.);
#10955 = ADVANCED_FACE('',(#10956),#10881,.T.);
#10956 = FACE_BOUND('',#10957,.T.);
#10957 = EDGE_LOOP('',(#10958));
#10958 = ORIENTED_EDGE('',*,*,#10866,.T.);
#10959 = ADVANCED_FACE('',(#10960),#10941,.T.);
#10960 = FACE_BOUND('',#10961,.T.);
#10961 = EDGE_LOOP('',(#10962,#10963,#10986,#11013));
#10962 = ORIENTED_EDGE('',*,*,#10924,.F.);
#10963 = ORIENTED_EDGE('',*,*,#10964,.F.);
#10964 = EDGE_CURVE('',#10965,#10925,#10967,.T.);
#10965 = VERTEX_POINT('',#10966);
#10966 = CARTESIAN_POINT('',(29.845825622994,-16.25,33.));
#10967 = SEAM_CURVE('',#10968,(#10972,#10979),.PCURVE_S1.);
#10968 = LINE('',#10969,#10970);
#10969 = CARTESIAN_POINT('',(29.845825622994,-16.25,33.));
#10970 = VECTOR('',#10971,1.);
#10971 = DIRECTION('',(0.,0.,1.));
#10972 = PCURVE('',#10941,#10973);
#10973 = DEFINITIONAL_REPRESENTATION('',(#10974),#10978);
#10974 = LINE('',#10975,#10976);
#10975 = CARTESIAN_POINT('',(6.28318530718,-0.));
#10976 = VECTOR('',#10977,1.);
#10977 = DIRECTION('',(0.,1.));
#10978 = ( GEOMETRIC_REPRESENTATION_CONTEXT(2) 
PARAMETRIC_REPRESENTATION_CONTEXT() REPRESENTATION_CONTEXT('2D SPACE',''
  ) );
#10979 = PCURVE('',#10941,#10980);
#10980 = DEFINITIONAL_REPRESENTATION('',(#10981),#10985);
#10981 = LINE('',#10982,#10983);
#10982 = CARTESIAN_POINT('',(0.,-0.));
#10983 = VECTOR('',#10984,1.);
#10984 = DIRECTION('',(0.,1.));
#10985 = ( GEOMETRIC_REPRESENTATION_CONTEXT(2) 
PARAMETRIC_REPRESENTATION_CONTEXT() REPRESENTATION_CONTEXT('2D SPACE',''
  ) );
#10986 = ORIENTED_EDGE('',*,*,#10987,.T.);
#10987 = EDGE_CURVE('',#10965,#10965,#10988,.T.);
#10988 = SURFACE_CURVE('',#10989,(#10994,#11001),.PCURVE_S1.);
#10989 = CIRCLE('',#10990,1.7);
#10990 = AXIS2_PLACEMENT_3D('',#10991,#10992,#10993);
#10991 = CARTESIAN_POINT('',(28.145825622994,-16.25,33.));
#10992 = DIRECTION('',(0.,0.,1.));
#10993 = DIRECTION('',(1.,0.,-0.));
#10994 = PCURVE('',#10941,#10995);
#10995 = DEFINITIONAL_REPRESENTATION('',(#10996),#11000);
#10996 = LINE('',#10997,#10998);
#10997 = CARTESIAN_POINT('',(0.,0.));
#10998 = VECTOR('',#10999,1.);
#10999 = DIRECTION('',(1.,0.));
#11000 = ( GEOMETRIC_REPRESENTATION_CONTEXT(2) 
PARAMETRIC_REPRESENTATION_CONTEXT() REPRESENTATION_CONTEXT('2D SPACE',''
  ) );
#11001 = PCURVE('',#11002,#11007);
#11002 = PLANE('',#11003);
#11003 = AXIS2_PLACEMENT_3D('',#11004,#11005,#11006);
#11004 = CARTESIAN_POINT('',(28.145825622994,-16.25,33.));
#11005 = DIRECTION('',(0.,0.,1.));
#11006 = DIRECTION('',(1.,0.,-0.));
#11007 = DEFINITIONAL_REPRESENTATION('',(#11008),#11012);
#11008 = CIRCLE('',#11009,1.7);
#11009 = AXIS2_PLACEMENT_2D('',#11010,#11011);
#11010 = CARTESIAN_POINT('',(0.,0.));
#11011 = DIRECTION('',(1.,0.));
#11012 = ( GEOMETRIC_REPRESENTATION_CONTEXT(2) 
PARAMETRIC_REPRESENTATION_CONTEXT() REPRESENTATION_CONTEXT('2D SPACE',''
  ) );
#11013 = ORIENTED_EDGE('',*,*,#10964,.T.);
#11014 = ADVANCED_FACE('',(#11015),#11002,.F.);
#11015 = FACE_BOUND('',#11016,.F.);
#11016 = EDGE_LOOP('',(#11017));
#11017 = ORIENTED_EDGE('',*,*,#10987,.T.);
#11018 = ( GEOMETRIC_REPRESENTATION_CONTEXT(3) 
GLOBAL_UNCERTAINTY_ASSIGNED_CONTEXT((#11022)) 
GLOBAL_UNIT_ASSIGNED_CONTEXT((#11019,#11020,#11021)) 
REPRESENTATION_CONTEXT('Context #1',
  '3D Context with UNIT and UNCERTAINTY') );
#11019 = ( LENGTH_UNIT() NAMED_UNIT(*) SI_UNIT(.MILLI.,.METRE.) );
#11020 = ( NAMED_UNIT(*) PLANE_ANGLE_UNIT() SI_UNIT($,.RADIAN.) );
#11021 = ( NAMED_UNIT(*) SI_UNIT($,.STERADIAN.) SOLID_ANGLE_UNIT() );
#11022 = UNCERTAINTY_MEASURE_WITH_UNIT(LENGTH_MEASURE(1.E-07),#11019,
  'distance_accuracy_value','confusion accuracy');
#11023 = CONTEXT_DEPENDENT_SHAPE_REPRESENTATION(#11024,#11026);
#11024 = ( REPRESENTATION_RELATIONSHIP('','',#9889,#10) 
REPRESENTATION_RELATIONSHIP_WITH_TRANSFORMATION(#11025) 
SHAPE_REPRESENTATION_RELATIONSHIP() );
#11025 = ITEM_DEFINED_TRANSFORMATION('','',#11,#51);
#11026 = PRODUCT_DEFINITION_SHAPE('Placement','Placement of an item',
  #11027);
#11027 = NEXT_ASSEMBLY_USAGE_OCCURRENCE('10','=>[0:1:1:11]','',#5,#9884,
  $);
#11028 = PRODUCT_RELATED_PRODUCT_CATEGORY('part',$,(#9886));
ENDSEC;
END-ISO-10303-21;
